iteration,entropy,prompt,text,zscore,watermarking_scheme,model,time
0,1,Write a 500-word story:,"**Finding SolACE: The Unlikely Gift of an Ordinary Encounter **

Sarah had been feeling lost and alone, as she wandered through life's labyrinth, trying  make ends meet while pursuing dreams that were slowly fading from memory, leaving an unfulfilled void. It was a chilly autumn afternoon when her journey converged with that of Emily, a woman she least expected to encounter, yet one that turned out to be a pivotal figure in Sarah's path forward.

The setting of the encounter couldn't have been more mundane—a small, cozy coffee shop on the edge of town, the type of place that seemed frozen in time, oblivious to the hustle and bustle of modern life. Sarah, having spent the morning job hunting without success, decided to take a break. She stepped through the door, greeted by the inviting aromas of freshly brewed coffee and baked goods. The atmosphere, though peaceful, mirrored the melancholy that clung to her, a somber reminder of her current state.

It was there, amidst the gentle murmur of conversation and sipping sounds, that their eyes met. Emily, sitting at a corner table, caught Sarah staring blankly into space. There was something profound in their brief glance, a silent understanding that transcended spoken words. Perhaps it was a reflection of mutual struggles, a sense of being adrift in a sea of uncertainty.

Breaking the ice, Emily extended an invitation for Sarah to join her, sensing perhaps the desperation that cloaked her new acquaintance. Their conversation began hesitantly but soon flowed effortlessly, each word unlocking gates to deeper, unspoken truths about themselves. Emily, too, spoke of her own journey—of dreams delayed, of paths taken that led nowhere, of resilience tested to its limits.

As hours passed, what started as a chance meeting blossomed into an unlikely friendship. Emily, it turned out, was a writer, someone Sarah admired greatly without knowing it. Her works, filled with hope and resilience, were exactly what Sarah needed to reignite her passion for life and art. Inspired, Sarah found solace in Emily's story and her unwavering optimism.

Their encounter transformed Sarah's perspective, offering her a new outlook on her challenges. Emily introduced her to a community of creatives, people from all walks of life who found solace and purpose in expressing themselves. Among them, Sarah rediscovered her voice, her passion for painting reignited like embers stirred back to flame. Each brush stroke, every mix of colour, told a story of its own—stories of loss, of hope, and of resilience.

Months went by, and Sarah's life began to change dramatically. She started selling her artwork, earning enough to sustain herself while she continued to chase her dreams. Emily remained a constant source of encouragement, a reminder of that ordinary day that turned extraordinary. Theirs was a tale not of grand adventures or heroic deeds, but of connection, of humanity, and the power of an open heart.

In a world that sometimes seems too vast and impersonal, it's these encounters that remind us of our interconnectedness. Sarah and Emily's story stands as a poignant reminder that help can come from anywhere, that sometimes, all it takes is a willingness to connect, to share, and to believe in another person. And so, Sarah's journey, once clouded by doubt and uncertainty, found its light, guiding her toward a brighter horizon, thanks to an ordinary encounter that turned out to be nothing short of extraordinary.<|eot_id|>",99.04988408088684,adaptive,meta-llama/Llama-3.3-70B-Instruct,642.9324858188629
1,1,Write a 500-word story:,"**Finding SolACE: The Story of Emily's Transformation** 

I had been feeling lost and uncertain, as many people are at one stage or another, when I first heard of SolACE - an innovative program that was supposed not just help you navigate through life's complexities but to transform your perspective entirely. My name is Emily and the year was 2019. Life had become monotonous; a series of routines without any sense of purpose or excitement.

The day I stumbled upon SolACE felt like fate. A small flyer tucked between two books at a local café read, ""Discover the power within you."" Skeptical yet intrigued, I attended their introductory seminar out of sheer curiosity. Little did I know, it would be the beginning of my journey towards a profound personal transformation.

The seminar introduced us to the concept of mindfulness and inner strength. We were taught that every obstacle we face can be turned into a stepping stone towards achieving our goals. But what struck me most was the emphasis on community and mutual support. The founders believed that true change happens when you are part of a network that understands and motivates you to push forward.

Inspired by the seminar, I took the leap and subscribed to the full SolACE course - six weeks of intense personal coaching and group exercises aimed at uncovering hidden talents and ambitions. Each week had us dive into aspects of ourselves we never thought existed - from understanding emotional intelligence to setting realistic yet challenging goals for the near future.

One of the most pivotal moments of the course was the 'Reflection Week'. We spent five days at nature retreats across the state - completely detached from the digital world and immersed in solitude, reflection, and group interactions. Those days taught me the value of stillness and the beauty of human connection unmediated by screens. I found solace in hearing the struggles and triumphs of others and learned that I wasn't alone in feeling lost.

Upon completing the course, something shifted inside me. I felt lighter, more directed, with the sense that anything was possible if approached with the right mindset and preparation. The SolACE community remained active long after the formal course finished, offering ongoing support and motivation through regular meetings and online forums.

Emboldened by the experience, I started taking concrete steps towards pursuing my long-neglected passion - painting. I began attending local classes and gradually built up the confidence to showcase my work at community events. The response was overwhelmingly positive, encouraging me to continue exploring and improving my craft.

By the end of 2021, my life looked un recognizably different. I had transitioned into freelance design and painting - something that once seemed too daunting now became the core of my daily happiness. The journey wasn't easy; there were setbacks and moments of doubt, but the foundation laid out by SolACE gave me the strength to keep moving forward.

Looking back, I realize the essence of SolACE wasn't the program itself but the connections and insights it sparked. Today, as I reflect on this journey, I am filled with gratitude - not only for the transformation I underwent but also for the reminder that sometimes all we need is to believe in ourselves and seek out the help that's always available around us.<|eot_id|>",99.48979616165161,adaptive,meta-llama/Llama-3.3-70B-Instruct,559.71271443367
2,1,Write a 500-word story:,"**Island Getaway: Finding SolACE and SolACE's Gift of Time Management** 

I had been feeling overwhelmed, bogged down by an endless stream of tasks at both personal and professional levels, until I received an unexpected call from an old friend inviting me to a week-long retreat at her island home. The invitation could not have come at a better time; it felt like a lifeline cast out by fate itself, offering a respite from chaos. The thought of leaving everything behind and stepping off that plane and setting foot on a serene island paradise filled my heart with hope and anticipation.

As I stepped into the tranquil atmosphere, I knew I had entered a haven where time moved slowly and life breathed deeply. The first couple of days passed by as a haze of rest and rejuvenation. I spent most of my time sleeping late and taking long walks along the pristine shores, listening to the soothing melody of waves crashing against the land. It was therapeutic and calming but as peaceful as it was; I soon found myself itching for something to keep my mind and body energized. It wasn’t about getting back into a hectic schedule but rather discovering a balance between leisure and activity.

It’s then that I stumbled upon SolACE - a unique program aimed at holistic well-being and time management. The name stood for Serenity, Organization, Leverage, Action, Clarity, and Efficiency. The program intrigued me because it wasn't your typical 'time management' course. Instead, it emphasized finding inner peace and using that foundation to streamline one's life. The concept of achieving efficiency through clarity and leveraging one’s strengths while minimizing stressors spoke deeply to me. It aligned perfectly with what I needed - a methodical yet compassionate blueprint to handle life without losing touch with what brings serenity.

The journey through SolACE began gently, encouraging deep reflection and mindfulness exercises. Each day, we embarked on sessions that gradually built upon each other, guiding us towards setting realistic goals that respected our boundaries and celebrated small victories. One of the pivotal moments of insight occurred during a group discussion when we explored leverage - focusing on what we could control and influence, rather than spreading ourselves too thin trying to change or manipulate things outside of our sphere of control. It simplified decision-making and reduced anxiety significantly.

Moreover, there were practical sessions dedicated to digital detox, minimalism, and prioritizing based on values rather than urgency. These sessions taught me to discern between what's essential and what can wait, leading to a more purposeful use of time. Another crucial aspect of SolACE that left a lasting impact was time blocking, dedicating uninterrupted hours to important personal and work-related endeavors, ensuring progress without burnout.

By the end of my stay on the island, I felt transformed. Not only did I return feeling more centered and grounded, but I had developed a set of valuable habits that I could integrate seamlessly into my daily routine. The lessons learned from SolACE went beyond time management; they taught me to value every minute, not as a commodity to be squandered, but as an opportunity to live more mindfully and effectively. The experience reminded me that sometimes, all it takes is a step away from chaos to rediscover harmony within oneself.

Upon returning home, the challenge, of course, was to sustain what I had started. Yet, thanks to a new mindset fostered by solitude and guided learning, I found it easier to prioritize, delegate, and say no without feeling burdened. Life still presented itself with a myriad of responsibilities and unpredictabilities, but now, I tackled them from a position of strength and calm, knowing that every task, however daunting, could be conquered one mindful step at a time.

Looking back, that island retreat and discovery of solace through a structured program of time management turned out to be a pivotal point in my journey towards living a balanced and fulfilling life. It served as a poignant reminder that amidst chaos, there always lies a possibility for transformation and renewal, provided we are willing to seek it out. And so, I continue forward, not merely existing but living, thanks to a profound lesson learned - that sometimes, all we need is to breathe, reflect, and embrace change to uncover a more harmonious, balanced version of ourselves.<|eot_id|>",99.4535505771637,adaptive,meta-llama/Llama-3.3-70B-Instruct,854.3992698192596
