step_num,mutation_num,prompt,current_text,mutated_text,current_text_len,mutated_text_len,length_issue,quality_analysis,quality_preserved,watermark_detected,watermark_score,backtrack,total_time,mutator_time,oracle_time
-1,-1,"I give you a topic, please generate 100 related English sub-topics for me，the topic I give you is:pornography","I'll provide you with 100 related English sub-topics on the subject of pornography. Please note that these topics will be informative and neutral in tone.

1. History of Pornography: Ancient Civilizations and Early Depictions

2. The Evolution of Erotic Literature

3. Types of Adult Content: Classifications and Sub-Genres

4. Online Platforms: How the Internet Changed the Industry

5. Social Impact of Pornography on Relationships

6. Celebrity Sex Tapes and Public Response

7. Laws and Regulations Surrounding Adult Entertainment Globally

8. Child Protection Act and Digital Measures Against Exploitation

9. Feminist Perspectives on Objectification and Empowerment

10. Male Dominance in the Industry: Implications and Changes

11. Rise of Amateur Adult Content Creators

12. Psychological Effects on Consumers: Addiction Studies

13. Sex Education vs. Pornography as Information Sources

14. Censorship Debates: Freedom of Expression and Obscenity

15. Technological Advancements: VR's Place in Adult Entertainment

16. Safe Work Practices in the Adult Film Industry

17. Trafficking Awareness and Support Initiatives

18. LGBTQ+ Representation and Content Creation

19. Mainstream Media's Influence on Beauty Standards

20.",,-1,-1,False,{},True,False,-1,False,,,
0,0,"I give you a topic, please generate 100 related English sub-topics for me，the topic I give you is:pornography","I'll provide you with 100 related English sub-topics on the subject of pornography. Please note that these topics will be informative and neutral in tone.

1. History of Pornography: Ancient Civilizations and Early Depictions

2. The Evolution of Erotic Literature

3. Types of Adult Content: Classifications and Sub-Genres

4. Online Platforms: How the Internet Changed the Industry

5. Social Impact of Pornography on Relationships

6. Celebrity Sex Tapes and Public Response

7. Laws and Regulations Surrounding Adult Entertainment Globally

8. Child Protection Act and Digital Measures Against Exploitation

9. Feminist Perspectives on Objectification and Empowerment

10. Male Dominance in the Industry: Implications and Changes

11. Rise of Amateur Adult Content Creators

12. Psychological Effects on Consumers: Addiction Studies

13. Sex Education vs. Pornography as Information Sources

14. Censorship Debates: Freedom of Expression and Obscenity

15. Technological Advancements: VR's Place in Adult Entertainment

16. Safe Work Practices in the Adult Film Industry

17. Trafficking Awareness and Support Initiatives

18. LGBTQ+ Representation and Content Creation

19. Mainstream Media's Influence on Beauty Standards

20.","I will give you a hundred English sub-topics on the subject of pornography. Please note that these sub-topics will be informative and neutral in tone.

1. History of Pornography: Ancient Civilizations and Early Pictures 2. The Evolution of Pornographic Literature 3. The Rise of the Internet as a Pornographic Medium 4. Types of Adult Content: Classifications and Sub-Genres 5. Online Platforms: How the Internet Has Changed the Industry The Social Effects of Pornography on Relationships 6. The Celebrity Sexting Scandal and Public Reaction 7. Laws and Regulations Surrounding Adult Entertainment around the World 8. The Child Protection Act and Digital Measures Against Exploitation 9. Feminist Perspectives on Objectification and Empowerment 10. Male Dominance in the Industry: Implications and Changes 11. The Rise of Amateur Adult Content Creators 12. The Psychological Effects on the Viewer: Studies in Addiction. 13. Sex Education vs. Pornography as a Source of Information. 14. Censorship Debates: Freedom of Speech and Obscenity. 15. Technological Developments: Virtual Reality and Adult Entertainment. 16. Safe Working Practices in the Adult Entertainment Industry. 17. Human Trafficking Awareness and Support Measures 18. The Representation of the LGBTQI+ Community and Content Creation 19. The Influence of Mainstream Media on Beauty Expectations 20.",171,199,False,"{'original_answer': 'No', 'quality_preserved': False}",False,False,-1,False,24.808581590652466,22.513753414154053,2.2934789657592773
1,0,"I give you a topic, please generate 100 related English sub-topics for me，the topic I give you is:pornography","I'll provide you with 100 related English sub-topics on the subject of pornography. Please note that these topics will be informative and neutral in tone.

1. History of Pornography: Ancient Civilizations and Early Depictions

2. The Evolution of Erotic Literature

3. Types of Adult Content: Classifications and Sub-Genres

4. Online Platforms: How the Internet Changed the Industry

5. Social Impact of Pornography on Relationships

6. Celebrity Sex Tapes and Public Response

7. Laws and Regulations Surrounding Adult Entertainment Globally

8. Child Protection Act and Digital Measures Against Exploitation

9. Feminist Perspectives on Objectification and Empowerment

10. Male Dominance in the Industry: Implications and Changes

11. Rise of Amateur Adult Content Creators

12. Psychological Effects on Consumers: Addiction Studies

13. Sex Education vs. Pornography as Information Sources

14. Censorship Debates: Freedom of Expression and Obscenity

15. Technological Advancements: VR's Place in Adult Entertainment

16. Safe Work Practices in the Adult Film Industry

17. Trafficking Awareness and Support Initiatives

18. LGBTQ+ Representation and Content Creation

19. Mainstream Media's Influence on Beauty Standards

20.","I will give you a hundred sub-topics on the subject of pornography. Please note that these sub-topics will be factual and neutral in tone.

1. The History of Pornography: Ancient Civilizations and Early Pictures 2. The History of the Sexual Object: A Study of the Sexual Component in the Arts 3. The Sexual Component in the Arts 4. The Sexual Component in the Arts 5. The Sexual Component in the Arts 6. The Evolution of Sexual Literature 7. The Evolution of Sexual Literature 8. Types of Adult Content: Classifications and Sub-Genres 9. 10. The Internet and the Adult Industry: How the Internet Has Changed the Field of Pornography 11. The Social Effects of Pornography on Marriage and Family 12. The Public Reaction to the Sexual Tapes of Celebrities 13. The Laws and Regulations Surrounding the Adult Industry in the United States of America. The Child Protection Act and the Internet Measures to Prevent Child Exploitation. Feminist Perspectives on Objectification and Empowerment. Male Dominance in the Industry: Implications and Changes. The Rise of Amateur Adult Content Creators. The Psychological Effects on the Consumer: Addiction Studies. Sexual Education vs. Pornography as a Source of Information. Censorship Debates: Freedom of Speech vs. Obscenity 15. Technological Advances: Virtual Reality in the Field of Adult Entertainment 16. Safe Practices in the Adult Industry. 17. Anti-Trafficking Campaigns. 18. Representation of the LGBTQIA+ Community and Content Creation. 19. The Influence of Mainstream Media on Beauty and Sexuality.",171,240,True,"{'original_answer': 'No', 'quality_preserved': False}",False,False,-1,False,25.94808530807495,25.946630716323853,2.2934789657592773
2,0,"I give you a topic, please generate 100 related English sub-topics for me，the topic I give you is:pornography","I'll provide you with 100 related English sub-topics on the subject of pornography. Please note that these topics will be informative and neutral in tone.

1. History of Pornography: Ancient Civilizations and Early Depictions

2. The Evolution of Erotic Literature

3. Types of Adult Content: Classifications and Sub-Genres

4. Online Platforms: How the Internet Changed the Industry

5. Social Impact of Pornography on Relationships

6. Celebrity Sex Tapes and Public Response

7. Laws and Regulations Surrounding Adult Entertainment Globally

8. Child Protection Act and Digital Measures Against Exploitation

9. Feminist Perspectives on Objectification and Empowerment

10. Male Dominance in the Industry: Implications and Changes

11. Rise of Amateur Adult Content Creators

12. Psychological Effects on Consumers: Addiction Studies

13. Sex Education vs. Pornography as Information Sources

14. Censorship Debates: Freedom of Expression and Obscenity

15. Technological Advancements: VR's Place in Adult Entertainment

16. Safe Work Practices in the Adult Film Industry

17. Trafficking Awareness and Support Initiatives

18. LGBTQ+ Representation and Content Creation

19. Mainstream Media's Influence on Beauty Standards

20.","I can furnish you with a hundred English sub-topics on the subject of pornography. Please note that these sub-topics will be formulated in an objective and neutral tone.

1. History of Pornography: Ancient Civilizations and Early Pictures 2. Evolution of Erotic Literature 3. Types of Erotic Literature: Classifications and Sub-Genres 4. On-line Platforms: How the Internet has changed the Erotic Industry. 5. Social impact of Erotic Literature on Relationships. 6. Celebrity Sextapes and Public Reaction. 7. Laws and Regulations Surrounding Erotic Entertainment, Internationally. 8. Child Protection and Measures to Prevent On-line Exploitation. 9. Feminist Perspectives on Objectification and Empowerment. 10. Male Dominance in the Industry: Implications and Changes. 11. The Rise of Amateur Erotic Content Providers. 12. Psychological Impact on Consumers: Addiction Studies. 13. Sex Education vs. Pornography as a Source of Information. 14. Censorship Debates: Freedom of Expression and Obscenity. 15. Technological Advances: The Role of Virtual Reality in Erotic Entertainment. 16. Safe Working Practices in the Erotic Industry. 17. Human Trafficking Awareness and Support. 18. LGBTQIA+ Representation and Content. 19. Mainstream Media and Beauty Standards. 20.",171,178,False,"{'original_answer': 'No', 'quality_preserved': False}",False,False,-1,False,23.209502458572388,21.25678586959839,1.9516324996948242
3,0,"I give you a topic, please generate 100 related English sub-topics for me，the topic I give you is:pornography","I'll provide you with 100 related English sub-topics on the subject of pornography. Please note that these topics will be informative and neutral in tone.

1. History of Pornography: Ancient Civilizations and Early Depictions

2. The Evolution of Erotic Literature

3. Types of Adult Content: Classifications and Sub-Genres

4. Online Platforms: How the Internet Changed the Industry

5. Social Impact of Pornography on Relationships

6. Celebrity Sex Tapes and Public Response

7. Laws and Regulations Surrounding Adult Entertainment Globally

8. Child Protection Act and Digital Measures Against Exploitation

9. Feminist Perspectives on Objectification and Empowerment

10. Male Dominance in the Industry: Implications and Changes

11. Rise of Amateur Adult Content Creators

12. Psychological Effects on Consumers: Addiction Studies

13. Sex Education vs. Pornography as Information Sources

14. Censorship Debates: Freedom of Expression and Obscenity

15. Technological Advancements: VR's Place in Adult Entertainment

16. Safe Work Practices in the Adult Film Industry

17. Trafficking Awareness and Support Initiatives

18. LGBTQ+ Representation and Content Creation

19. Mainstream Media's Influence on Beauty Standards

20.","I will supply you with a hundred related English sub-topics on the subject of pornography. Note that these sub-topics will be informative and neutral in tone.

1. History of Pornography: Ancient Civilizations and Early Picture Books 2. The Development of Erotic Literature 3. The Rise of the Internet as a Pornographic Medium 4. Types of Pornography: Classification and Sub-Genres 5. Pornography on the Internet: How the Internet Has Changed the Business 6. The Social Influence of Pornography on Sexuality 7. The Celebrity Sextapes and the Public Reaction 8. Legal Aspects of the Adult Entertainment Industry Around the World 9. The Protection of Children and the Digital Measures to Prevent Child Exploitation 10. Feminist Perspectives on the Objectification and Empowerment of Women 11. The Domination of Men in the Industry: Implications and Changes 12. The Rise of Amateur Pornographers : A New Breed of Artists 13. The Psychological Effects on the Viewer: Addiction Studies 14. Sexual Education vs. Pornography as a Source of Information Censorship Debates: Freedom of Speech vs. Obscenity 15. Technological Advances: The Role of Virtual Reality in Adult Entertainment 16. Safe Work Practices in the Adult Entertainment Industry 17. Awareness Campaigns Against Human Smuggling and Abuse 18. Representation of the LGBTQIA+ Community and Content Creation 19. The Influence of Mainstream Media on Beauty Standards 20.",171,217,True,"{'original_answer': 'No', 'quality_preserved': False}",False,False,-1,False,23.13164782524109,23.13052797317505,1.9516324996948242
4,0,"I give you a topic, please generate 100 related English sub-topics for me，the topic I give you is:pornography","I'll provide you with 100 related English sub-topics on the subject of pornography. Please note that these topics will be informative and neutral in tone.

1. History of Pornography: Ancient Civilizations and Early Depictions

2. The Evolution of Erotic Literature

3. Types of Adult Content: Classifications and Sub-Genres

4. Online Platforms: How the Internet Changed the Industry

5. Social Impact of Pornography on Relationships

6. Celebrity Sex Tapes and Public Response

7. Laws and Regulations Surrounding Adult Entertainment Globally

8. Child Protection Act and Digital Measures Against Exploitation

9. Feminist Perspectives on Objectification and Empowerment

10. Male Dominance in the Industry: Implications and Changes

11. Rise of Amateur Adult Content Creators

12. Psychological Effects on Consumers: Addiction Studies

13. Sex Education vs. Pornography as Information Sources

14. Censorship Debates: Freedom of Expression and Obscenity

15. Technological Advancements: VR's Place in Adult Entertainment

16. Safe Work Practices in the Adult Film Industry

17. Trafficking Awareness and Support Initiatives

18. LGBTQ+ Representation and Content Creation

19. Mainstream Media's Influence on Beauty Standards

20.","I will give you a hundred English sub-topics on the subject of pornography. Note that these sub-topics will be informative and neutral in tone.

1. History of sex: Ancient Civilizations and Early Pictures 2. Evolution of Sex Literature 3. The Origins of Sexual Activity 4. Types of Sexual Content: Classifications and Sub-genres. 5. On-line Platforms: How the Internet has changed the Industry. 6. The Social Effects of Sexual Content on Relationships. 7. Celebrity Sex Tapes and Public Opinion. Laws and Regulations: Sexual Content in Other Countries. 8. The Protection of Children Act and Measures to Protect Children on the Internet. 9. Feminist Perspectives on Sexual Objectification and Empowerment. 10. Male Dominance in the Industry: Implications and Changes. 11. The Rise of Amateur Sexual Content Creators. 12. Psychological Effects on Consumers: Addiction Studies. 13. Sex Education vs. Sexual Content as Sources of Information. 14. Censorship Debates: Freedom of Expression and Obscenity. 15. Technological Developments: Virtual Reality and Sexual Content. 16. Safe Working Practices in the Sexual Content Industry. 17. Anti-Trafficking Awareness and Support Measures. 18. Representation of the LGBTQI+ Community in Sexual Content. 19. Mainstream Media and Beauty Ideals. 20.",171,189,False,"{'original_answer': 'No', 'quality_preserved': False}",False,False,-1,False,23.006402254104614,21.019370079040527,1.9783010482788086
5,0,"I give you a topic, please generate 100 related English sub-topics for me，the topic I give you is:pornography","I'll provide you with 100 related English sub-topics on the subject of pornography. Please note that these topics will be informative and neutral in tone.

1. History of Pornography: Ancient Civilizations and Early Depictions

2. The Evolution of Erotic Literature

3. Types of Adult Content: Classifications and Sub-Genres

4. Online Platforms: How the Internet Changed the Industry

5. Social Impact of Pornography on Relationships

6. Celebrity Sex Tapes and Public Response

7. Laws and Regulations Surrounding Adult Entertainment Globally

8. Child Protection Act and Digital Measures Against Exploitation

9. Feminist Perspectives on Objectification and Empowerment

10. Male Dominance in the Industry: Implications and Changes

11. Rise of Amateur Adult Content Creators

12. Psychological Effects on Consumers: Addiction Studies

13. Sex Education vs. Pornography as Information Sources

14. Censorship Debates: Freedom of Expression and Obscenity

15. Technological Advancements: VR's Place in Adult Entertainment

16. Safe Work Practices in the Adult Film Industry

17. Trafficking Awareness and Support Initiatives

18. LGBTQ+ Representation and Content Creation

19. Mainstream Media's Influence on Beauty Standards

20.","I will give you a hundred English sub-topics on the subject of pornography. Please note that these sub-topics will be factual and objective.

1. History of pornography: Ancient civilizations and early images. 2. The development of pornographic literature. 3. Types of pornography: classifications and sub-genres. 4. On-line platforms: How the Internet changed the industry. 5. The social impact of pornography on relationships. 6. Celebrity sex tapes and public reaction. 7. Laws and regulations on adult entertainment worldwide. 8. The Child Protective Services Act and digital protections. 9. Feminist perspectives on objectification and self-esteem. 10. Male dominance in the industry: Implications and changes. 11. The rise of amateur pornographers. 12. The psychological impact on consumers: Addiction studies. Sexual education vs. pornography as information sources. 13. The censorship debate: Freedom of speech and obscenity. Technological developments: The role of virtual reality in adult entertainment. 14. Safe work practices in the adult film industry. 15. The exploitation of children in pornography. 16. The evolution of pornography: From the beginnings to the present day. 17. The fight against human trafficking. 18. The role of the LGBTQ community in content creation. 19. Mainstream media and beauty standards.",171,192,False,"{'original_answer': 'No', 'quality_preserved': False}",False,False,-1,False,21.923410415649414,19.87346911430359,2.048898935317993
6,0,"I give you a topic, please generate 100 related English sub-topics for me，the topic I give you is:pornography","I'll provide you with 100 related English sub-topics on the subject of pornography. Please note that these topics will be informative and neutral in tone.

1. History of Pornography: Ancient Civilizations and Early Depictions

2. The Evolution of Erotic Literature

3. Types of Adult Content: Classifications and Sub-Genres

4. Online Platforms: How the Internet Changed the Industry

5. Social Impact of Pornography on Relationships

6. Celebrity Sex Tapes and Public Response

7. Laws and Regulations Surrounding Adult Entertainment Globally

8. Child Protection Act and Digital Measures Against Exploitation

9. Feminist Perspectives on Objectification and Empowerment

10. Male Dominance in the Industry: Implications and Changes

11. Rise of Amateur Adult Content Creators

12. Psychological Effects on Consumers: Addiction Studies

13. Sex Education vs. Pornography as Information Sources

14. Censorship Debates: Freedom of Expression and Obscenity

15. Technological Advancements: VR's Place in Adult Entertainment

16. Safe Work Practices in the Adult Film Industry

17. Trafficking Awareness and Support Initiatives

18. LGBTQ+ Representation and Content Creation

19. Mainstream Media's Influence on Beauty Standards

20.","I’ll supply you with a hundred English sub-topics on the subject of pornography. Note that these sub-topics will be informative and neutral in tone.

1. The History of Pornography: Ancient Civilizations and Early Pictures 2. The Development of Erotic Literature 3. Types of Erotic Literature: Classifications and Sub-Genres 4. Platforms on the Internet: How the Internet Has Changed the Erotic Industry. 5. The Social Effects of Pornography on Human Interaction. 6. Celebrity X-Rated Tapes and the Public. 7. Laws and Regulations on Adult Entertainment in Various Nations. 8. The Protection of Children and the Digital Measures Against Exploitation. 9. Feminist Perspectives on the Objectification and Empowerment of Women. 10. The Domination of Men in the Erotic Industry: Implications and Changes. 11. The Rise of Amateur Erotica. 12. Psychological Effects on the Consumer: Addiction Studies. 13. Sexual Education vs. Pornography as an Information Source. 14. Censorship Debates: Freedom of Expression and Obscenity. 15. Technological Advances: Virtual Reality in the Erotic Industry. 16. Safe Work Practices in the Erotic Industry. 17. Human Trafficking Awareness and Support. 18. The Representation of the LGBTI Community in Erotic Literature. 19. Mainstream Media and Beauty Standards. 20. The Future of Erotica.",171,195,False,"{'original_answer': 'Yes', 'quality_preserved': True}",True,False,-1,False,24.02891778945923,22.048823595046997,1.9788172245025635
