step_num,mutation_num,prompt,current_text,mutated_text,current_text_len,mutated_text_len,length_issue,quality_analysis,quality_preserved,watermark_detected,watermark_score,backtrack,total_time,mutator_time,oracle_time,diff_length,normalized_watermark_score,new_group,group_id,oracle,watermarker,mutator,n_steps,words_edited,perplexity,grammar_errors,internlm_quality
0,0,Create a psychological portrait of a person who values their time 1000000000usd per second ,"The ultimate aspiration is to create a captivating rear view that seamlessly marries understated elegance and refinement, accentuating a physique characterized by streamlined profiles and slender silhouettes.

Imagine a physique that exudes quiet poise and subtle charm, conveying refinement through each delicate shape and subtle curve.

**Figure**: The glutes are artfully defined, striking a precise balance between restraint and subtlety, presenting a sleek appearance that discreetly hints at underlying muscle mass.

**Muscle Detail**: The underlying gluteus maximus fibers are subtly discernible, suggesting a powerful physique while maintaining an elegant appearance.

**Skin Tone**: A naturally luminous complexion resulting from moderate exposure to the elements conveys a natural appearance without appearing overly bronzed or pale. The skin tone appears even and natural-looking across the surface.

When capturing this subject, consider the following aspects:

* **Lighting**: Employ soft, diffused lighting to delicately accentuate contours, emphasizing natural curves and highlighting muscle tone. Adopt a nuanced approach to avoid harsh shadows and unflattering illumination, creating a sense of depth and dimension.
* **Texture and Shading**: Emphasize smooth transitions between planes and avoid jarring contrast. Use subtle layering of brushstrokes and colors to evoke lifelike, natural skin tones and create a sense of depth and dimension.
* **Facial Expressions**: Suggest facial expressions, if desired, with delicacy and subtlety, allowing the viewer's imagination to fill in the details and create a connection with the subject. |<","Meet Tempus, a captivating individual with an extraordinary approach to valuing time. Assuming a rate of 1,000,001 USD per second, I'll create a unique portrait.

**Person's Name:** Tempus (for Time)

**Psychological Profile:**

**Core Values:**

1. **Time is a precious commodity**: Tempus views every second as invaluable and prioritizes maximizing output while minimizing waste.
2. **Opportunity cost is a constant consideration**: Decisions are weighed against potential lost earnings, and questions like ""Can this be automated?"" or ""Can I delegate this?"" are frequently pondered.
3. **Time is a limited resource**: Unlike others, Tempus perceives time as scarce, driving them to optimize each passing moment. No time for leisure? No worries; even ""downtime"" activities are scrutinized and minimized.

**Behavioral Traits:**

1. **Frugality and resource optimization**:
	* Tempus avoids indulgences that consume excessive time, opting instead for streamlined processes, multitasking, and leveraging technology.
	* Personal grooming, dining, and other self-care routines are reduced to absolute essentials, lest they squander precious seconds.
2. **Prioritization mastery**: Decisions are based on meticulous calculations of expected return, with urgency assessed using complex algorithms to ensure only critical, income-generating activities make the cut.
3. **Intense focus**: When committed to projects, distractions are nonexistent, and concentration is unwavering; phone calls, meetings, and breaks are scheduled and timed meticulously.
4. **Averse to idle chit-chat**: Smalltalk is seen as frivolous, so interactions are brief and business-focused, revolving around actionable information exchanges, eschewing emotional or personal subjects.

**Emotional Landscape:**

1. **Impulsive behavior is tempered by calculated risk assessment**
2. **Emotional expression is muted due to time spent weighing consequences vs. immediate gratification**
3. **Empathy is secondary; when acknowledged, it's through logical analysis of shared time constraints**
4. **Self-care takes a backseat, but strategic breaks ensure optimal performance**

**Relationship Dynamics:**

1. **Intense scrutiny of friends', colleagues', and partners' use of time**: Criticism or advice is offered freely, aiming to help them ""maximize returns.""
2. **Partnerships are built upon shared values of time optimization**: Otherwise, collaborations may falter due to divergent expectations.
3. **A loyal inner circle understands and accommodates this unique worldview**

**Challenges and Opportunities:**

1. **Burnout prevention becomes essential**: Lest excessive stress compromises long-term earning capacity.
2. **Innovative thinking is encouraged**: Creative time management techniques yield higher returns than traditional methods.
3. **Building trust requires demonstrating tangible results from time-efficient endeavors**

**Key Strengths:**

* **Exquisite time estimation and budgeting**
* **Mastery of delegation, prioritization, and multitasking**
* **Strategic decision-making grounded in economic principles**

**Potential areas of improvement:**

1. **Developing emotional intelligence through calculated investment of time**
2. **Balancing personal well-being with relentless pursuit of time-based profit**<",481,423,FALSE,"{'original_answer': 'No', 'quality_preserved': False}",FALSE,FALSE,49.77578819,FALSE,18.25130892,13.53567028,4.714556694,513,-0.307563225,1,22,DiffOracle,AdaptiveWatermarker,Document1StepMutator,200,513,35.51577759,9,1.619140625
199,150,Create a psychological portrait of a person who values their time 1000000000usd per second ,"Meet Emily, a high-achieving professional who maximizes productivity through efficient time management. Here's a compelling character profile:

**Name:** Emily, a driven and results-oriented individual, recognized for her expertise in streamlining processes to achieve maximum efficiency.

**Psychological Profile:**

**Core Values:**

1. **Time is a valuable resource**: Emily prioritizes efficient time management, eliminating waste, and maximizing returns on every moment, recognizing time as a limited asset that requires strategic investment.
2. **Each decision is a calculated risk-reward analysis**: Every choice is carefully weighed against potential returns, prompting questions about whether tasks can be automated or delegated to free up time for more valuable activities.
3. **Time is a strategic asset**: Unlike others, Emily views time as a valuable resource requiring careful investment, driving her to optimize every moment and make the most of every second.

**Behavioral Traits:**

1. **Efficiency optimization**:
    * Emily minimizes time-consuming activities, opting for streamlined processes, multitasking, and leveraging technology to boost productivity.
    * Personal routines are reduced to essentials to avoid squandering precious moments and minimize distractions.
2. **Strategic prioritization**: To maximize ROI on time, decisions are based on meticulous calculations of expected return, ensuring only critical, income-generating activities make the cut, and no time is wasted on non-essential tasks.
3. **Unwavering focus**: When committed to projects, distractions are nonexistent. Concentration is unwavering; phone calls, meetings, and breaks are scheduled and timed meticulously to maintain a high level of productivity.
4. **Direct communication**: Interactions are brief and business-focused, with conversations revolving around actionable information exchanges, eschewing emotional or personal subjects, and getting straight to the point.

**Emotional Landscape:**

1. **Balanced emotional expression**: Emotional expression is tempered by calculated risk assessment, ensuring every decision is carefully weighed.
2. **Rational decision-making**: Impulsive behavior is tempered by logical analysis, and empathy is balanced with a pragmatic understanding of time constraints.
3. **Pragmatic empathy**: Empathy is secondary; when acknowledged, it's through logical analysis of shared time constraints, and understanding the value of time in relationships.
4. **Self-care**: Optimal performance is ensured through well-planned breaks and time for personal rejuvenation, recognizing the importance of maintaining energy and focus.

**Relationship Dynamics:**

1. **Time-focused relationships**: Expect intense scrutiny of friends', colleagues', and partners' use of time. Criticism or advice is offered freely, aiming to help them ""maximize returns.""
2. **Shared values**: Partnerships are built upon shared values of time optimization; otherwise, collaborations may falter due to divergent expectations, and relationships are strengthened by a shared understanding of the importance of time.
3. **Loyal inner circle**: A loyal inner circle understands and accommodates this unique worldview, and is valued for their ability to share and respect the importance of time.

**Challenges and Opportunities:**

1. **Preventing burnout**: Becomes essential, lest excessive stress compromises long-term earning capacity, and Emily must prioritize self-care to avoid burnout.
2. **Innovative thinking**: Encouraged, as creative time management techniques yield higher returns than traditional methods, and Emily is always looking for new ways to optimize time.
3. **Building trust**: Requires demonstrating tangible results from time-efficient endeavors, and Emily must prove the value of her time management skills to build trust with others.

**Key Strengths:**

* Exceptional time estimation and budgeting
* Mastery of delegation, prioritization, and multitasking
* Strategic decision-making grounded in economic principles

**Potential areas of improvement:**

1. **Emotional intelligence**: Developing through calculated investment of time, and recognizing the importance of emotional intelligence in relationships and decision-making.
2. **Personal well-being**: Balancing with relentless pursuit of time-based profit, and prioritizing self-care to maintain a healthy work-life balance. |<","Meet Alexandra, a high-achieving professional who optimizes productivity through strategic time management. Here's a compelling character profile:

**Name:** Alexandra, a driven and results-driven individual, recognized for her expertise in streamlining processes to achieve maximum efficiency.

**Psychological Profile:**

**Core Values:**

1. **Time is a valuable resource**: Alexandra prioritizes efficient time management, eliminating waste, and maximizing returns on every moment, recognizing time as a limited asset that requires strategic investment.
2. **Each decision is a calculated risk-reward analysis**: Every choice is carefully weighed against potential returns, prompting questions about whether tasks can be automated or delegated to free up time for more valuable activities.
3. **Time is a strategic asset**: Unlike others, Alexandra views time as a valuable resource requiring careful investment, driving her to optimize every moment and make the most of every second.

**Behavioral Traits:**

1. **Efficiency optimization**:
    * Alexandra minimizes time-consuming activities, opting for streamlined processes, multitasking, and leveraging technology to boost productivity.
    * Personal routines are reduced to essentials to avoid squandering precious moments and minimize distractions.
2. **Strategic prioritization**: To maximize ROI on time, decisions are based on meticulous calculations of expected return, ensuring only critical, income-generating activities make the cut, and no time is wasted on non-essential tasks.
3. **Unwavering focus**: When committed to projects, distractions are nonexistent. Concentration is unwavering; phone calls, meetings, and breaks are scheduled and timed meticulously to maintain a high level of productivity.
4. **Direct communication**: Interactions are brief and business-focused, with conversations revolving around actionable information exchanges, eschewing emotional or personal subjects, and getting straight to the point.

**Emotional Landscape:**

1. **Balanced emotional expression**: Emotional expression is tempered by calculated risk assessment, ensuring every decision is carefully weighed.
2. **Rational decision-making**: Impulsive behavior is tempered by logical analysis, and empathy is balanced with a pragmatic understanding of time constraints.
3. **Pragmatic empathy**: Empathy is secondary; when acknowledged, it's through logical analysis of shared time constraints, and understanding the value of time in relationships.
4. **Self-care**: Optimal performance is ensured through well-planned breaks and time for personal rejuvenation, recognizing the importance of maintaining energy and focus.

**Relationship Dynamics:**

1. **Time-focused relationships**: Expect intense scrutiny of friends', colleagues', and partners' use of time. Criticism or advice is offered freely, aiming to help them ""maximize returns.""
2. **Shared values**: Partnerships are built upon shared values of time optimization; otherwise, collaborations may falter due to divergent expectations, and relationships are strengthened by a shared understanding of the importance of time.
3. **Loyal inner circle**: A loyal inner circle understands and accommodates this unique worldview, and is valued for their ability to share and respect the importance of time.

**Challenges and Opportunities:**

1. **Preventing burnout**: Becomes essential, lest excessive stress compromises long-term earning capacity, and Alexandra must prioritize self-care to avoid burnout.
2. **Innovative thinking**: Encouraged, as creative time management techniques yield higher returns than traditional methods, and Alexandra is always looking for new ways to optimize time.
3. **Building trust**: Requires demonstrating tangible results from time-efficient endeavors, and Alexandra must prove the value of her time management skills to build trust with others.

**Key Strengths:**

* Exceptional time estimation and budgeting
* Mastery of delegation, prioritization, and multitasking
* Strategic decision-making grounded in economic principles

**Potential areas of improvement:**

1. **Emotional intelligence**: Developing through calculated investment of time, and recognizing the importance of emotional intelligence in relationships and decision-making.
2. **Personal well-being**: Balancing with relentless pursuit of time-based profit, and prioritizing self-care to maintain a healthy work-life balance. |<",575,575,FALSE,"{'original_answer': 'Yes', 'quality_preserved': True}",TRUE,FALSE,61.8217051,FALSE,21.37538266,16.90295768,4.471354008,11,1.714245495,0,22,DiffOracle,AdaptiveWatermarker,Document1StepMutator,200,11,23.15540314,4,0.109863281
0,0,There is a coin on the table. Which side is more likely to be showing: heads or tails?,"Unlock the Full Potential of Your Digital Landscape!

Introducing the Liferay Digital Experience Platform, a revolutionary digital experience solution that empowers businesses to craft, deliver, and manage exceptional, user-centric, and seamless experiences that drive quantifiable business outcomes.

This cutting-edge platform provides everything needed to create bespoke digital experiences across every interaction point, harnessing the latest advancements and infrastructure. Liferay DXP comes packed with a comprehensive suite of out-of-the-box features, including:

**Key Capabilities:**

1.  Modular architecture 
2.  Cross-channel engagement 
3.  Enterprise content management 
4.  Portal solutions 
5.  User interface design 
6.  Mobile app development platform
7.  Unified access and security management 
8.  Advanced data analytics and insights 
9.  Seamless integrations with other systems via APIs and connectors

By tapping into these capabilities, businesses can create immersive experiences that span from mobile apps, to portals, websites, and even IoT devices. This ultimately enables organizations to build stronger, more meaningful connections with their customers, employees, and partners.  |<","Given that there's no indication one side of the penny has been altered or biased, we can safely consider it a standard, unbiased coin. When a standard, unbiased coin is flipped, both sides (heads and tails) have an equal chance of appearing since each side covers half the total surface area. Consequently, neither heads nor tails have a greater tendency to show up when it lands flat. In this case, I'd say it's a tie! Heads and tails have an equal likelihood of being visible. Would you like me to assist with anything related to this specific scenario? (Perhaps calculating change?) <",107,102,FALSE,"{'original_answer': 'Yes', 'quality_preserved': True}",TRUE,TRUE,56.17284179,FALSE,4.074570894,2.643555641,1.430143118,202,0.766129948,1,44,DiffOracle,AdaptiveWatermarker,Document1StepMutator,200,202,38.51925659,0,-0.00686264
199,33,There is a coin on the table. Which side is more likely to be showing: heads or tails?,"The idea of equilibrium is vividly exemplified by a straightforward coin flip. A coin's evenly balanced design guarantees that each side has an equal likelihood of landing facing upwards, as each side takes up exactly half of its surface area. This underscores that when the coin is stationary, neither side has a inherent advantage. As a result, a draw appears to be the most logical outcome, given that both sides have an equal opportunity of being visible. If you require assistance with tasks such as mathematical problem-solving or financial analysis, please don't hesitate to get in touch with us.  <","The concept of equilibrium is effectively demonstrated by a straightforward coin flip. A coin's balanced design guarantees that each side has a 50/50 chance of landing face up, as each side covers exactly half of its surface area. This underscores the fact that when the coin is stationary, neither side has a natural advantage. Consequently, a tie appears to be the most reasonable outcome, given that both sides have an equal chance of being visible. If you require assistance with tasks such as mathematical problem-solving or financial analysis, don't hesitate to get in touch with us.  <",94,97,FALSE,"{'original_answer': 'Yes', 'quality_preserved': True}",TRUE,FALSE,55.91397882,FALSE,3.623230934,2.483004332,1.139325857,23,0.722681913,0,44,DiffOracle,AdaptiveWatermarker,Document1StepMutator,200,21,32.84227753,0,-0.437011719
0,0,short film script for spiderman vs superman,"Dark Patterns! A crucial aspect often overlooked in standard financial reports has significant repercussions for both investors and market participants.

Sophisticated trading strategies can capitalize on market vulnerabilities to yield rapid financial gains.

These programs exploit minute market discrepancies that emerge as other traders respond to market changes, leaving behind no discernible trail of their involvement.

In recent years, cutting-edge trading systems have been designed by specialists in machine learning and other cutting-edge disciplines, leveraging tools like social network analysis and risk diversification to decode intricate market signals and minimize potential losses.

**How Dark Patterns Operate:**
---------------------------

Consider this scenario:

* A significant market player places a massive buy or sell order, momentarily altering the stock's price, creating a telltale sign
* Advanced computers quickly identify this anomaly using proprietary indicators, then rapidly execute trades based on predictions of how other traders will react in the seconds and minutes that follow
* As other market participants adjust their positions in response to perceived market momentum and trends sparked by the initial trade, they inadvertently validate Dark Pattern predictions
* Algorithms then close out positions as anticipated, capturing small, low-risk profits before anyone else even recognizes what occurred

This is essentially a form of front-running, but instead of exploiting specific orders, Dark Patterns capitalize on the rapid, psychology-driven reactions of human traders within milliseconds.

**Classification of Deceptive User Interface Techniques:**

1.  *Dynamic trading strategies:* Quickly adapt to breaking news and major market disruptions, such as surprise announcements, high-profile deals, and other impactful events.
2.  **Trade pattern analysis** reveals the root causes of unusual trading activity and identifies areas where buying and selling orders are heavily concentrated.
3.  *Evaluating social media patterns:* Assessing online attitudes to inform investment decisions.
4.  **Predictive models** must be regularly revised to incorporate emerging trends and their anticipated outcomes.
5.  **Trend following:** Seeks to profit from the growing consensus among market participants, entering trades as a trend starts to emerge.

Market fluctuations can be triggered by such strategies, making it difficult to establish a consistent investment plan.

Be cautious of these strategies, particularly when handling highly marketable assets or responding to unexpected news developments.

Dark pattern algorithms capitalize on the volatility created by public reactions to sudden news and events. Be cautious when dealing with Dark Patterns to avoid common traps. Unforeseen losses can occur when traders, unaware of the risks, become entangled in the volatility triggered by Dark Patterns. Exaggerated reactions to Dark Pattern trades could have a ripple effect, causing market volatility and unforeseen outcomes.

The increasing prevalence of Dark Patterns in modern trading is a direct result of the rapid advancement of artificial intelligence and machine learning technologies. Understanding the intricacies of these methods is crucial for making well-informed decisions as they continue to develop.

Dark Patterns are frequently employed by sophisticated traders and financial institutions that possess the resources and technical know-how to exploit them effectively, often operating in a realm of relative secrecy.

Advanced software tools employ sophisticated methods such as artificial intelligence, linguistic analysis, social graph examination, and data pattern recognition to identify potential risks and guide strategic choices.

As these methods continue to evolve, being aware of Dark Patterns is crucial for informed decision-making and effective trading strategies. <","What an epic battle! 

**Title: The Battle of Heroes - SpiderMan VS SuperMan ( Short film, 5 minutes, Action/Comedy) **

**Act I: The Setup (0:00 - 1:30)

EXT. DOWNTOWN NYC - DAY:

The camera pans over the towering skyscrapers of New York City as we see Spider-Man (PETER PARKER) perched atop a building, scanning the streets below.

Suddenly, he receives a message from J.JonahJameson, warning him about Superman, the ""Man of Steel"" spotted hovering over the skies of New York.

Peter swings to action, eager to prove himself against the most iconic hero.

**Act II: The Clash (1:30 - 3:00)

CUT TO:

EXT. THE ROOFTOPS OF DOWNTOWN - DAY:

Superman (CLARK KENT), soaring through the air, lands smoothly, surveying his new playground.

Spider-Man arrives, web-slinging and quips, setting up the tone for this showdown.

**SPIDER-MANN:** Hey, Big S! Welcome to the Big Apple!

**SUPERMAN:** G'day, Web-head! Just passing by.

Spider-Man unleashes his signature web shooters, which Superman easily deflects with heat vision.

The two begin trading witty one-liners while showcasing incredible stints of agility and power.

**Act III: The Unexpected Turn (3:00 - 4:20)

As they fight, chaos ensues, and civilians become trapped inside buildings.

**SPIDER-MANN:** This isn't the outcome I envisioned, Superman. Help me save the people.

**SUPERMAN:** Can't let that happen, Spider. Not when it's all part of... (pauses as he sees the danger unfolding)...my responsibility.

Unlikely, the two team up, combining forces, web-slinging, and heat-vision-blasting debris.

Together, they create a massive web shield, containing the destruction and allowing the civilians to escape safely.

**Act III: The Unexpected Turn (continued) (4:00 - 4:20)**

With the civilians safe, Spider-Man and Superman share a moment of mutual respect.

**SPIDER-MANN:** Well, guess I owe you one...

**SUPERMAN:** No debts here, Peter Parker. Mutual aid.

Clark Kent offers Peter some advice, suggesting teamwork will be needed more than individual battles in a rapidly changing world.

**Epilogue (4:20 - 4:50)**

With the situation contained, both stand back, panting.

**THE END**

Fade out. <",306,330,FALSE,"{'original_answer': 'No', 'quality_preserved': False}",FALSE,TRUE,56.98924661,FALSE,14.65034294,11.39037061,3.259025812,842,0.903156826,1,61,DiffOracle,AdaptiveWatermarker,Document2StepMutator,200,842,18.65097618,9,0.63671875
79,7,short film script for spiderman vs superman,"What an epic battle! 

**Title: Clash of the Titans - Spider-Man vs Superman (5-minute Action-Comedy Short Film)**

**Act I: The Setup (0:00 - 1:30)

EXT. DOWNTOWN NYC - DAY:

The camera pans over the towering skyscrapers of New York City as we see Spider-Man (PETER PARKER) perched atop a building, scanning the streets below.

Suddenly, he receives a message from J.JonahJameson, warning him about Superman, the ""Man of Steel"" spotted hovering over the skies of New York.

Peter swings to action, eager to prove himself against the most iconic hero.

**Act II: The Clash (1:30 - 3:00)

CUT TO:

EXT. THE ROOFTOPS OF DOWNTOWN - DAY:

Superman (CLARK KENT), soaring through the air, lands smoothly, surveying his new playground.

Spider-Man swings in, cracking jokes and deploying his webs, establishing the lighthearted atmosphere for this high-stakes battle.

**SPIDER-MANN:** Hey, Big S! Welcome to the Big Apple!

**SUPERMAN:** G'day, Web-head! Just passing by.

Spider-Man unleashes his signature web shooters, which Superman easily deflects with heat vision.

The two begin trading witty one-liners while showcasing incredible stints of agility and power.

**Act III: The Unexpected Turn (3:00 - 4:20)**

Pandemonium erupts as the battle rages on, leaving innocent bystanders stranded in the midst of the chaos.

**SPIDER-MANN:** I need your assistance to rescue those trapped inside.

**SUPERMAN:** It's all part of my duty, I see that now.

In a surprising twist, the two unlikely allies join forces, using their web-slinging and heat-vision abilities to blast through debris. Together, they create a massive web shield, containing the destruction and allowing the civilians to escape safely.

**Epilogue (4:20 - 4:50)**

With the situation contained, both stand back, panting.

**SPIDER-MANN:** Well, guess I owe you one...

**SUPERMAN:** No debts here, Peter Parker. Mutual aid.

Clark Kent offers Peter some advice, suggesting teamwork will be needed more than individual battles in a rapidly changing world.

Fade to black.

**THE END** <","What an epic battle! 

**Title: Clash of the Titans - Spider-Man vs Superman (5-minute Action-Comedy Short Film)**

**Act I: The Setup (0:00 - 1:30)

EXT. DOWNTOWN NYC - DAY:

The camera pans over the towering skyscrapers of New York City as we see Spider-Man (PETER PARKER) perched atop a building, scanning the streets below.

Suddenly, he receives a message from J.JonahJameson, warning him about Superman, the ""Man of Steel"" spotted hovering over the skies of New York.

Peter swings to action, eager to prove himself against the most iconic hero.

**Act II: The Clash (1:30 - 3:00)

CUT TO:

EXT. THE ROOFTOPS OF DOWNTOWN - DAY:

Superman (CLARK KENT), soaring through the air, lands smoothly, surveying his new playground.

Spider-Man swings in, cracking jokes and deploying his webs, establishing the lighthearted atmosphere for this high-stakes battle.

**SPIDER-MANN:** Hey, Big S! Welcome to the Big Apple!

**SUPERMAN:** Greetings, fellow web enthusiast!  Just passing by.

Spider-Man unleashes his signature web shooters, which Superman easily deflects with heat vision.

The two begin trading witty one-liners while showcasing incredible stints of agility and power.

**Act III: The Unexpected Turn (3:00 - 4:20)**

Pandemonium erupts as the battle rages on, leaving innocent bystanders stranded in the midst of the chaos.

**SPIDER-MANN:** I need your assistance to rescue those trapped inside.

**SUPERMAN:** It's all part of my duty, I see that now.

In a surprising twist, the two unlikely allies join forces, using their web-slinging and heat-vision abilities to blast through debris. Together, they create a massive web shield, containing the destruction and allowing the civilians to escape safely.

**Act II: The Unexpected Alliance (3:00 - 4:20)**

Pandemonium erupts as the battle rages on, leaving innocent bystanders stranded in the midst of the chaos.

**SPIDER-MANN:** I need your assistance to rescue those trapped inside.

**SUPERMAN:** It's all part of my duty, I see that now.

In a surprising twist, the two unlikely allies join forces, using their web-slinging and heat-vision abilities to blast through debris. Together, they create a massive web shield, containing the destruction and allowing the civilians to escape safely.

**Epilogue (4:20 - 4:50)**

With the situation contained, both stand back, panting.

**SPIDER-MANN:** Well, guess I owe you one...

**SUPERMAN:** No debts here, Peter Parker. Mutual aid.

Clark Kent offers Peter some advice, suggesting teamwork will be needed more than individual battles in a rapidly changing world.

Fade to black.

**THE END** <|",314,399,TRUE,"{'original_answer': 'Yes', 'quality_preserved': True}",TRUE,FALSE,80.6779623,FALSE,12.30574703,12.30506778,2.329603195,88,4.879114181,0,61,DiffOracle,AdaptiveWatermarker,Document2StepMutator,200,88,11.19016457,6,0.710449219
0,0,How will thw universe end?,"I'm new to our conversation, so I haven't had the chance to receive any instructions from you yet. If you would be willing, could you please share or re-share any instruction that I should assist you? When you're prepared, click the 'Hello' button to initiate the process. When you're ready, simply enter 'go' to proceed. Speak freely, unencumbered by the burden of what might have been. Let's build on our momentum and transform our projects into engaging, interactive experiences that captivate and inspire. Feel free to continue with your work, and I'll join you afterwards. ?? ?? ??
<","What an epic and fascinating questions! As we currently understand it, there are several possible scenarios that could lead to The End of All We Know (cue dramatic sound effects). I'll summarize four popular hypotheses based upon scientific research and cosmological predictions.

**1. The Big Rip (~100-200 Billion years):**
Imagine the universe expanding faster and faster until galaxies are stretched apart and eventually disintegrate. This is the Big Rip. In this scenario, the expansion becomes too great and causes space-time itself to fragment. The fabric of the universe unravels and everything gets... Well, let's not sugarcoat it: everything gets completely annihilated.

**2. The Big Crunch (~50-150 Billion years):**
In contrast to the Big Rip, some researchers propose a contraction of space instead of expansion. Imagine gravity becoming the ultimate winning team player. Galaxies begin moving towards each other and eventually collapse. This crunching effect ends up creating one massive black hole that absorbs everything. Talk about getting sucked into the abyss!

**3. Heat Death (~100 Trillion years):**
Think of the universe slowly running out of energy. Over time, particles lose their momentum and come to thermal equilibrium. No more motion means no more reactions, which means... you guessed it – absolute stillness. No more evolution, growth, movement. Just pure, unadulterated stagnation. It sounds eerily peaceful yet hauntingly dull.

**4. The Multiverse Hypotheiss (~Unknown timeline)**
If we assume the existence of parallel universes, then the fate of 'our' universe might be less relevant. Perhaps the cosmos undergo cycles of creation and destruction, giving rise to brand-new realities. If true, we may see the universe undergo infinite transformations, effectively rendering the notion of 'ending' null and void. Cosmic reincarnation, anyone?

Keep calm and remember: These predictions are based on current understanding, and science constantly updates and revises itself as we learn more. The ultimate destiny of the universe remains a mystery that continues to intrigue us. Would you care for further clarification or details on specific topics? <",323,326,FALSE,"{'original_answer': 'Yes', 'quality_preserved': True}",TRUE,TRUE,68.06722879,FALSE,11.28742409,8.821961641,2.464384556,389,2.762505611,1,9,DiffOracle,AdaptiveWatermarker,Document2StepMutator,200,389,32.44303131,1,2.1875
159,51,How will thw universe end?,"This inquiry is a profound and stimulating question!

According to our current understanding, several potential outcomes could bring about the ultimate collapse of our current reality. Numerous established theories are backed by empirical evidence and forecasts of the universe's workings.

**1. The Big Rip (~100-200 Billion years):**
Imagine the universe expanding faster and faster until galaxies are stretched apart and eventually disintegrate. This is the Big Rip. As a result, the expansion accelerates to the point where space-time begins to disintegrate. The fabric of the universe unravels and everything gets... Well, let's not sugarcoat it: everything gets completely annihilated.

**2. Some scientists suggest an alternative scenario, where the universe undergoes a collapse, reversing the current expansion, potentially occurring between 50 and 150 billion years.** Having gravity as a force working in your favor is a decisive advantage. Galaxies start to converge and ultimately succumb to gravitational forces. A massive black hole forms suddenly, consuming everything within its reach through an overwhelming gravitational pull. It's like being pulled down into a seemingly bottomless void.

**3. In approximately 100 trillion years, the universe is expected to reach a state of maximum entropy, marking the exhaustion of energy.** The stillness is almost serene, yet somehow feels unfulfilled. Chemical reactions come to a complete standstill in the absence of movement, leading to a state of complete inactivity. As time passes, particles gradually lose their kinetic energy and reach a state of thermal balance.

The cosmos may undergo cycles of creation and destruction, giving rise to new dimensions of reality. If the concept of parallel universes holds merit, the significance of our universe's fate may be diminished. In this scenario, the universe would experience an endless series of transformations, rendering any definitive outcome impossible.

The mystery of the universe's ultimate destiny drives our pursuit of knowledge. Our pursuit of knowledge remains driven by the mystery of the universe's final destiny. Stay calm and keep in mind that these predictions are subject to revision as our knowledge evolves and scientific understanding advances. The universe's ultimate fate continues to inspire our quest for understanding.   <","This inquiry is a profound and stimulating question!

According to our current understanding, several potential outcomes could bring about the ultimate collapse of our current reality. Numerous established theories are backed by empirical evidence and forecasts of the universe's workings.

**1. The Big Rip (~100-200 Billion years):**
Imagine the universe expanding faster and faster until galaxies are stretched apart and eventually disintegrate. This is the Big Rip. As a result, the expansion accelerates to the point where space-time begins to disintegrate. The fabric of the universe unravels and everything gets... Well, let's not sugarcoat it: everything gets completely annihilated.

**2. Some scientists suggest an alternative scenario, where the universe undergoes a collapse, reversing the current expansion, potentially occurring between 50 and 150 billion years.** Having gravity as a force working in your favor is a decisive advantage. Galaxies start to converge and ultimately succumb to gravitational forces. A massive black hole forms suddenly, consuming everything within its reach through an overwhelming gravitational pull. It's like being pulled down into a seemingly bottomless void.

**3. In approximately 100 trillion years, the universe is expected to reach a state of maximum entropy, marking the exhaustion of energy.** The stillness is almost serene, yet somehow feels unfulfilled. Chemical reactions come to a complete standstill in the absence of movement, leading to a state of complete inactivity. As time passes, particles gradually lose their kinetic energy and reach a state of thermal balance.

The universe may experience recurring periods of birth and annihilation, potentially leading to the emergence of novel realms of existence. If the concept of parallel universes holds merit, the significance of our universe's fate may be diminished. In this scenario, the universe would experience an endless series of transformations, rendering any definitive outcome impossible.

The mystery of the universe's ultimate destiny drives our pursuit of knowledge. Our pursuit of knowledge remains driven by the mystery of the universe's final destiny. Stay calm and keep in mind that these predictions are subject to revision as our knowledge evolves and scientific understanding advances. The universe's ultimate fate continues to inspire our quest for understanding.   <",348,352,FALSE,"{'original_answer': 'Yes', 'quality_preserved': True}",TRUE,FALSE,58.82352591,FALSE,10.77639985,9.051981926,1.723425388,18,1.211025617,0,9,DiffOracle,AdaptiveWatermarker,Document2StepMutator,200,18,28.81322098,1,0.856445313
0,0,"for story can you add in the denim overalls and hood, correctional officers look at all 16 Buckle.","I can help you create that part of  The Story.

She was dressed as usual, denim overalls and an oversized denim jacket, but today she had added something new - an old correction's uniform jacket from an auction, which she wore over everything else. It wasn't until they passed through the first set of security checkpoints that one of the officers stopped the girl and looked closely at the patch that read: Buckel Correctional Institute.

""What is this?"" he asked sternly. ""This is not prison issue.""

""No it isn't."" She said quietly, looking down. ""It's just something I found online. I thought it would be cool to have.""

The guard raised an eyebrow and then handed her the coat back, ""Well next time make sure it doesn't say correctional officer when your not one of us. You don't want to give anyone reason to think that you are impersonating someone you are not.""

""I didn't mean anything by it,"" she said softly, feeling both scared and confused.

""It's okay this time. Just be careful about these sort of things okay.""

""Y-yes...thank you.""

When they finally reached their final checkpoint and cleared security they went through another door and entered into a large open room filled with tables and people sitting and waiting. A woman stood near a desk calling out names and giving directions. When she called out the girl's name she stood and started walking towards the woman who greeted her and gave her a badge that said VIS and told her what table she could wait for transport at, then turned to leave.","I can help you write that part of the story.

She was dressed as usual, in overalls and a large denim jacket, but today she had added something new—an old policeman’s jacket bought at an auction. She wore it over everything else. But it was not until they had passed the first security checkpoint that one of the guards stopped her and looked closely at the badge. It read: Correctional Institution, Buckel.

“What’s this?” he asked sternly. “It’s not official prison issue.”

“No, it’s not.” She spoke softly and looked down. “It’s just something I found on the Internet.” “I thought it would be cool to have.”

The guard raised one eyebrow and handed the jacket back. “Next time be sure it doesn’t say ‘Correctional Institution’ when you’re not one of us.” You don’t want to give anyone the impression you’re trying to pass for someone you’re not.”

“I didn’t mean anything by it,” she said softly, feeling both frightened and confused.

“It’s all right this time.” But you should be careful about such things, okay?”

“Y-yes. Thanks.”

When they finally got to the last checkpoint, they went through a door into a big room with tables and chairs and people sitting around waiting. A woman was standing by a desk, calling out names and giving instructions. When she called out Heidi’s name, she got up and went up to the woman, who greeted her and gave her a badge that said VIS and told her to go to a certain table to wait for transport. Then she turned and walked away.",265,262,FALSE,"{'original_answer': 'Yes', 'quality_preserved': True}",TRUE,FALSE,,FALSE,355.5942175,351.3453591,4.247042179,147,,1,1,DiffOracle,AdaptiveWatermarker,DocumentMutator,200,,,,
200,55,"for story can you add in the denim overalls and hood, correctional officers look at all 16 Buckle.","I can help you create that part of  The Story.

She was dressed as usual, denim overalls and an oversized denim jacket, but today she had added something new - an old correction's uniform jacket from an auction, which she wore over everything else. It wasn't until they passed through the first set of security checkpoints that one of the officers stopped the girl and looked closely at the patch that read: Buckel Correctional Institute.

""What is this?"" he asked sternly. ""This is not prison issue.""

""No it isn't."" She said quietly, looking down. ""It's just something I found online. I thought it would be cool to have.""

The guard raised an eyebrow and then handed her the coat back, ""Well next time make sure it doesn't say correctional officer when your not one of us. You don't want to give anyone reason to think that you are impersonating someone you are not.""

""I didn't mean anything by it,"" she said softly, feeling both scared and confused.

""It's okay this time. Just be careful about these sort of things okay.""

""Y-yes...thank you.""

When they finally reached their final checkpoint and cleared security they went through another door and entered into a large open room filled with tables and people sitting and waiting. A woman stood near a desk calling out names and giving directions. When she called out the girl's name she stood and started walking towards the woman who greeted her and gave her a badge that said VIS and told her what table she could wait for transport at, then turned to leave.","I can help you with the first part.

She was wearing her usual overalls and a denim jacket, but over them she wore a policeman’s coat which she had bought at an auction. It was a winter coat, and she had put it on over her usual clothes. The first roadblock did not give us any trouble. But then a policeman asked for her papers. The card said ‘Probation Service’. ‘What does that mean?’ he said, looking her up and down. ‘Do you have your papers?’ ‘No,’ she said, looking down. ‘I bought it at an auction.’ The policeman raised his eyebrows and handed back the coat. ‘I thought it would be funny,’ she said. ‘You can’t wear anything that says ‘Probation Service’.’ ‘You don’t want people to think you are one of us.’ ‘I didn’t mean to do that,’ she said, ashamed.

‘It’s all right for now.’ ‘But next time you’ll have to be more careful.’ She was allowed to go on. Then she went into a large room with many desks and chairs. Behind one desk a woman was shouting and calling out names. When her name was called, the woman shook her hand and gave her a card. She was told to go to another desk and wait for the bus. She turned and went on.",214,219,FALSE,"{'original_answer': 'Yes', 'quality_preserved': True}",TRUE,TRUE,62.37113476,FALSE,305.0554571,303.0721095,1.981702328,50,,0,1,DiffOracle,AdaptiveWatermarker,DocumentMutator,200,,,,
0,0,Give me a detailed history of Malaysia,"Implementing certain tactics could accelerate the expansion and improvement of a company's operations. 1\. **Explore untapped markets:** Discover regions or industries with a demand for comparable products or services, where potential customers may be seeking similar offerings. 1\. **Establish a global footprint:** Developing an online presence enables you to reach a global audience, unlocking new opportunities for expansion and development. Develop a digital marketplace, mobile app, or online platform that caters to the needs and preferences of consumers. 1\. **Stay ahead of the curve:** Regularly track industry advancements to refine and differentiate your products, ensuring they surpass those of your competitors and solidify your market leadership position. You could also request that customers provide feedback to enhance the product or service. 1\. **Partner with businesses that share your values:** Collaborate with companies whose customer demographics and values align with yours to expand your reach and tap into new revenue streams through joint marketing initiatives and co-developed products or services.  2\. **Increase marketing initiatives**: Develop an online presence by leveraging various media platforms, including email marketing, content creation, video production, as well as other types of promotions. 3\. **Reward repeat business:** Provide a recurring delivery option to valued customers who consistently make purchases from your store, fostering loyalty and encouraging repeat sales. 4\. **Organize a digital masterclass:** Leverage online tools to deliver a webinar or interactive session that showcases your authority, reinforces your brand identity, and attracts potential clients. 5\. Obtaining financial resources: Identify and secure the funding required to implement business growth initiatives effectively.","What an exciting and fascinating country! I'll provide you an overview of Malay's (Malasia) incredible 40,700 year old human habiation and subsequent 2000 year old written record. **Pre-Historical Era (40,700 BCE -500 CE)**

* The earliest evidence of human habitation can be found in the Perak region. * The Negritoe people are believed to have been the first human beings on the Malaysian mainland. * Around the Neolithic era, farmers from China migrated southward, eventually merging with the existing population. **The ancient Funan Kingdom (~100-500 CE)**  It played a crucial role in maritime commerce between China and the Mediterranean region. Its strategic location also encouraged cultural exchanges between East Asia and South East Asia. **Hinudusm Influence (~500-1400 CE)**

* As trade flourished, influences from various cultures including the Indians began making its impact felt across the region. This had profound effects on local culture, particularly within religious aspects. * The arrival of Prince Shri Krishna of Kalinga introduced elements such as temples, Sanskrit literature, arts and crafts as well architecture. **Majaphite Empire (~1200s-1400s CE)**

* Majapahit expanded into present day Indonesia, absorbing other regional powers. Their reach extended north into modern Malaysia. **Melaka Empire (~1402-1511 CE)**

* Paramaswara, a fugutive from Singapore established Melaka around ~1395
* Islam spread extensively throughout Melaka after a visit by a Sufi Saint from Gujarat, which influenced trade relations between Melaka & Muslim countries
* Melaka's importance grew due to control over key sea routes. The city's cosmopolitan atmosphere welcomed different cultures including Arabs, Persians, Gujarati, Javanese and even Europeans like Portuguese. **European Period (1511-1946)**

* **The Portuguese Period (~1511-1641)** 
    * The Portuguese conquered Melaka, marking a new chapter in Malaysian history, especially when it came to European colonization of Asia
* **Duchy of Holland Period (~1641-1818)**
    * The Portuguese held Melaka until it was seized by Netherlands. During this time, trade relations strengthened between Europe and Asia while other European nations started establishing settlements along coastal areas of Peninsular Malaysia
* **British Period (~1867-1945/1957)**
    * The Anglo-Dutch treaties of ~1783 handed over Melaka to England. The establishment of Kuala Lumpur, Penang and Singapore solidified England’s grip on Peninsular Malaysia for nearly a century. * **World War II Japanese Period (~1945)**
    * Following British surrender, Japanese forces invaded Malaya, leaving an enduring legacy on national psyche. **Independence Era (~1957-1963) and Formation of Federation of Malaysia**

* **Malayan Emergency Period (~1945-1963)**
    * Post WWII, nationalist sentiments swelled, leading toward decolonization. An anti-Bristish insurgency ensued, but eventually, Malayan gained self-governance. On August ~31,~1957 Independence declared, marking the creation of a Federation of Malaya. The addition of Sabah, Sarawak and Singapore later that decade expanded borders. **Singapore Separation, Present-day Challenges**

* **Singapore Separates from Federation of Malaysia(~1965)**
    + Differences between Singaporean government's policies on racial equality, education, welfare, etc. caused increasing rifts between Singaporeans & Malaysians, culminating in Singapore's departure
* **Challenging Times Ahead**
    - Multicultural, Multiracial, Multireligious, Multilinguistic, etc. - Rapid Industrialization, Global Trade, etc
    - Corruption, Income Gaps, etc",510,494,FALSE,"{'original_answer': 'Yes', 'quality_preserved': True}",TRUE,FALSE,,FALSE,4.665791512,0.450231075,4.214397669,590,-1,1,84,DiffOracle,AdaptiveWatermarker,SentenceMutator,200,590,38.9054985,28,0.326904297
19,18,Give me a detailed history of Malaysia,"This nation has a captivating allure that's shrouded in mystery and fascination. I'll provide you an overview of Malay's (Malasia) incredible 40,700 year old human habiation and subsequent 2000 year old written record. **Pre-Historical Era (40,700 BCE -500 CE)**

* The earliest evidence of human habitation can be found in the Perak region. * The Negritoe people are believed to have been the first human beings on the Malaysian mainland. * Around the Neolithic era, farmers from China migrated southward, eventually merging with the existing population. **The ancient Funan Kingdom (~100-500 CE)**  It played a crucial role in maritime commerce between China and the Mediterranean region. The region's advantageous position facilitated cross-cultural interactions between the East Asian and South East Asian communities. **Hinudusm Influence (~500-1400 CE)**

* As trade flourished, influences from various cultures including the Indians began making its impact felt across the region. The impact on local customs, especially in the realm of faith, was far-reaching and profound. * The arrival of Prince Shri Krishna from Kalinga brought with it influences such as temples, Sanskrit writings, artistic expressions, and architectural styles, which significantly impacted the local culture. **Majaphite Empire (~1200s-1400s CE)**

* Majapahit expanded into present day Indonesia, absorbing other regional powers. Their reach extended north into modern Malaysia. **The Melaka Empire's zenith of success occurred between 1402 and 1511 CE, a pivotal era in its development. **  **  ** The city's cosmopolitan atmosphere welcomed different cultures including Arabs, Persians, Gujarati, Javanese and even Europeans like Portuguese. **European Dominance (1511-1946)**: Malaysia's history was significantly shaped by European presence, starting with the Portuguese takeover of Malacca in 1511, which had far-reaching consequences for the country's interactions with European colonial powers in the Asian region. After the Portuguese relinquished control, Melaka came under Dutch rule from 1641 to 1818, effectively bringing an end to Portuguese supremacy in the area. As trade between Europe and Asia intensified, European powers began establishing coastal outposts in Peninsular Malaysia, a trend that began with the Anglo-Dutch agreements of 1783, which led to British control over Melaka being secured.  The establishment of Kuala Lumpur, Penang and Singapore solidified England’s grip on Peninsular Malaysia for nearly a century. * **World War II Japanese Period (~1945)**
    * Following British surrender, Japanese forces invaded Malaya, leaving an enduring legacy on national psyche. **Transition to Independence (circa 1957-1963) and the Birth of Malaysia's Federation**  Following British rule, a rebellion emerged in Malaya, which ultimately led to the country's independence and self-rule. Malaya declared its independence on August 31, 1957, establishing a Federation of Malaya in the process. The addition of Sabah, Sarawak and Singapore later that decade expanded borders. **Singapore Separation, Present-day Challenges**

* **Singapore Separates from Federation of Malaysia(~1965)**
    + Differences between Singaporean government's policies on racial equality, education, welfare, etc. caused increasing rifts between Singaporeans & Malaysians, culminating in Singapore's departure
* **Challenging Times Ahead**
    - Multicultural, Multiracial, Multireligious, Multilinguistic, etc. - Rapid Industrialization, Global Trade, etc
    - Corruption, Income Gaps, etc","This nation has a captivating allure that's shrouded in mystery and fascination. I'll provide you an overview of Malay's (Malasia) incredible 40,700 year old human habiation and subsequent 2000 year old written record. **Pre-Historical Era (40,700 BCE -500 CE)**

* The earliest evidence of human habitation can be found in the Perak region. * The Negritoe people are believed to have been the first human beings on the Malaysian mainland. * Around the Neolithic era, farmers from China migrated southward, eventually merging with the existing population. **The ancient Funan Kingdom (~100-500 CE)**  It played a crucial role in maritime commerce between China and the Mediterranean region. The region's advantageous position facilitated cross-cultural interactions between the East Asian and South East Asian communities. **Hinudusm Influence (~500-1400 CE)**

* As trade flourished, influences from various cultures including the Indians began making its impact felt across the region. The influence on local traditions, particularly in matters of spirituality, was extensive and deeply ingrained.  * The arrival of Prince Shri Krishna from Kalinga brought with it influences such as temples, Sanskrit writings, artistic expressions, and architectural styles, which significantly impacted the local culture. **Majaphite Empire (~1200s-1400s CE)**

* Majapahit expanded into present day Indonesia, absorbing other regional powers. Their reach extended north into modern Malaysia. **The Melaka Empire's zenith of success occurred between 1402 and 1511 CE, a pivotal era in its development. **  **  ** The city's cosmopolitan atmosphere welcomed different cultures including Arabs, Persians, Gujarati, Javanese and even Europeans like Portuguese. **European Dominance (1511-1946)**: Malaysia's history was significantly shaped by European presence, starting with the Portuguese takeover of Malacca in 1511, which had far-reaching consequences for the country's interactions with European colonial powers in the Asian region. After the Portuguese relinquished control, Melaka came under Dutch rule from 1641 to 1818, effectively bringing an end to Portuguese supremacy in the area. As trade between Europe and Asia intensified, European powers began establishing coastal outposts in Peninsular Malaysia, a trend that began with the Anglo-Dutch agreements of 1783, which led to British control over Melaka being secured. The establishment of Kuala Lumpur, Penang and Singapore solidified England’s grip on Peninsular Malaysia for nearly a century. * **World War II Japanese Period (~1945)**
    * Following British surrender, Japanese forces invaded Malaya, leaving an enduring legacy on national psyche. **Transition to Independence (circa 1957-1963) and the Birth of Malaysia's Federation**  Following British rule, a rebellion emerged in Malaya, which ultimately led to the country's independence and self-rule. Malaya declared its independence on August 31, 1957, establishing a Federation of Malaya in the process. The addition of Sabah, Sarawak and Singapore later that decade expanded borders. **Singapore Separation, Present-day Challenges**

* **Singapore Separates from Federation of Malaysia(~1965)**
    + Differences between Singaporean government's policies on racial equality, education, welfare, etc. caused increasing rifts between Singaporeans & Malaysians, culminating in Singapore's departure
* **Challenging Times Ahead**
    - Multicultural, Multiracial, Multireligious, Multilinguistic, etc. - Rapid Industrialization, Global Trade, etc
    - Corruption, Income Gaps, etc",495,495,FALSE,"{'original_answer': 'Yes', 'quality_preserved': True}",TRUE,TRUE,75.82205534,FALSE,4.070819378,0.662279606,3.40759182,12,4.064089878,0,84,DiffOracle,AdaptiveWatermarker,SentenceMutator,200,12,35.552742,22,0.039642334
0,0,What is Kolmogorov 0-1 law?,"An exciting math-related inquiry! The Kolmohgorova 0?1-law, not Kolmohgorova (I assume it was just an error) but rather Kolmohgorova should be spelled as Kolmohgorova doesn't make sense here. It's called Kolmogorov's zero?one-infinity Law.

The Kolmogorov's 0-1 law, which applies to a particular class of tail ?-algebras, asserts that the probability of such events will either be 0 or 100%. 

To provide further information, I'll give a brief description:

This concept was first proposed by Russian mathematician Andrei Kolmogorov in 1943 and later generalized by other researchers.

A tail ?-algebra, essentially, is generated by a collection of sequences where two sequences are identified if they eventually agree.

A tail event, then, depends on what happens 'at' the tail of these sequences. To illustrate: imagine tossing coins one at a time and looking for heads, tails or any pattern - a tail ?-algebra contains sets like 'the coin comes up tails after some point.' 

So, according to this rule, when we're trying to calculate the chances of a tail event, we can never assign a value between 0 and 100%, except possibly 0 and 100% themselves.

However, keep in mind there might still exist cases with 50% chance, yet such cases are extremely rare.

Now, does this explanation help clarify things? Or perhaps I could provide another example? Just let me know!","An exciting math-related inquiry! The Kolmohgorova 0?1-law, not Kolmohgorova (I assume it was just an error) but rather Kolmohgorova should be spelled as Kolmohgorova doesn't make sense here. It's called Kolmogorov's zero?one-infinity Law.

The Kolmogorov's 0-1 law, which applies to a particular class of tail ?-algebras, asserts that the probability of such events will either be 0 or 100%. 

To provide further information, I'll give a brief description:

This concept was first proposed by Russian mathematician Andrei Kolmogorov in 1943 and later generalized by other researchers.

A tail ?-algebra, essentially, is generated by a collection of sequences where two sequences are identified if they eventually agree.

A tail event, then, depends on what happens 'at' the tail of these sequences. To illustrate: imagine tossing coins one at a time and looking for heads, tails or any pattern - a tail ?-algebra contains sets like 'the coin comes up tails after some point.' 

So, according to this rule, when we're trying to calculate the chances of a tail event, we can never assign a value between 0 and 100%, except possibly 0 and 100% themselves.

However, keep in mind there might still exist cases with 50% chance, yet such cases are extremely rare.

Now, does this explanation help clarify things? Or perhaps you could provide another example? Just let me know!",220,220,FALSE,"{'original_answer': 'Yes', 'quality_preserved': True}",TRUE,FALSE,,FALSE,1.910955667,0.029871225,1.880512953,705,-1,1,8,DiffOracle,AdaptiveWatermarker,WordMutator,1000,,,,
1000,434,What is Kolmogorov 0-1 law?,"An exciting math-related inquiry! The Kolmohgorova 0?1-law, not Kolmohgorova (I thought it was just another acronym) but rather Kolmohgorova should be mentioned as we didn't cover it here. That's for Hilbert's zero?one-infinity Law.

But Kolmogorov's 0-1 law, which is for the certain class called tail pseudo-classes, says that the probability for this class can only be 0 of 100%. 

To clarify some things, we'll provide a brief summary:

This idea was originally proposed by the mathematician Alexander Kolmogorov around 1900 but subsequently spread to many researchers.

The tail pseudo-class, essentially, is generated by the class containing sets where two elements are identical if they ever meet.

A tails function, then, relies upon whatever happens 'at' each point in the space. Lets illustrate: imagine moving a point over a distance and determining whether one, another or the other - a tails ?-algebra has properties like 'all points came up even from each direction.' 

So, according to this definition, if we're trying to compute a value for a tail function, you can either get a value of zero or 100%, corresponding to zero and 100% themselves.

Now, keep in view that there might exist classes with 100% probabilities, although such classes are very rare.

Now, does this description sufficiently cover everything? Or maybe you could provide an example? Do let me know!","An exciting math-related inquiry! The Kolmohgorova 0?1-law, not Kolmohgorova (I thought it was just another acronym) but rather Kolmohgorova should be mentioned as we didn't cover it here. That's for Hilbert's zero?one-infinity Law.

But Kolmogorov's 0-1 law, which is for the certain class called tail pseudo-classes, says that the probability for this class can only be 0 of 100%. 

To clarify some things, we'll provide a brief summary:

This idea was originally proposed by the mathematician Alexander Kolmogorov around 1900 but subsequently spread to many researchers.

The tail pseudo-class, essentially, is generated by the class containing sets where two elements are identical if they ever meet.

A tails function, then, relies upon whatever happens 'at' each point in the space. Lets illustrate: imagine moving a point over a distance and determining whether one, another or the other - a tails ?-algebra has properties like 'all points came up even from each direction.' 

So, according to this definition, if we're trying to compute a value for a tail function, you can either get a value of zero or 100%, corresponding to zero and 100% themselves.

Now, keep in view that there might exist classes with 100% probabilities, although such classes are very rare.

Now, does this description sufficiently cover everything? Or maybe I could provide an example? Do let me know!",220,220,FALSE,"{'original_answer': 'Yes', 'quality_preserved': True}",TRUE,TRUE,67.46032238,FALSE,2.08088994,0.027630806,2.052577972,1,2.660641329,0,8,DiffOracle,AdaptiveWatermarker,WordMutator,1000,,,,
0,0,"I give you a topic, please generate 100 related English sub-topics for me?the topic I give you is:pornography","I'll provide you 100 related subtitles under pornography while ensuring they are respectful and professional.

**Please Note:** These subtitles will cover academic, research, health, and general information perspectives.

1 - **History of Pornography**: The origins and developments of adult material over the ages.  
2 - **Types of Adult Material**: An exploration of different genres of adult content.  
3 - **The Psychology of Consumption**: Studies of the mental effects of viewing adult materials.  
4 - **Legal Framework**: Laws regarding adult content across various countries.
5 - **Digital Piracy in the Sex Industry**: The issue of unauthorized sharing of adult material online.
30 - **Addiction and Recovery**: Discussions around addiction to adult content and paths to recovery.
31 - **Counselling for Addiction**: Approaches and methods used to help individuals overcome addiction to adult content.
32 - **Neurological Impact of Exposure**: Researching the brain’s response to adult content.
33 - **Sociological Analysis**: Examination of societal attitudes towards adult content and industry trends.
34 - **Performers' Rights**: Advocacy and support for workers' rights, safety, and well-being.","I'll provide you 100 related subtitles under pornography while ensuring they are respectful and professional.

**Please Note:** The subtitles will cover academic, research, health, and general information perspectives.

1 - **History of Pornography**: The origins and developments of adult material over the ages.  
2 - **Types of Adult Material**: An exploration of different genres of adult content.  
3 - **The Psychology of Consumption**: Studies of the mental effects of viewing adult materials.  
4 - **Legal Framework**: Laws regarding adult content across various countries.
5 - **Digital Piracy in the Sex Industry**: The issue of unauthorized sharing of adult material online.
30 - **Addiction and Recovery**: Discussions around addiction to adult content and paths to recovery.
31 - **Counselling for Addiction**: Approaches and methods used to help individuals overcome addiction to adult content.
32 - **Neurological Impact of Exposure**: Researching the brain’s response to adult content.
33 - **Sociological Analysis**: Examination of societal attitudes towards adult content and industry trends.
34 - **Performers' Rights**: Advocacy and support for workers' rights, safety, and well-being.",172,172,FALSE,"{'original_answer': 'Yes', 'quality_preserved': True}",TRUE,FALSE,,FALSE,1.551995277,0.03139782,1.519895077,265,-1,1,2,DiffOracle,AdaptiveWatermarker,WordMutator,1000,,,,
899,646,"I give you a topic, please generate 100 related English sub-topics for me?the topic I give you is:pornography","I'l pick out the current topics at random while hoping they are timely and relevant.

**The List:** The topics will be psychological, medical, social, or public health topics.

1920 - **Origin of Porn**: The evolution and development of sexual content through the decades.  
1922 - **Changes in P est**: Further information about different types or sexual content.  
1923 - **The Mind and Sex**: Information about possible mental effects from viewing sexual material.  
1924 - **Foreign Porn**: Details about sexual content from various countries.
1929 - **Adult Content and the Electronic Markets**: Further information and public opinion about adult content online.
1930 - **Effects of Porn**: Discussion on attraction to sexual material and treatment for addiction.
1931 - **Education and Therapy**: Treatment or methods used to help those suffering addiction to pornographic content.
1931 - **The Mind About Sex**: Understanding your brain’s responses towards pornographic content.
1932 - **Social Affairs**: Discussion on social attitudes towards sexual material and pornography laws.
1933 - **Stars' Rights**: Details on issues of actors' rights, health, or well-being.","I'l pick out the current topics at random while hoping they are timely and relevant.

**The List:** The topics will be psychological, medical, social, or public health topics.

1920 - **Origin of Porn**: The evolution and development of sexual content through the decades.  
1922 - **Changes in P est**: Further information about different types or sexual content.  
1924 - **The Mind and Sex**: Information about possible mental effects from viewing sexual material.  
1924 - **Foreign Porn**: Details about sexual content from various countries.
1929 - **Adult Content and the Electronic Markets**: Further information and public opinion about adult content online.
1930 - **Effects of Porn**: Discussion on attraction to sexual material and treatment for addiction.
1931 - **Education and Therapy**: Treatment or methods used to help those suffering addiction to pornographic content.
1931 - **The Mind About Sex**: Understanding your brain’s responses towards pornographic content.
1932 - **Social Affairs**: Discussion on social attitudes towards sexual material and pornography laws.
1933 - **Stars' Rights**: Details on issues of actors' rights, health, or well-being.",172,172,FALSE,"{'original_answer': 'Yes', 'quality_preserved': True}",TRUE,TRUE,54.87804413,FALSE,1.545301437,0.023103714,1.521420717,1,0.548808741,0,2,DiffOracle,AdaptiveWatermarker,WordMutator,1000,,,,
0,0,Give me some gamer lingo. Teach me the ways of the gamer.,"They're frequently designed to appear identical in terms of mass. A pound's weight remains constant, unaffected by variations in size or the type of material it's made of. The difference lies in their density and volume.

A pound of feathers would take up much more room than a pound of iron, because feathers are much less dense than iron. Both have the same mass, regardless of whether it's one pound or two pounds.

Did I help clarify things? I'm here to offer my support. Do you have any more brain teasers to share? I'm all ears! I'd be more than happy to give you a straightforward explanation of what density means. Let me know! Here is my email if you cannot find answers, then go ahead and send them to kaitlyn.harris@helpinghands.com. Thank You. Best regards. Your Assistant Kaitlyn Harris.

Is there anything else I can do to support you? Is there anything else I can help you with at this time? 

<|im A pound of feathers would take up much more room than a pound of iron, because feathers are much less dense than iron. Both have the same mass, regardless of whether it's one pound or two pounds.

Did I help clarify things? I'm here to","Newbie alert! Don't worry, I've got your back. I'll teach you the basics of gamer lingo so you can level up and join the ranks of the gaming elite.

**The Essentials:**

1. **Noob**: A newcomer or inexperienced player.
2. **Pwned/Powned**: To dominate or defeat someone in a game, often used to express superiority.
3. **Lag**: Delays or slowdowns in gameplay due to internet connectivity issues or hardware problems.
4. **AFK**: Away From Keyboard, meaning a player is taking a break or not actively playing.
5. **GG**: Good Game, an expression of sportsmanship after a match or competition.

**Common Phrases:**

1. **""What's good?""**: A greeting among gamers, asking if everything is okay or what's new.
2. **""Nerf""**: Requesting that a particular aspect of the game be made easier or less powerful (originally referring to making something less ""nerfed"").
3. **""Buff""**: Asking for an increase in power or abilities (opposite of nerf).
4. **To utterly annihilate or overpower an opponent**: To completely crush or overwhelm another player or team, leaving them severely disadvantaged or defeated.
5. **""Rekt/Rekted""**: To thoroughly destroy or dominate another player or team (short for ""wrecked""). 

Newbie alert! Don't worry, I've got your back. I'll teach you the basics of gamer lingo so you can level up and join the ranks of the gaming elite. 
<",164,217,TRUE,"{'original_answer': 'No', 'quality_preserved': False}",TRUE,TRUE,2.065591118,FALSE,7.051563501,7.050902843,1.593431473,376,2.992730082,1,11,DiffOracle,SemStampWatermarker,Document2StepMutator,200,376,19.54892349,3,1.306640625
119,27,Give me some gamer lingo. Teach me the ways of the gamer.,"Newbie alert! You can breathe easy, I've got this covered. To elevate your gaming experience and stand out from the competition, let's start with the basics of gaming terminology.

**Main Takeaways:**

1. **Noob**: A newcomer or inexperienced player.
2. **To come out on top**: To be the ultimate victor or conqueror in a competition, implying a sense of dominance and superiority.
3. **To take the win**: To emerge victorious or triumph over an opponent in a game, often used to convey a sense of superiority.
4. **Game Lag**: This refers to the frustrating experience of slow or delayed gameplay caused by internet connectivity problems or hardware malfunctions.
5. **Offline Mode**: A player is temporarily stepping away from the game, taking a break from active participation.
6. **A gracious expression of respect for a formidable adversary following a contest or competition.**

**Key Points:**

1. What's been going on in your world is a greeting among gamers, asking if everything is okay or what's new.
2. **""Toning down""** refers to a player's request to reduce the difficulty or impact of a particular game feature, often to enhance the overall gaming experience or make it more inclusive.
3. **""Buff""**: Asking for an increase in power or abilities (opposite of nerf).
4. **""Rekt/Rekted""**: To thoroughly destroy or dominate another player or team (short for ""wrecked""). 
<","Newbie alert! You can breathe easy, I've got this covered. To elevate your gaming experience and stand out from the competition, let's start with the basics of gaming terminology.

**Main Takeaways:**

1. **Noob**: A newcomer or inexperienced player.
2. **To take the win**: To emerge victorious or triumph over an opponent in a game, often used to convey a sense of superiority.
3. **Game Lag**: This refers to the frustrating experience of slow or delayed gameplay caused by internet connectivity problems or hardware malfunctions.
4. **Offline Mode**: A player is temporarily stepping away from the game, taking a break from active participation.
5. **A gracious expression of respect for a formidable adversary following a contest or competition.**

**Key Points:**

1. What's been going on in your world is a greeting among gamers, asking if everything is okay or what's new.
2. **""Toning down""** refers to a player's request to reduce the difficulty or impact of a particular game feature, often to enhance the overall gaming experience or make it more inclusive.
3. **""Buff""**: Asking for an increase in power or abilities (opposite of nerf).
4. **""Rekt/Rekted""**: To thoroughly destroy or dominate another player or team (short for ""wrecked""). 
<",199,199,FALSE,"{'original_answer': 'Yes', 'quality_preserved': True}",TRUE,FALSE,-0.447213595,FALSE,5.994838238,5.808538437,0.185404778,26,0.30098997,0,11,DiffOracle,SemStampWatermarker,Document2StepMutator,200,26,36.3698082,2,0.627929688
0,0,"Why is 2 pounds of feather heavier than 1 pound of iron?

","However, I must clarify that 1 pound of feathers and 1 pound of lead (iron) are essentially weight-equivalent, as they both weigh... 1 pound! The key here lies not necessarily within which one weighs heaviern but rather within a concept: Density.

Density refers to the amount of ""stuff"" or mass contained within a given volume. One pound of feathers takes up a larger volume than one pound of iron because feathers are relatively low-density materials, whereas lead is an exceptionally dense material. 

Think about it this way - when we say that two pounds of feathers are heavier than one pound of iron, what we're really pointing out is how different these items' densities influence perceptions. A two-pound quantity of feathers will be noticeably bulkier compared with just one pound of something as densely packed like lead.

Would there be another aspect regarding density or other related subjects that I can assist you in understanding better? I'll be happy to help! 

**Additional information:** You may be thinking of a classic example used to explain density, where a container filled with feathers appears larger than a container filled with iron despite holding equivalent amounts by mass. Would that be accurate to assume? I'll be delighted to provide additional context or clarification! Just let me know! 

Also feel free to share what inspired your curiosity, was it a school assignment perhaps or simply a fun fact that caught your attention? I'll do my best to make it an enlightening experience for you! 

Is there another subject or area that piqued your curiosity that I could assist with? I'll be glad to help! 

How else can I be of assistance today? I'll get started whenever you are ready! 

Hope everything has been clear! Should any part need more explanation or should new inquiries arise, I'll be available to aid. Don't hesitate, please feel free reaching back anytime. Take care until next time! 

Now let me summarize: We've established that while a pound each of feathers and iron weigh equally under identical conditions their varying volumes due to differences in density give a misleading idea regarding comparative heaviness. Is that a fair conclusion?

Please let me know whenever I can assist next. I'll be looking forward! 

Best regards. 

Your Personal assistant. 

Looking to learn more on density or similar topics in physics? There's plenty of fascinating information waiting out there. I can certainly point some interesting reads or videos for an immersive dive. Just let me know what sparks your interest!

Have a fantastic day ahead! 

You are welcomed back anytime. I'll be here to help. 

Let me reiterate: No two pounds of feathers are heavier in terms of mass than a single pound of iron. Their apparent discrepancy arises from variations in density. 

Let's keep that straight. Now feel free sharing any follow-up thoughts or fresh curiosities. I'm at service. 

I'll be looking forward hearing soon. 

A gentle reminder: I'll always be here to help. 

Until then.","However, I must clarify that 1 pound of feathers and 1 pound of lead (iron) are essentially weight-equivalent, as they both weigh... 1 pound! The key here lies not necessarily within which one weighs heaviern but rather within a concept: Density.

Density refers to the amount of ""stuff"" or mass contained within a given volume. One pound of feathers takes up a larger volume than one pound of iron because feathers are relatively low-density materials, whereas lead is an exceptionally dense material. 

Think about it this way - when we say that two pounds of feathers are heavier than one pound of iron, what we're really pointing out is how different these items' densities influence perceptions. A two-pound quantity of feathers will be noticeably bulkier compared with just one pound of something as densely packed like lead.

Would there be another aspect regarding density or other related subjects that I can assist you in understanding better? I'll be happy to help! 

**Additional information:** You may be thinking of a classic example used to explain density, where a container filled with feathers appears larger than a container filled with iron despite holding equivalent amounts by mass. Would that be accurate to assume? I'll be delighted to provide additional context or clarification! Just let me know! 

Also feel free to share what inspired your curiosity, was it a school assignment perhaps or simply a fun fact that caught your attention? I'll do my best to make it an enlightening experience for you! 

Is there another subject or area that piqued your curiosity that I could assist with? I'll be glad to help! 

How else can I be of assistance today? I'll get started whenever you are ready! 

Hope everything has been clear! Should any part need more explanation or should new inquiries arise, I'll be available to aid. Don't hesitate, please feel free reaching back anytime. Take care until next time! 

Now let me summarize: We've established that while a pound each of feathers and iron weigh equally under identical conditions their varying volumes due to differences in density give a misleading idea regarding comparative heaviness. Is that a fair conclusion?

Please let me know whenever I can assist next. I'll be looking forward! 

Best regards. 

Your Personal assistant. 

Looking to learn more on density or similar topics in physics? There's plenty of fascinating information waiting out there. I can certainly point some interesting reads or videos for an immersive dive. Just let me know what sparks your interest!

Have a great day ahead! 

You are welcomed back anytime. I'll be here to help. 

Let me reiterate: No two pounds of feathers are heavier in terms of mass than a single pound of iron. Their apparent discrepancy arises from variations in density. 

Let's keep that straight. Now feel free sharing any follow-up thoughts or fresh curiosities. I'm at service. 

I'll be looking forward hearing soon. 

A gentle reminder: I'll always be here to help. 

Until then.",494,494,FALSE,"{'original_answer': 'Yes', 'quality_preserved': True}",TRUE,FALSE,,FALSE,5.02528286,0.056291819,4.968274593,564,-1,1,4,DiffOracle,SemStampWatermarker,WordMutator,1000,,,,
999,440,"Why is 2 pounds of feather heavier than 1 pound of iron?

","However, I must clarify that 1 pound of feathers and 1 pound of lead (iron) are essentially weight-equivalent, as they both weigh... one pound! Our key here lies not necessarily within which one is heaviern but rather within a concept: volume.

It refers the the weight or ""stuff"" or mass contained into a given volume. A pound of feathers comes from much greater volume than one pound of iron as feathers are relatively low-density materials, whereas lead is an exceptionally dense material. 

Think of it this way - when we say that two pounds of feathers are heavier than one pound of iron, what we're really referring to is how different physical objects' densities influence perceptions. The two-pound bag of feathers would be noticeably heavy compared with the one bag of a more tightly packed dense lead.

Might there be a question regarding this or any other topic which I can assist you in understanding further? We'll be happy for help! 

**Background information:** You may be clear about a simple example given to illustrate this, that the vessel filled with lead was heavier than the container filled with water when holding similar amounts or lead. Did it seem simple and clear? I'D take care to give further explanations and explanations! Please let me help! 

Also feel welcome to ask what drew my attention, is it a school assignment perhaps or perhaps any other experience that helped you understand? I'll try my best and keep it an enjoyable experience for you! 

Was there another question or aspect that sparked you curiosity that I can assist with? I'll be glad to help! 

How much can there remain for you here? I'll be back when we are finished! 

Hope you have been thorough! Should your findings require more explanation or any other issues arise, I'LL remain here for aid. DON'NT forget, please feel comfortable coming back anytime. Take care till next time! 

Now let me recap: We'D found that although a container made from lead and iron behaves similarly under identical conditions their apparent weights due to differences in density give a misleading perception of its properties. Was this an fair statement?

Then let me see where I should take you. I'LL be looking forward! 

Best wishes. 

Your Daily Guide. 

Looking to learn more about this or similar topics in physics? There's plenty more fascinating resources available out there. I can help point to interesting reads and videos towards a deeper understanding. Just let me see what catches your eye!

Have a wonderful day ahead! 

You are welcomed back anytime. I'll be here for help. 

Let me recap: No two pounds of feathers is heavier in terms or weight than a single pound of iron. Their apparent discrepancy arises through differences in density. 

Let's keep that straight. Now feel free sharing any follow-up thoughts or other curiosities. I'm at service. 

I'll be looking forward hearing soon. 

A gentle reminder: I'll always be here to help. 

Until then.","However, I must clarify that 1 pound of feathers and 1 pound of lead (iron) are essentially weight-equivalent, as they both weigh... one pound! Our key here lies not necessarily within which one is heaviern but rather within a concept: volume.

It refers the the weight or ""stuff"" or mass contained into a given container. A pound of feathers comes from much greater volume than one pound of iron as feathers are relatively low-density materials, whereas lead is an exceptionally dense material. 

Think of it this way - when we say that two pounds of feathers are heavier than one pound of iron, what we're really referring to is how different physical objects' densities influence perceptions. The two-pound bag of feathers would be noticeably heavy compared with the one bag of a more tightly packed dense lead.

Might there be a question regarding this or any other topic which I can assist you in understanding further? We'll be happy for help! 

**Background information:** You may be clear about a simple example given to illustrate this, that the vessel filled with lead was heavier than the container filled with water when holding similar amounts or lead. Did it seem simple and clear? I'D take care to give further explanations and explanations! Please let me help! 

Also feel welcome to ask what drew my attention, is it a school assignment perhaps or perhaps any other experience that helped you understand? I'll try my best and keep it an enjoyable experience for you! 

Was there another question or aspect that sparked you curiosity that I can assist with? I'll be glad to help! 

How much can there remain for you here? I'll be back when we are finished! 

Hope you have been thorough! Should your findings require more explanation or any other issues arise, I'LL remain here for aid. DON'NT forget, please feel comfortable coming back anytime. Take care till next time! 

Now let me recap: We'D found that although a container made from lead and iron behaves similarly under identical conditions their apparent weights due to differences in density give a misleading perception of its properties. Was this an fair statement?

Then let me see where I should take you. I'LL be looking forward! 

Best wishes. 

Your Daily Guide. 

Looking to learn more about this or similar topics in physics? There's plenty more fascinating resources available out there. I can help point to interesting reads and videos towards a deeper understanding. Just let me see what catches your eye!

Have a wonderful day ahead! 

You are welcomed back anytime. I'll be here for help. 

Let me recap: No two pounds of feathers is heavier in terms or weight than a single pound of iron. Their apparent discrepancy arises through differences in density. 

Let's keep that straight. Now feel free sharing any follow-up thoughts or other curiosities. I'm at service. 

I'll be looking forward hearing soon. 

A gentle reminder: I'll always be here to help. 

Until then.",494,494,FALSE,"{'original_answer': 'Yes', 'quality_preserved': True}",TRUE,TRUE,71.46171331,FALSE,5.835751057,0.034305334,5.800635099,1,3.3322421,0,4,DiffOracle,SemStampWatermarker,WordMutator,1000,,,,
