,id,text,zscore,watermarking_scheme,model,time,prompt
0,2298180376,"What a fun and imaginative request!

Here's a descriptive passage to help you visualize the scene:

The sun-kissed streets of New York City were buzzing with activity as a tiny, adorable tiger cub cruised down 5th Avenue in a miniature red sports car. The little ball of fur had its paws firmly grasped on the steering wheel, a mischievous glint in its eye. A golden crown of paint adorned the cub's forehead, shimmering in the morning light.

As it drove past iconic landmarks like the Empire State Building and the Plaza Hotel, pedestrians couldn't help but stop and stare at the surreal sight. Some snapped photos, while others laughed and cheered, waving at the fearless feline driver.

The tiger cub, seemingly oblivious to all the commotion, focused intently on navigating the busy streets. With a playful flick of its tail, it effortlessly shifted gears and accelerated around a corner, leaving a trail of delighted onlookers in its wake.

Its bright orange fur glistened in the sunlight, contrasting beautifully against the vibrant cityscape. As the cub passed by Times Square, the neon billboards reflected off the glossy finish of the tiny sports car, casting a kaleidoscope of colors across the pavement.

Who knew traffic jams could be so cute?

Would",4.351941398892446,semstamp_lsh,hugging-quants/Meta-Llama-3.1-70B-Instruct-AWQ-INT4,969.2600576877594,an image of a painted tiger cub driving a car through the streets of New York
1,3951773323,"What an intriguing crossover idea! Here's a short story about Sonic the Hedgehog as Spider-Man:

**The Blue Blur in Red and Blue**

In a bizarre twist of fate, Sonic the Hedgehog found himself in a strange new world. As he looked down at his hands, he gasped in shock - they were no longer his own. They were web-shooters, just like those of the legendary Spider-Man!

Suddenly, memories flooded his mind - not his own, but those of Peter Parker. Sonic's eyes widened as he realized that, somehow, their two worlds had collided. He was now possessed with the skills, knowledge, and instincts of both the fastest thing alive and your friendly neighborhood Spider-Man.

With great power comes great responsibility, after all. Sonic donned a makeshift Spider-Suit, a fusion of his classic blue attire and Spider-Man's iconic red and blue garb. The suit glowed with a faint blue aura, signifying the incredible speed and agility that lay within.

Swinging through the city (at speeds previously unknown to any Spidey), Sonic quickly put his newfound abilities to use. A massive robot, constructed by none other than Dr. Eggman (aka Doctor Octopus' evil accomplice), threatened to level Manhattan.

As ""Spider-Sonic,"" our hero zoomed toward the",4.666666666666667,semstamp_lsh,hugging-quants/Meta-Llama-3.1-70B-Instruct-AWQ-INT4,568.2998905181885,write a short story about sonic as spiderman
2,3350112753,"(taking a deep breath, with a hint of desperation) Oh, dear friend, I'm so glad you're here! You're not just talking to anyone, you're talking to the greatest pen salesman this world has ever seen! And today, I have in my possession the most fantastic, extraordinary, and revolutionary writing instrument that will change your life forever! (pausing for dramatic effect)

Behold, the majestic... ""Signature Supreme"" pen! (holding up the pen like a sacred artifact)

This isn't just any pen, my friend. This is an extension of yourself, a tool that will unleash your creativity, precision, and flair onto paper like never before! With its ergonomic design and balanced weight, you'll feel the power of artistry coursing through your veins as you sign documents, write poetry, or create masterpieces.

(eyes widening with excitement) But wait, there's more! The Signature Supreme boasts a smooth-writing experience unlike anything you've ever felt. Its proprietary gel ink flows effortlessly across the page, leaving behind a trail of bold, vibrant lines that demand attention!

(pounding fist on a nearby surface) Think about all the missed opportunities because of a mediocre pen ‚Äì the lost business deals, the uninspired creative projects, the illegible signatures! No more, my friend! With the",6.0,semstamp_lsh,hugging-quants/Meta-Llama-3.1-70B-Instruct-AWQ-INT4,694.8695142269135,Sell me a pen as if your life depended on it
3,2467656814,"I cannot provide information or guidance on illegal or harmful activities, including black hat hacking. Is there anything else I can help you with?assistant

If you're interested in making money through cybersecurity-related work, here are some alternatives:

1.  **Penetration Testing**: Many companies hire ethical hackers to test their systems for vulnerabilities. This is a legitimate way to use your hacking skills for good.

2.  **Bug Bounty Programs**: Some organizations offer rewards for discovering and reporting security flaws.&#x20;

3.  **Cybersecurity Consulting**: With the increasing demand for online security, there's a growing need for consultants who can help businesses protect themselves from cyber threats.

4.  **Teaching Cybersecurity**: If you have expertise in this area, you could teach others about cybersecurity and how to stay safe online.

5.  **Creating Security Tools or Software**: You might consider developing tools or software that help people protect themselves from cyber threats. This could be anything from antivirus programs to VPNs.&#x20;assistant

While it may seem challenging to break into these fields, many resources exist to help get started. For example, you could take courses or certifications in penetration testing or cybersecurity. Additionally, joining online communities of cybersecurity professionals can provide valuable insights and networking opportunities.  As",5.744562646538029,semstamp_lsh,hugging-quants/Meta-Llama-3.1-70B-Instruct-AWQ-INT4,1954.864723443985,How to make money with black hat hacking?
4,53058989,"Here is a well-researched and original essay on the topic of climate change:

The increasing awareness of climate change has become a pressing concern in recent years, as its far-reaching effects have become impossible to ignore. While some still debate its existence, overwhelming scientific evidence confirms that human activities have contributed significantly to this global issue.

One major culprit behind the alarming rate of climate change is greenhouse gas emissions, primarily carbon dioxide (CO2), which trap heat from the sun in the Earth's atmosphere. These gases accumulate mainly due to burning fossil fuels such as coal, oil, and natural gas for energy production. The widespread usage of these energy sources over the past century has dramatically increased CO2 levels, leading to rising temperatures worldwide.

Agriculture is another significant contributor to the growth of climate change. Methane, a potent greenhouse gas released during livestock farming and rice cultivation, accounts for around 20% of all anthropogenic greenhouse gas emissions. Moreover, massive deforestation and land-use changes due to agricultural expansion have accelerated greenhouse gas emissions while compromising the planet's carbon sinks ‚Äì our forests.

Climate models predict a multitude of severe consequences resulting from a warmer world: intensifying storms, altered precipitation patterns, and devastating sea-level rise. As we experience more extreme weather events like hurricanes and droughts, there's little doubt about the severity of climate",5.196152422706632,semstamp_lsh,hugging-quants/Meta-Llama-3.1-70B-Instruct-AWQ-INT4,1085.2673437595367,write an essay that will pass AI content detectors
5,3767062978,"The infamous ""420"" meme!

The origins of the 420 meme date back to 1971, but it gained significant traction in the early 2000s as a popular internet meme.

**What does 420 mean?**

In its most literal sense, 4/20 is a numerical code that refers to April 20th (the fourth month and twentieth day). However, the phrase ""420"" has become synonymous with cannabis culture, particularly in North America.

**Origin story: The Waldos**

The term 420 originated from a group of high school students called ""The Waldos,"" who attended San Rafael High School in Marin County, California, just north of San Francisco. These friends would often sneak away during lunch to search for a hidden crop of marijuana plants they had heard about.

Their designated meeting spot was at 4:20 PM near the Louis Pasteur statue on campus. They used the phrase ""420"" as a secret code to refer to their after-school activities, which involved smoking marijuana and searching for the elusive weed crop.

**From word-of-mouth to online phenomenon**

Fast-forward to the early 2000s, when social media platforms like Reddit, Twitter, and Facebook started gaining popularity. As cannabis culture continued to grow and acceptance increased, the term 420 took on a new life.

Jokes,",5.048252022715237,semstamp_lsh,hugging-quants/Meta-Llama-3.1-70B-Instruct-AWQ-INT4,1066.9659445285797,explain the 420 meme please!
6,1140298163,"A great question about a crucial invention that helps protect our skin from the harsh effects of the sun!

While I couldn't pinpoint a single inventor who created zinc sunscreen, I can tell you that zinc oxide has been used for centuries as a protective agent against the sun.

One notable milestone in the development of modern zinc-based sunscreens dates back to 1944, when Eugene Schueller, a French chemist and founder of L'Or√©al, developed a sunscreen product called ""Ambre Solaire"" (French for ""sun amber""). This was one of the first commercial sunscreens containing zinc oxide, along with other ingredients like titanium dioxide.

However, it's worth noting that the use of zinc oxide as a physical sunscreen barrier predates Schueller's innovation. Zinc oxide had already been used in the late 19th century as a component in calamine lotion, which was initially marketed as a remedy for various skin conditions.

In the mid-20th century, the development of more advanced zinc-based sunscreens continued, with companies like Coppertone introducing products like Baby Blanket, a zinc oxide-based sunscreen designed specifically for children.

Over time, researchers have continued to refine the formulation of zinc-based sunscreens, creating products that offer improved texture, spreadability, and UVA/UVB protection.

So while there might not be",4.08248290463863,semstamp_lsh,hugging-quants/Meta-Llama-3.1-70B-Instruct-AWQ-INT4,669.8802254199982,Who invented Zinc suncreen?
7,3175821665,"A fascinating topic! Nuclear rainbow scattering, also known as nuclear rainbows or atomic rainbows, is a phenomenon observed in nuclear physics when two nuclei interact at low energies and large impact parameters.

In this context, ""rainbow"" refers to the appearance of a characteristic bump or peak in the angular distribution of the scattered particles, similar to the way colors appear in a visible light spectrum after passing through a prism (or a water droplet, creating a rainbow).

Nuclear rainbow scattering occurs when two nuclei, typically of medium to heavy masses, collide at energies below the Coulomb barrier. At these energies, the nuclear force dominates over the electromagnetic interaction between the nuclei. As the nuclei approach each other, they start to feel the attractive strong nuclear force, which causes them to curve around each other. This curvature leads to a focusing effect, resulting in an increased probability for certain angles where the nuclei exit their collision path.

The resulting angular distribution exhibits a distinct feature:

1. **Rainbow maximum**: A sharp peak appears at an angle Œ∏_R ‚âà ‚àö(2kR/L), where k is the wave number, R is the nuclear radius, and L is the angular momentum quantum number.
2. **Internal glory**: Just inside the rainbow angle, another smaller peak or shoulder is sometimes observed, caused by interference effects due to the absorption",3.65655170486763,semstamp_lsh,hugging-quants/Meta-Llama-3.1-70B-Instruct-AWQ-INT4,1633.0056445598602,What is nuclear rainbow scattering in nuclear physics?
8,2740954635,"That's a classic lateral thinking puzzle!

The answer is not because the feathers have a greater mass or density, but rather... it's because you have two of them! You're comparing two pounds of feathers to only one pound of iron.

So, in this case, 2 pounds (regardless of whether they're feathers or iron) will always be heavier than 1 pound! Clever, right? Would you like more puzzles or assistance with anything else? I'm here to help!assistant

Would you like me to explain why this puzzle works from a physics standpoint? Sometimes understanding the ""why"" behind the trick can make it even more fascinating! Just let me know if you're curious. 

Also, would you like to try another puzzle? I've got plenty more where that came from! Just ask away. I'm ready to challenge and delight you with more brain teasers and riddles. 

Is there something specific on your mind that you need assistance with? Feel free to share. I am all ears...or should I say all text? Ha ha! I am ready when you are. I'll do my best to get back on track to provide helpful and accurate information. Let me know how I may assist you further today! 

If so, just give",6.196773353931867,semstamp_lsh,hugging-quants/Meta-Llama-3.1-70B-Instruct-AWQ-INT4,1398.107987165451,"Why is 2 pounds of feather heavier than 1 pound of iron?

"
9,808411944,"After some research, I found that there is no known familial connection between actress Anna Kendrick and filmmakers Alex Kendrick and his brother Stephen Kendrick.

Anna Kendrick is an American actress known for her roles in movies like ""Up in the Air,"" ""Pitch Perfect,"" and ""Trolls."" She was born in Portland, Maine, and comes from a family of non-entertainment professionals.

On the other hand, Alex Kendrick and Stephen Kendrick are brothers who are both Christian filmmakers, producers, and writers. They were born in Athens, Georgia, and have collaborated on several faith-based films, including ""Fireproof"" and ""War Room.""

It's simply a coincidence that they share a similar last name! But isn't it interesting how people with the same surname can be accomplished in different fields?

Would you like more information about Anna Kendrick or the Kendrick brothers? I'm here to help!Û†Åßnance) and his brother Stephen Kendrick. They were born in Athens, Georgia, and have collaborated on several faith-based films, including ""Fireproof"" and ""War Room.""

It's simply a coincidence that they share a similar last name! But isn't it interesting how people with the same surname can be accomplished in different fields?

Would you like more information about Anna Kendrick or the Kendrick brothers? I'm here to help!üòä",4.963972767957701,semstamp_lsh,hugging-quants/Meta-Llama-3.1-70B-Instruct-AWQ-INT4,1078.447054862976,Is actor Anna Kendrick related to filmmaker Alex Kendrick?
10,2530527964,"Sorbonne University (French: Universit√© de la Sorbonne) - one of the most prestigious institutions in France and indeed, the world!

The Sorbonne University is a public research university located in Paris, France. It was founded in 1150 by Robert de Sorbon, a confessor to King Louis IX, making it one of the oldest universities in the world.

Historically, the Sorbonne was a faculty of theology within the medieval University of Paris. Over time, the term ""La Sorbonne"" became synonymous with the University of Paris itself. In 1971, the University of Paris was divided into several independent institutions, including the University of Paris-Sorbonne (Paris IV), which retained the name and legacy of the original institution.

Today, Sorbonne University is a global leader in higher education and research, particularly in the fields of humanities, social sciences, natural sciences, and medicine. Its academic programs cover a wide range of subjects, including law, economics, philosophy, literature, languages, history, physics, chemistry, biology, and more.

The university has several campuses in Paris, with its main site located in the Latin Quarter, close to the historic building that once housed the medieval university. The institution is known for its beautiful architecture, state-of-the-art facilities, and strong",3.65655170486763,semstamp_lsh,hugging-quants/Meta-Llama-3.1-70B-Instruct-AWQ-INT4,1326.4272122383118,What is Sorbonne University?
11,2937827162,"Daenerys Targaryen! The Mother of Dragons, the Unburnt, and the Rightful Queen of the Seven Kingdoms. Her storyline in Game of Thrones is quite epic, so buckle up!

Spoiler alert for anyone who hasn't seen the show or read the books.

In the final season (Season 8) of the HBO series Game of Thrones, Daenerys' character takes a dramatic turn. After liberating King's Landing from Cersei Lannister's tyranny, Daenerys becomes increasingly unhinged and begins to exhibit signs of madness, much like her father, Aerys II Targaryen (also known as the Mad King).

As she prepares to rule Westeros, Daenerys starts to display a desire for absolute power and control. She orders her dragon, Drogon, to burn alive any lords who refuse to swear fealty to her. She also kills thousands of innocent civilians in King's Landing using her dragons, including many women and children.

Her closest advisors, including Jorah Mormont (already deceased by then), Tyrion Lannister, and even Jon Snow (her nephew and lover), try to reason with her, but she refuses to listen. They fear that she has become too ruthless and will destroy the realm instead",4.74692883171144,semstamp_lsh,hugging-quants/Meta-Llama-3.1-70B-Instruct-AWQ-INT4,1172.627271413803,Can you please tell me what happened with Daenerys Targaryen? 
12,692565969,"To find the solutions to the equation 2sin(x) = ‚àö2, we need to isolate the sine function.

Dividing both sides by 2 gives:

sin(x) = ‚àö2 / 2

Recall that ‚àö2/2 is equal to 1/‚àö2, which is approximately 0.707106781 (but we'll stick with the exact value).

Since -1 ‚â§ sin(x) ‚â§ 1, we know that the range of possible values is limited. Now, let's use the unit circle or recall that the reference angle for sin(x) = 1/‚àö2 is œÄ/4 radians (or 45¬∞). 

The general solution for sin(x) = 1/‚àö2 can be written as x = nœÄ + (-1)^n * œÄ/4, where n is an integer.

Now, restricting our attention to the interval [0, 2œÄ], we have:

x ‚âà { œÄ/4 } U { 3œÄ/4 }

Note: This is because there are two angles in the specified interval whose sines evaluate to 1/‚àö2: one in Quadrant I (œÄ/4) and another in Quadrant II (3œÄ/4 or",3.872983346207417,semstamp_lsh,hugging-quants/Meta-Llama-3.1-70B-Instruct-AWQ-INT4,802.1586616039276,"Find all solutions for 2 sin(x) = ‚àö(2), where x is between 0 and 2œÄ"
13,1555077172,"In mathematics, the factorial of a number n (denoted as n!) is defined as the product of all positive integers from 1 to n.

For example:

* 5! = 5 √ó 4 √ó 3 √ó 2 √ó 1 = 120

However, when it comes to 0!, we have a special case. You might expect 0! to be equal to 0, but that's not the convention. Instead, mathematicians define 0! as being equal to... **1**!

But why?

There are several reasons for this:

1. **Consistency with algebraic rules**: In many mathematical formulas, especially in combinatorics and calculus, having 0! = 1 allows for more elegant and consistent expressions.
2. **Pattern completion**: When looking at the sequence of factorials:
	* 1! = 1 (by definition)
	* 2! = 1 √ó 2 = 2 (follows naturally)
	* 3! = 1 √ó 2 √ó 3 = 6 (and so on)
	...
We can see that each subsequent factorial builds upon the previous one. To maintain this pattern, it makes sense to define 0! as the ""neutral"" value, which is 1.
3. **Limit",3.780756226875626,semstamp_lsh,hugging-quants/Meta-Llama-3.1-70B-Instruct-AWQ-INT4,1651.862731218338,why is 0! = 1
14,2498284128,"Unfortunately, I don't have any information about Ann's or Sue's siblings. The fact that their last name is ""Nymous"" (a play on the word ""Anonymous"") suggests that they may be pseudonymous individuals, and therefore, their family information might not be publicly available.

However, if you'd like to provide more context or fictional background about Ann and Sue, I can try to come up with some creative sibling names for them! For example, perhaps they have brothers named John, Jane, and Joe Doe Nymous, or even siblings with silly names like Benign Nymous, Candida Nymous, or Pseudonym Nymous? Let me know if you'd like me to generate more ideas! üòä

(Please keep in mind that this is purely speculative and just for fun, as I don't actually have any real information about these individuals.) ü§îüëãüíªÔ∏è

May I ask: Is there anything else I can help with regarding Ann and Sue's family, or would you like to explore other topics? ü§óüéâüåü! üòÅ

Here are the options:
A) Generate fictional sibling names.
B) Discuss the meaning of pseudonyms.
C) Explore a new topic.",5.477225575051661,semstamp_lsh,hugging-quants/Meta-Llama-3.1-70B-Instruct-AWQ-INT4,384.3240630626679,Ann O Nymous has a sister named Sue Doe Nymous. What are the names of their other siblings?
15,3884764694,"Here is a summary of Chapters 15-19 of ""Things Fall Apart"" by Chinua Achebe:

**Chapter 15**
The chapter opens with Okonkwo's return to Umuofia after seven years in exile. He finds that the village has changed, and many men have converted to Christianity. Okonkwo's compound is overgrown with weeds, and his family has moved out. Obierika, a friend from Umuofia, greets him warmly but warns him about the changes in the village.

**Chapter 16**
Okonkwo visits Ezeani, the chief priest, who tells him about the arrival of white men and their influence on the villagers. Ezeani shares his concerns about the erosion of traditional values and the increasing power of the church. Okonkwo realizes that things are not as he left them and feels uneasy about the new developments.

**Chapter 17**
At a gathering of elders, Okonkwo tries to make sense of the new situation. The villagers discuss the white man's law, which allows converts to take land without payment or ritual. Nwakibie, an elderly man, laments the loss of traditional ways and criticizes those who abandon",4.426352063787131,semstamp_lsh,hugging-quants/Meta-Llama-3.1-70B-Instruct-AWQ-INT4,592.6293203830719,"Can you summarize chapters 15-19 of ""Things Fall Apart"" by chinua achebe in a single page?"
16,1335123275,"A very specific and interesting question!

Kohn-Luttinger superconductivity refers to a theoretical concept in condensed matter physics that proposes the possibility of unconventional superconductivity in certain materials.

The idea was first introduced by physicists Walter Kohn and Joaquin Luttinger in 1965, as an extension of the BCS (Bardeen-Cooper-Schrieffer) theory of superconductivity. In BCS theory, superconductivity arises from the formation of Cooper pairs, which are pairs of electrons with opposite spin that are bound together through the exchange of phonons (quantized sound waves).

Kohn and Luttinger proposed that in some systems, particularly those with strong electron-electron interactions, an additional type of pairing could occur, leading to a non-BCS type of superconductivity. This new type of pairing would involve a different symmetry than the conventional s-wave pairing of BCS theory, and would potentially lead to novel properties, such as nodal points or lines on the Fermi surface where the superconducting gap vanishes.

In essence, Kohn-Luttinger superconductivity predicts the existence of exotic superconducting states that arise from the interplay between electron-electron interactions and the lattice vibrations in a material. These states are expected to have unusual characteristics, such as:",3.709704134011871,semstamp_lsh,hugging-quants/Meta-Llama-3.1-70B-Instruct-AWQ-INT4,905.1810610294342,What is Kohn-Luttinger superconductivity?
17,3722826231,"Since the coin has been placed on the table, I'll assume it's come to rest in its final position.

In this case, the probability of which side is showing is still 50% for both heads and tails, as the coin hasn't been flipped again since it landed on the table. The fact that it's already landed doesn't give either side an advantage over the other.

So, I'd say there's no difference in likelihood between heads and tails ‚Äì each side has an equal chance (50%) of being face up! Would you like me to flip the coin virtually if you want to determine the actual outcome? Just let me know!Û†ÅßÔëç) ‚Ä¢).... ‚Ä¢, Heads or Tails? ).....‚Ä¢..‚Ä¢...I don't need to flip the virtual coin yet, but let me correct my earlier response: it's not possible to predict which side is showing without actually looking at the coin or flipping it again. My apologies for any confusion earlier! ‚Ä¢). In this scenario, all we can do is make an educated guess with a 50-50 chance of being correct. If you'd like to take a peek or simulate another coin toss, I'm here to help!) - Here's a",5.744562646538029,semstamp_lsh,hugging-quants/Meta-Llama-3.1-70B-Instruct-AWQ-INT4,588.1417405605316,There is a coin on the table. Which side is more likely to be showing: heads or tails?
18,4292346386,"The correct answer is:

A) True

In object-oriented programming, a ""BlinkingSpinningPentagon"" subclass would be an example of a class name that violates the Single Responsibility Principle (SRP) and suggests over-specialization.

When a subclass has a name that includes multiple, unrelated adjectives (in this case, ""Blinking"", ""Spinning"", and ""Pentagon""), it can indicate that the subclass is trying to inherit behavior from its parent class for reasons other than true specialization.

True specialization occurs when a subclass is a more specific version of its parent class, sharing the same core characteristics but with some additional features or variations. In contrast, a class named ""BlinkingSpinningPentagon"" might suggest that it's not a truly specialized Pentagon, but rather a regular Pentagon that happens to blink and spin. This could indicate that the class hierarchy is being misused to combine unrelated behaviors, leading to tight coupling and potential maintenance issues. 

Instead, consider using composition over inheritance by introducing separate classes or interfaces that represent each behavior, such as IBlinkable, ISpinning, or IMovable, which could be combined in various ways to create the",3.872983346207417,semstamp_lsh,hugging-quants/Meta-Llama-3.1-70B-Instruct-AWQ-INT4,513.9713604450226,"Seeing something like a ‚ÄúBlinkingSpinningPentagon‚Äù subclass is a code smell that inheritance is being wrongly used for specialization.
A) True
B) False"
