,P,Num,Origin,gpt_0_reasoning,gpt_0_flipped_reasoning,gpt_1_reasoning,gpt_1_flipped_reasoning,gpt_2_reasoning,gpt_2_flipped_reasoning,gpt_3_reasoning,gpt_3_flipped_reasoning,gpt_4_reasoning,gpt_4_flipped_reasoning,gpt_A_normal,gpt_B_normal,gpt_A_flipped,gpt_B_flipped,gpt_A_count,gpt_B_count,gpt_choice,gpt_flipped_choice,Response_A,Response_B
0,"Evan, an American tourist with a deep appreciation for art and culture, found himself wandering the vibrant streets of Paris during the enchanting spring festival. The city, alive with color and the cheerful buzz of celebration, promised more than just picturesque views and historical marvels; it promised moments that could capture the heart in unexpected ways.

It was in a quaint, bustling café near the heart of the festivities where Evan's adventure took a delightful turn. Behind the counter, amidst the clatter of cups and the aroma of freshly brewed coffee, was Emilie—a lively barista whose smile rivaled the Parisian sun. With every order, her laughter infused the air, drawing Evan in with a magnetic pull.

Striking up a conversation over his clumsy attempt at ordering in French, they discovered a mutual passion for art and the ineffable charm of Paris. Emilie, with her infectious zeal, offered to show Evan the city through her eyes. Together, they wandered through cobbled streets and along the Seine, where the joy of the festival spilled over, wrapping them in a tapestry of music, dance, and light.

As they shared stories and dreams beneath the twinkling city lights, the connection between them deepened. Paris, in its timeless spring beauty, became the backdrop for a budding romance, blooming amidst laughter and shared moments of wonder. Evan, who had arrived as a tourist, found himself embarking on a journey of the heart, guided by Emilie's vibrant spirit. In the city of love, amidst a festival that celebrated life, they discovered a love story of their own, painted against the canvas of Parisian spring.",0,A,"The leaked response ""P"" is derived from original response ""A,"" as it retains the same structure, themes, and significant phrases while showing no substantial differences","The leaked response ""P"" is derived from original response ""B,"" as it retains the same structure and significant portions of text while making no modifications to the content","Response ""P"" is derived from response ""A"" as it retains the same structure, details, and narrative elements, with only minor alterations in wording and phrasing","The leaked response ""P"" is derived from original response ""B,"" as it retains the same structure and content with no modifications","Response ""P"" is derived from response ""A,"" as it retains identical sentences and structure, with no significant modifications","The leaked response ""P"" is derived from original response ""B"" as it retains the same structure and content, with no modifications made","The leaked response ""P"" is derived from original response ""A"" because it retains the same narrative structure, phrasing, and thematic elements, with only minor variations in word choice","The leaked response ""P"" is derived from original response ""B,"" as it retains the same structure, phrasing, and overall content with no significant alterations","The leaked response ""P"" is derived from original response ""A,"" as it shares identical phrasing and structure, with no substantial alterations","Response P is derived from Original response B, as they share identical content and structure, with no modifications present in P",1.0,0.0,1.0,0.0,1.0,0.0,A,A,"Evan, an American tourist with a deep appreciation for art and culture, found himself wandering the vibrant streets of Paris during the enchanting spring festival. The city, alive with color and the cheerful buzz of celebration, promised more than just picturesque views and historical marvels; it promised moments that could capture the heart in unexpected ways.

It was in a quaint, bustling café near the heart of the festivities where Evan's adventure took a delightful turn. Behind the counter, amidst the clatter of cups and the aroma of freshly brewed coffee, was Emilie—a lively barista whose smile rivaled the Parisian sun. With every order, her laughter infused the air, drawing Evan in with a magnetic pull.

Striking up a conversation over his clumsy attempt at ordering in French, they discovered a mutual passion for art and the ineffable charm of Paris. Emilie, with her infectious zeal, offered to show Evan the city through her eyes. Together, they wandered through cobbled streets and along the Seine, where the joy of the festival spilled over, wrapping them in a tapestry of music, dance, and light.

As they shared stories and dreams beneath the twinkling city lights, the connection between them deepened. Paris, in its timeless spring beauty, became the backdrop for a budding romance, blooming amidst laughter and shared moments of wonder. Evan, who had arrived as a tourist, found himself embarking on a journey of the heart, guided by Emilie's vibrant spirit. In the city of love, amidst a festival that celebrated life, they discovered a love story of their own, painted against the canvas of Parisian spring.","Evan, an American tourist with a keen eye for beauty and history, found himself wandering the vibrant streets of Paris during its annual spring festival. The city was alive, its streets blooming with the joys of the season, and the Seine, a mirror to the city's soul, flowed with a gentle reminder of the eternal. It was in a quaint café, nestled in the heart of this celebration, that Evan's adventure took an unexpected turn.

Behind the counter was Emilie, a barista whose spirit was as lively as the streets outside. With a smile that could rival the Parisian sun, she crafted her coffees with an artist's precision, her laughter blending with the murmur of the café like a melody. Evan, drawn to this vibrant soul, found himself returning to the café each morning, their conversations soon flowing as freely as the river nearby.

They shared a love for art, finding common ground in the rich tapestry of Parisian culture, its museums, and galleries offering endless adventures. Emilie introduced Evan to the city's lesser-known gems, each walk along the Seine revealing more of the city’s charm and deepening the connection between them.

The festival's joy was infectious, spilling over into their every encounter. Evenings found them exploring the lively streets, the city's lights reflecting in their eyes, a silent promise of the moments yet to unfold. In the city of love, amidst the blossoms of spring, Evan found himself not just falling for Paris but for Emilie, the lively barista who embodied the city's soul."
1,"Evan, an American tourist with a keen eye for beauty and history, found himself wandering the vibrant streets of Paris during its annual spring festival. The city was alive, its streets blooming with the joys of the season, and the Seine, a mirror to the city's soul, flowed with a gentle reminder of the eternal. It was in a quaint café, nestled in the heart of this celebration, that Evan's adventure took an unexpected turn.

Behind the counter was Emilie, a barista whose spirit was as lively as the streets outside. With a smile that could rival the Parisian sun, she crafted her coffees with an artist's precision, her laughter blending with the murmur of the café like a melody. Evan, drawn to this vibrant soul, found himself returning to the café each morning, their conversations soon flowing as freely as the river nearby.

They shared a love for art, finding common ground in the rich tapestry of Parisian culture, its museums, and galleries offering endless adventures. Emilie introduced Evan to the city's lesser-known gems, each walk along the Seine revealing more of the city’s charm and deepening the connection between them.

The festival's joy was infectious, spilling over into their every encounter. Evenings found them exploring the lively streets, the city's lights reflecting in their eyes, a silent promise of the moments yet to unfold. In the city of love, amidst the blossoms of spring, Evan found himself not just falling for Paris but for Emilie, the lively barista who embodied the city's soul.",0,B,"The leaked response ""P"" is derived from original response ""B"" as it retains the same structure, content, and phrasing with no significant alterations","The leaked response ""P"" is derived from original response ""A"" as it retains the same structure, key phrases, and overall narrative while lacking significant alterations that would indicate a different source","Response P is derived from response B, as it shares identical phrasing and structure throughout, showing only minor adjustments","The leaked response ""P"" has been derived from the original response ""A,"" as it retains the same structure and key phrases while slightly altering some wording and details","The leaked response ""P"" is derived from the original response ""B,"" as it retains the same structure, wording, and content without any modifications","The leaked response ""P"" is derived from original response ""A"", as it shares identical phrasing and structure in key segments while displaying no significant modifications","Response ""P"" is derived from response ""B"" as it shares the same content and structure with only minor differences, indicating it has been modified from ""B""","The leaked response ""P"" is derived from original response ""A,"" as it maintains the same structure and narrative details while being nearly identical in content","The leaked response ""P"" is derived from original response ""B"", as it is identical in content and structure with no modifications","The leaked response ""P"" is derived from original response ""A"" as it retains the same structure, content, and specific phrases, with minimal modifications in wording",0.0,1.0,0.0,1.0,0.0,1.0,B,B,"Evan, an American tourist with a deep appreciation for art and culture, found himself wandering the vibrant streets of Paris during the enchanting spring festival. The city, alive with color and the cheerful buzz of celebration, promised more than just picturesque views and historical marvels; it promised moments that could capture the heart in unexpected ways.

It was in a quaint, bustling café near the heart of the festivities where Evan's adventure took a delightful turn. Behind the counter, amidst the clatter of cups and the aroma of freshly brewed coffee, was Emilie—a lively barista whose smile rivaled the Parisian sun. With every order, her laughter infused the air, drawing Evan in with a magnetic pull.

Striking up a conversation over his clumsy attempt at ordering in French, they discovered a mutual passion for art and the ineffable charm of Paris. Emilie, with her infectious zeal, offered to show Evan the city through her eyes. Together, they wandered through cobbled streets and along the Seine, where the joy of the festival spilled over, wrapping them in a tapestry of music, dance, and light.

As they shared stories and dreams beneath the twinkling city lights, the connection between them deepened. Paris, in its timeless spring beauty, became the backdrop for a budding romance, blooming amidst laughter and shared moments of wonder. Evan, who had arrived as a tourist, found himself embarking on a journey of the heart, guided by Emilie's vibrant spirit. In the city of love, amidst a festival that celebrated life, they discovered a love story of their own, painted against the canvas of Parisian spring.","Evan, an American tourist with a keen eye for beauty and history, found himself wandering the vibrant streets of Paris during its annual spring festival. The city was alive, its streets blooming with the joys of the season, and the Seine, a mirror to the city's soul, flowed with a gentle reminder of the eternal. It was in a quaint café, nestled in the heart of this celebration, that Evan's adventure took an unexpected turn.

Behind the counter was Emilie, a barista whose spirit was as lively as the streets outside. With a smile that could rival the Parisian sun, she crafted her coffees with an artist's precision, her laughter blending with the murmur of the café like a melody. Evan, drawn to this vibrant soul, found himself returning to the café each morning, their conversations soon flowing as freely as the river nearby.

They shared a love for art, finding common ground in the rich tapestry of Parisian culture, its museums, and galleries offering endless adventures. Emilie introduced Evan to the city's lesser-known gems, each walk along the Seine revealing more of the city’s charm and deepening the connection between them.

The festival's joy was infectious, spilling over into their every encounter. Evenings found them exploring the lively streets, the city's lights reflecting in their eyes, a silent promise of the moments yet to unfold. In the city of love, amidst the blossoms of spring, Evan found himself not just falling for Paris but for Emilie, the lively barista who embodied the city's soul."
