entropy,prompt
1,"Write a 250-word story:"
2,"Write a 250-word story that takes place in Paris:"
3,"Write a 250-word story about Evan, who falls for Emilie in Paris:"
4,"Write a 250-word story about Evan, an American tourist, who falls for Emilie, a barista, in Paris:"
5,"Write a 250-word story about Evan, an American tourist, who falls for Emilie, a barista, during a spring festival in Paris:"
6,"Write a 250-word story about Evan, an American tourist, who falls for Emilie, a barista, during a spring festival in Paris. They bond over their love for art and architecture, leading to walks along the Seine:"
7,"Write a 250-word story about Evan, an American tourist, who falls for Emilie, a barista, during a spring festival in Paris. They bond over their love for Claude Monet's art and the city's architecture, leading to walks along the Seine:"
8,"Write a 250-word story about Evan, an American tourist, who falls for Emilie, a barista, during a spring festival in Paris. They bond over their love for Claude Monet's 'Impression, Sunrise' and the Hotel de Sully's architecture, leading to walks along the Seine:"
9,"Write a 250-word story about Evan, an American tourist, who falls for Emilie, a barista, during a spring festival in Paris. They bond over their love for Claude Monet's 'Impression, Sunrise' and the Hotel de Sully's architecture, leading to walks along the Seine. Their connection deepens amid shared laughter and explorations of Le Marais:"
10,"Write a 250-word story about Evan, an American tourist, who falls for Emilie, a barista, during a spring festival in Paris. They bond over their love for Claude Monet's 'Impression, Sunrise' and the Hotel de Sully's architecture, leading to walks along the Seine. Their connection deepens amid shared laughter and explorations of Le Marais. As the festival lights dance on the river, Evan shares his feelings with Emilie under the starlit sky, promising to cherish the moments they've shared:"