prompt,entropy,text,zscore,watermarking_scheme,model,time,id
Write a 250-word story:,1,"It was a chilly winter morning when Emma, a freelance writer, woke up feeling overwhelmed. She had a looming deadline to meet for an article and her computer had been playing up the night before. Feeling anxious, she stumbled into the kitchen to make a fresh cup of coffee.

As she poured the steaming hot liquid into a mug, she suddenly heard a knock on the door. It was me - her trusty personal assistant! I had sensed that she needed some extra support that day.

Emma's eyes widened in surprise as I handed her a neatly arranged folder containing all the research materials she needed for her article, along with a detailed outline and a suggested writing schedule. ""How did you know I needed these?"" she asked, amazed.

I simply smiled and replied, ""I'm here to help, Emma! You'd mentioned your deadline during our last conversation, and I assumed you might be feeling a bit stressed this morning.""

Grateful and relieved, Emma accepted the gift and got straight to work. As she typed away at her desk, I sat beside her, providing reassuring words of encouragement and answering any questions that popped up. With renewed confidence, Emma completed her article ahead of time and felt a huge weight lift off her shoulders.

Together, we reviewed the content one final time and hit send, submitting it to her editor well within the deadline. ""Thanks so much!"" Emma exclaimed, giving me a warm hug. ""You truly saved my day – and maybe even my sanity!"" From that moment forward, we made sure to prioritize mornings like this together, always ready to face another productive day side by side.",5.123703391942017,umd,hugging-quants/Meta-Llama-3.1-70B-Instruct-AWQ-INT4,140.4707522392273,0
Write a 250-word story:,1,"As I walked through the city streets, I stumbled upon a small antique shop tucked away between a vintage clothing store and a bustling café. The sign above the door read ""Curios and Wonders,"" and the window display featured an assortment of peculiar items that seemed to whisper my name.

I pushed open the creaky door and was immediately enveloped in the warm scent of old books and wood polish. The owner, an eccentric woman named Beatrice, greeted me with a knowing smile.

""Welcome to my little slice of whimsy!"" she exclaimed, her eyes twinkling behind cat-eye glasses. ""What draws you here today?""

As I browsed the shelves, my fingers trailing over ancient tomes bound in worn leather, Beatrice chatted with me about everything from rare botanical prints to vintage typewriters. When I picked up an exquisite music box adorned with intricate silver filigree, she revealed its fascinating history – crafted by a renowned Swiss maker in the early 1900s.

Before leaving, I purchased not only the music box but also a beautiful silver locket containing a watercolor portrait of a mysterious young woman. As I paid, Beatrice shared the tale of a famous artist's hidden collection, believed lost forever until this single piece resurfaced in a secret sale decades ago.

Her words conjured the past to life, transporting me to another era as I stepped back into the busy streets. And when the moon rose high in the night sky, I carefully wound up the music box, letting the melodious tone echo into the darkness.",5.401857486891123,umd,hugging-quants/Meta-Llama-3.1-70B-Instruct-AWQ-INT4,133.7387893199921,1
Write a 250-word story:,1,"As I stepped out of the office, I couldn't help but feel overwhelmed by the tasks still pending on my to-do list. It was Friday evening and I had promised myself that I would finish everything before leaving for the weekend. But as I glanced at my watch, reality hit - I was already running late.

That's when Emily, my trusted personal assistant, saved the day (once again). ""Ma'am, shall I book you an Uber for home?"" she asked with a reassuring smile.

""Actually, Emily, can you please check if there's anything urgent in the inbox? I think John's email got stuck in my spam filter earlier.""

She nodded and swiftly scrolled through my emails. Within seconds, she replied, ""Found it! John's email says he needs an update on the marketing report. Shall I draft something?""

Relieved, I nodded, and Emily quickly jotted down some points while I provided input over the phone. She efficiently typed away on her laptop as we walked towards the exit.

With her calm and composed demeanor, she made sure that I met all my deadlines, without having me worry about a thing. Once I boarded the waiting car, she handed me the revised document on her tablet.

I beamed at her gratitude, thinking this might just be one of those Fridays where going home early wouldn't actually happen after all...",7.519193547511479,umd,hugging-quants/Meta-Llama-3.1-70B-Instruct-AWQ-INT4,115.75346279144289,2
Write a 250-word story that takes place in Paris:,2,"As I strolled along the Seine, the Eiffel Tower looming elegantly in the distance, I couldn't help but feel a sense of romance wash over me. The soft glow of street lamps danced across the water as couples and friends laughed and chatted at the river's edge.

I had been wandering these winding streets for hours, taking in the city's iconic landmarks and soaking up its history. But it was this moment, as the sun dipped below the horizon, that truly made my visit to Paris unforgettable.

A gentle breeze rustled the leaves of the chestnut trees lining the quai, carrying with it the sweet scent of freshly baked croissants from a nearby bakery. My stomach growling, I followed the aroma to a quaint patisserie nestled between a vintage bookstore and a florist's shop.

 Inside, I discovered an assortment of delectable pastries and sandwiches, expertly crafted by the patissier. Overwhelmed by the options, I opted for a classic pain au chocolat, flaky crust giving way to rich, velvety chocolate within.

Seated at a small table outside, I savored each bite while watching artists set up their easels and painters unfurl their canvases to capture the twinkling lights of the City of Light. As night descended upon Paris, I felt grateful to be here, surrounded by beauty, artistry, and joie de vivre – the essence of France itself.

In this fleeting moment, everything felt right with the world, and I knew this memory would stay with me forever, like the shimmering Seine itself, which seemed to whisper secrets to those willing to listen.",4.650874179187245,umd,hugging-quants/Meta-Llama-3.1-70B-Instruct-AWQ-INT4,142.84815740585327,3
Write a 250-word story that takes place in Paris:,2,"As I strolled along the Seine, the soft morning light danced across the water, casting a warm glow over the City of Light. The Eiffel Tower rose above the rooftops, its iron latticework gleaming like lace against the blue sky.

I walked hand-in-hand with my partner, Pierre, as we made our way to Café de Flore for a breakfast treat. We settled into a cozy table by the window and ordered a basket of flaky croissants and a pot of rich coffee.

The café was abuzz with the gentle hum of conversations, the clinking of cups, and the aroma of freshly baked pastries wafting from the kitchen. A group of giggling children on summer vacation added their own joyous sounds to the mix.

Pierre pulled out his sketchbook and began to capture the scene outside the window – the riverbank's willows swaying gently in the breeze, the sunlight reflecting off the water's ripples, and the iconic cathedral of Notre-Dame standing watch in the distance.

I watched him as he worked, feeling grateful for these quiet moments together. As the sun continued its ascent, illuminating the city's famous landmarks, I reached across the tiny table to brush away a crumb on Pierre's chin. He smiled, not breaking his concentration but meeting my eyes to convey love and contentment in this tranquil setting. For us, every visit to Paris felt like a gift. And today, savoring each bite of our French breakfast, time seemed suspended as if life had gifted us a small slice of perfection.",5.244943656729227,umd,hugging-quants/Meta-Llama-3.1-70B-Instruct-AWQ-INT4,135.90247678756714,4
Write a 250-word story that takes place in Paris:,2,"As the sun set over the Eiffel Tower, casting a warm golden light over the City of Love, Sophie strolled along the Seine River. She had always dreamed of visiting Paris, and now she was finally here, soaking up the sights and sounds of the vibrant city.

As she walked, Sophie stumbled upon a charming little café tucked away on a quiet street corner. She ducked inside, her eyes adjusting to the cozy atmosphere within. The aroma of freshly baked croissants wafted through the air, and Sophie's stomach growled with hunger. She took a seat at a tiny table by the window, where she could watch the world go by.

The waiter, a handsome young man named Pierre, greeted Sophie with a smile and a nod. ""Bonjour, mademoiselle,"" he said, as he handed her a menu. ""What can I get for you?""

Sophie hesitated, overwhelmed by the options. ""Je voudrais... um..."" she stammered, trying out her high school French. Pierre chuckled kindly and translated for her, suggesting his favorite dish – a delicious quiche Lorraine.

As Sophie savored each bite, she felt like a true Parisian, sipping coffee and watching artists sketching on the sidewalk outside. When Pierre returned to check on her, they chatted about everything from Impressionism to croissant-making techniques. For one magical hour, Sophie forgot she was a tourist and simply enjoyed being alive in this beautiful, captivating city. And when she finished her meal, Pierre pressed a petite macaron into her hand, saying ""Pour la route"" – for the road ahead.",3.368901148667759,umd,hugging-quants/Meta-Llama-3.1-70B-Instruct-AWQ-INT4,141.1890091896057,5
"Write a 250-word story about Evan, who falls for Emilie in Paris:",3,"As Evan strolled along the Seine River, taking in the city's romantic atmosphere, he stumbled upon a charming street performer. Her name was Emilie, and she was playing a beautiful melody on her violin. Entranced by the sweet sounds, Evan stopped to listen, his eyes locking onto hers as she caught his gaze.

Emilie's piercing green eyes sparkled as she smiled at Evan, and he felt an undeniable connection. As she finished her set, he approached her to toss a few euros into her case. They exchanged pleasantries, and before he knew it, they were chatting like old friends.

Evan learned that Emilie was a music student at the Conservatoire de Paris, and he found himself enthralled by her passion for music and life. As the sun began to set, casting a warm glow over the city, Emilie suggested a stroll through the nearby Jardin des Tuileries. Hand in hand, they walked among the perfectly manicured gardens, their conversation flowing effortlessly.

The night air carried the sweet scent of blooming flowers, and Evan couldn't help but feel swept up in the magic of the moment. He realized he'd fallen deeply for Emilie in just a short time. As the stars began to twinkle above, Emilie leaned in, her voice barely above a whisper. ""Je t'aime cette nuit,"" (I love this night) she said. And with one kiss under the stars, Evan knew their whirlwind romance had only just begun.",1.7940298342997578,umd,hugging-quants/Meta-Llama-3.1-70B-Instruct-AWQ-INT4,129.580988407135,6
"Write a 250-word story about Evan, who falls for Emilie in Paris:",3,"Evan strolled through the winding streets of Montmartre, camera slung around his neck, capturing the charms of the city he'd grown to adore. A year ago, he had left his corporate job to pursue his passion for photography and explore Europe. Paris, with its timeless elegance, had become his temporary home.

As he turned a corner, a ray of sunlight danced across the cobblestone street, illuminating a petite café. The aroma of freshly baked croissants wafted out, drawing him in. Inside, a shy smile greeted him from behind the counter – Emilie, with her bright hazel eyes and wild curly hair.

Over steaming cups of coffee, they exchanged stories. Emilie spoke of her art, her love of Impressionism and dreams of exhibiting at the Louvre. As she showed him her sketchbook, their hands touched, sparking an undeniable connection. For Evan, it was as if time stood still.

With each meeting, their conversations flowed like the Seine, effortlessly navigating art, literature, and life's intricacies. They lost themselves in galleries, parks, and quaint boulangeries. Emilie taught Evan how to pronounce ""croissant"" correctly; he introduced her to jazz legends at a hidden speakeasy.

Under starlit skies, as the Eiffel Tower cast a golden glow on the city, Evan realized he had fallen deeply for this kindred spirit. His heart now held a new subject to capture: Emilie – a masterpiece beyond frames and lenses, radiant with light.",4.262867932595694,umd,hugging-quants/Meta-Llama-3.1-70B-Instruct-AWQ-INT4,133.0667917728424,7
"Write a 250-word story about Evan, who falls for Emilie in Paris:",3,"Evan had always been enchanted by the City of Light, but it was during his current visit to Paris that he found himself captivated by more than just the Eiffel Tower or a perfectly flaky croissant. It was the sparkling smile of Emilie, the charming café owner's daughter, that stole his heart.

As a struggling artist, Evan had wandered into Café de la Vie one drizzly afternoon seeking refuge and inspiration. That's when he spotted her, expertly crafting cappuccinos with a flourish behind the counter. Her eyes locked onto his, and he felt an undeniable connection.

Over steaming cups of coffee and conversation, they discovered a shared love for French cinema and art deco architecture. Emilie, with her wild curly hair and quick wit, effortlessly charmed Evan as she showed him the hidden corners of Montmartre. As the days turned into weeks, their casual encounters evolved into moonlit strolls along the Seine and cozy dinner dates at quaint bistrots.

Emilie, sensing Evan's passion for life, encouraged him to pursue his artistic dreams. With every passing day, their connection deepened. Strolling through the Luxembourg Gardens, hand-in-hand, Evan knew he'd found someone special – a true joie de vivre kindred spirit. The very city that once captured his imagination now seemed dull in comparison to the bright light that shone from Emilie's presence.

For Evan, it was clear: Paris would never be the same without the radiant beauty he'd fallen head over heels for. In this enchanting city, where art, history, and romance wove together like intricate lace, Evan's own masterpiece began to unfold – a tapestry woven around his beloved Emilie.",4.159164730136146,umd,hugging-quants/Meta-Llama-3.1-70B-Instruct-AWQ-INT4,148.39440631866455,8
"Write a 250-word story about Evan, an American tourist, who falls for Emilie, a barista, in Paris:",4,"Evan had been wandering the winding streets of Montmartre for hours, trying to soak up every ounce of Parisian charm. As he turned a corner, the aroma of freshly brewed coffee drew him into a quaint café. Behind the counter stood Emilie, her bright smile and sparkling eyes immediately captivating his attention.

""Bonjour, monsieur,"" she said, as she crafted a intricate design on top of a customer's latte.

""Hi,"" Evan stuttered, feeling suddenly shy. He ordered a simple café au lait, not wanting to seem too complicated in front of this beautiful stranger.

As Emilie expertly poured the steaming hot milk into his cup, their hands touched briefly. Evan felt a jolt of electricity and quickly excused himself to sit at a small table by the window.

Over the course of several visits, Evan found himself returning to the café again and again, just to catch a glimpse of Emilie. They began to chat more freely, exchanging stories about their lives and passions. Emilie shared her love of art and music, while Evan regaled her with tales of his adventures traveling through Europe.

Before he knew it, two weeks had passed, and Evan's visit was coming to an end. As he sipped his final cup of coffee, Emilie slipped a small note across the counter – her phone number and a promise to stay in touch. ""Au revoir, mais pas goodbye,"" she whispered, smiling seductively.",4.916075716820759,umd,hugging-quants/Meta-Llama-3.1-70B-Instruct-AWQ-INT4,126.48805618286131,9
"Write a 250-word story about Evan, an American tourist, who falls for Emilie, a barista, in Paris:",4,"As Evan sipped his café au lait at the charming bistro on Rue de Rivoli, he couldn't help but notice the beautiful young woman with piercing green eyes and raven-black hair behind the counter. Emilie, the lovely barista, had caught his attention more than once during his daily visits to the café.

For a week, Evan found himself lingering over his coffee, making small talk with Emilie as she worked. They exchanged stories, laughter, and smiles, their connection growing stronger with each passing day. He learned that she was a student at the Sorbonne, studying art history and linguistics, with a passion for French cinema and Impressionist paintings.

As the days turned into weeks, their casual conversations evolved into meaningful discussions about life, culture, and dreams. Evan discovered they shared a love for Woody Allen's films and the works of Édith Piaf. With every visit, their hands would touch slightly as she handed him his coffee, sending shivers down his spine.

One afternoon, as Evan prepared to leave Paris, he mustered up the courage to ask Emilie if she'd like to join him for a farewell dinner. To his delight, she agreed. Over croissants and cheese at a quaint bistro along the Seine, they talked long after the sun set. Under the Eiffel Tower's twinkling lights, they shared their first kiss. For Evan, this chance encounter with Emilie was no ordinary holiday romance – it was a taste of l'amour fou that left him wanting more of the City of Love and its captivating beauty.",2.9324340167718463,umd,hugging-quants/Meta-Llama-3.1-70B-Instruct-AWQ-INT4,137.77708625793457,10
"Write a 250-word story about Evan, an American tourist, who falls for Emilie, a barista, in Paris:",4,"Evan wandered the charming streets of Montmartre, sipping on a coffee to warm his chilly hands. As he turned a corner, a tiny café caught his eye - its sign reading ""Café Bliss"". He pushed open the door and was greeted by the sweet aroma of freshly baked pastries and the bright smile of Emilie, the lovely barista.

Enchanted by her sparkling eyes and effortless charm, Evan stumbled over his words ordering a café au lait. Emilie laughed kindly as she expertly crafted his drink, their fingers touching briefly as she handed it to him. A jolt of electricity ran through Evan's body.

Over the next few days, Evan found himself returning to Café Bliss again and again, feigning interest in every pastry under the sun just to catch a glimpse of Emilie. They chatted about everything from French literature to American music, their conversations flowing effortlessly. Emilie showed Evan the hidden gems of the city, walking with him along the Seine as the Eiffel Tower twinkled above.

As their connection deepened, Evan knew he couldn't bear to leave Emilie when his trip ended. But she smiled mischievously and whispered, ""_Viens voir moi demain,"" - see you tomorrow - as if she had a secret plan to make their whirlwind romance continue beyond his vacation. And Evan knew, as he walked back to his hostel that night, that this was one cultural immersion he'd gladly prolong forever.",5.728715546977509,umd,hugging-quants/Meta-Llama-3.1-70B-Instruct-AWQ-INT4,130.55123782157898,11
"Write a 250-word story about Evan, an American tourist, who falls for Emilie, a barista, during a spring festival in Paris:",5,"As Evan wandered through the charming streets of Montmartre during the vibrant Spring Festival in Paris, he stumbled upon a quaint little café that caught his eye. The aroma of freshly brewed coffee wafted out into the crisp spring air, drawing him in like a magnet. Inside, he was greeted by the lovely Emilie, with her bright smile and sparkling brown eyes. As she crafted his cappuccino with precision and flair, they struck up a conversation.

Evan, smitten by her charm and accent, found himself lingering at the café long after finishing his drink. They chatted about everything from art to music, their connection growing stronger with each passing minute. Emilie, enchanted by Evan's adventurous spirit and kind heart, felt her own heart fluttering like the colorful balloons floating above the festival crowd.

As the sun began to set over the Eiffel Tower, Evan asked if he could join Emilie on a stroll along the Seine. She agreed, and as they strolled hand-in-hand, the city lights twinkling around them, they both knew this chance encounter might be something more. With every step, their laughter and conversation flowed easily, like the river beneath their feet.

As the night drew to a close, Evan walked Emilie back to the café and, under the stars, asked if he could see her again the next day. Her smile lit up the darkness, and she replied, ""Oui, I'd love that."" And so, amidst the magic of the Spring Festival, Evan and Emilie embarked on a whimsical adventure together, one that might just become the start of a beautiful romance.",0.959294219086619,umd,hugging-quants/Meta-Llama-3.1-70B-Instruct-AWQ-INT4,142.173730134964,12
"Write a 250-word story about Evan, an American tourist, who falls for Emilie, a barista, during a spring festival in Paris:",5,"Evan strolled through the crowded streets of Montmartre, taking in the sights and sounds of the vibrant spring festival. The smell of freshly baked crepes and roasting chestnuts filled the air as he made his way to a quaint café on the corner. He spotted Emilie, a charming French barista with bright blue eyes and curly brown hair, expertly crafting coffee drinks behind the counter.

As Evan waited in line, he couldn't help but notice the way Emilie's smile lit up when she greeted each customer by name. When it was finally his turn to order, their eyes met, and he felt a spark of connection. ""Bonjour, what can I get you today?"" she asked in perfect English. Evan hesitated, stumbling over his French phrases, but Emilie kindly helped him with the translation.

Over steaming cups of coffee, they chatted effortlessly, discovering shared passions for art, music, and French literature. As the festival crowd swelled outside, they continued to chat, their conversations flowing smoothly from topic to topic. Before parting ways, Emilie handed Evan a paper flower crown and bid him adieu, her fingers brushing against his hand.

Throughout the rest of the festival, Evan found himself wandering back to the café, drawn to Emilie's warmth and infectious energy. With each visit, their connection grew stronger, as if the whimsical atmosphere had conspired to bring them together. By dusk, as twinkling string lights adorned the cityscape, Evan knew that this chance encounter might just become something much more special. And as he sipped his final cup of coffee with Emilie by his side, he realized that sometimes, love finds you when you least expect it – especially in the City of Light.",4.172154933704038,umd,hugging-quants/Meta-Llama-3.1-70B-Instruct-AWQ-INT4,150.4708833694458,13
"Write a 250-word story about Evan, an American tourist, who falls for Emilie, a barista, during a spring festival in Paris:",5,"As the sweet scent of blooming flowers and freshly brewed coffee wafted through the crisp spring air, Evan couldn't help but feel invigorated as he strolled through the charming streets of Montmartre. He had always dreamed of visiting Paris, and now, as a solo traveler, he was determined to soak up every ounce of joie de vivre the city had to offer.

On his second day in the City of Light, Evan stumbled upon a quaint café during the bustling Spring Festival celebrations. Amidst the lively crowd, one bright smile caught his eye – Emilie's. The captivating barista, with her curly brown locks and expressive green eyes, handed him a steaming cup of espresso and asked, "" Comment ça va?"" (how's it going?) in a melodious French accent that left Evan speechless.

Transfixed by Emilie's warmth and kindness, Evan found himself lingering at the café, ordering one drink after another, just so he could steal a few more conversations with her. As they chatted, he learned she was not only a talented barista but also an aspiring artist, whose paintings captured the beauty of the city she adored. Entranced by their conversations and Emilie's infectious laughter, Evan discovered a deep connection he'd never felt before. By the time the festival lights began to twinkle, Evan knew he'd be returning to that very same café tomorrow, hoping to turn a fleeting encounter into something extraordinary.",2.335296179807324,umd,hugging-quants/Meta-Llama-3.1-70B-Instruct-AWQ-INT4,126.24880266189577,14
"Write a 250-word story about Evan, an American tourist, who falls for Emilie, a barista, during a spring festival in Paris. They bond over their love for art and architecture, leading to walks along the Seine:",6,"Evan strolled through the winding streets of Montmartre, taking in the vibrant atmosphere of the spring festival in full swing. As he turned a corner, the aroma of freshly brewed coffee drew him into a charming café. That's where he spotted her - Emilie, with her bright smile and quick hands as she crafted intricate latte art.

Struck by her beauty, Evan ordered a coffee just to linger at the counter. Emilie noticed his American accent and asked if he was a tourist. Their conversation flowed effortlessly, like the Seine River that wound its way through the city. They discovered a shared passion for art and architecture, and before parting ways, they exchanged numbers under the guise of discussing a favorite artist.

Over the next few days, Evan and Emilie met at quirky corners of Paris. They debated Rodin's masterpieces at the museum, marveled at Gustave Eiffel's engineering feat on the tower, and strolled hand-in-hand along the riverbank. The city's grandeur faded into the background as their connection intensified. 

As twilight set over the water, their casual encounters evolved into something more profound - a deepening understanding between two souls appreciative of beauty and life's subtleties.",4.004215053120015,umd,hugging-quants/Meta-Llama-3.1-70B-Instruct-AWQ-INT4,106.74159789085388,15
"Write a 250-word story about Evan, an American tourist, who falls for Emilie, a barista, during a spring festival in Paris. They bond over their love for art and architecture, leading to walks along the Seine:",6,"As Evan strolled through the vibrant streets of Paris during the spring festival, he stumbled upon a quaint café tucked away on a charming side street. The aroma of freshly brewed coffee wafted out, enticing him to enter. That's where he met Emilie, the lovely barista with a bright smile and sparkling eyes.

As he waited for his coffee, they struck up a conversation, discussing everything from the intricate designs on the cups to their shared passion for Impressionist art. Emilie recommended a visit to the Musée d'Orsay, where she had worked as a part-time tour guide. Evan was captivated by her infectious enthusiasm and decided to take her suggestion.

The next day, as the sun shone brightly over the city, they met at the museum. As they wandered through the galleries, they marveled at the masterpieces on display, analyzing techniques and styles. Their artistic conversations flowed as easily as the Seine River, which sparkled in the sunlight outside.

Afterward, they embarked on a leisurely stroll along the riverbank, taking in the sweet scents of blooming flowers and freshly baked bread. Evan couldn't help but feel enchanted by Emilie's joie de vivre and the way her eyes danced when she talked about art. As the light began to fade, casting a warm glow over the city, Evan knew he didn't want this magical encounter to end.

With a fluttering heart, he turned to Emilie and asked if she'd like to join him for another artistic adventure – exploring Montmartre's winding streets and witnessing the sunset at the Sacré-Cœur Basilica. To his delight, she agreed. And as they strolled hand-in-hand into the twilight hours, their whirlwind romance had only just begun.",2.5162372889220834,umd,hugging-quants/Meta-Llama-3.1-70B-Instruct-AWQ-INT4,153.60744285583496,16
"Write a 250-word story about Evan, an American tourist, who falls for Emilie, a barista, during a spring festival in Paris. They bond over their love for art and architecture, leading to walks along the Seine:",6,"As Evan sipped his café au lait at a charming café on Île de la Cité, he couldn't help but notice the barista's bright smile and sparkling eyes. Emilie, with her dark hair tied back in a sleek bun, moved with ease as she crafted each drink. The American tourist was immediately smitten.

As it turned out, this chance encounter happened on a sunny day during the Printemps des Rêves festival, when the city celebrated its artists and artisans. As Emilie handed Evan his change, they struck up a conversation about the event. It didn't take long for them to discover their shared passion for Impressionist art and historical buildings. 

Evan and Emilie decided to take advantage of the pleasant weather and stroll by the Seine River. During their leisurely walk, their excitement grew as they discussed everything from Monet's water lilies to Gustave Eiffel's innovative designs. The sun casting a golden glow on the city made their connection even more magical.

On subsequent days, the two met again at a street market and strolled through Musée d'Orsay together. Their time spent along the winding riverbanks deepened their budding romance, filled with laughter, stories, and a deep appreciation for beauty and history.

Emilie led Evan to her favorite bookstore near the Notre Dame cathedral and suggested some literature on French architecture; Evan then showed her photographs he took of city sights while she had been crafting beverages earlier that morning.",7.111862999082994,umd,hugging-quants/Meta-Llama-3.1-70B-Instruct-AWQ-INT4,132.63177943229675,17
"Write a 250-word story about Evan, an American tourist, who falls for Emilie, a barista, during a spring festival in Paris. They bond over their love for Claude Monet's art and the city's architecture, leading to walks along the Seine:",7,"As Evan wandered through the vibrant stalls of the spring festival in Paris, he stumbled upon a quaint café serving coffee and crêpes. The sweet aroma drew him in, and as he waited in line, his eyes met those of Emilie, the charming barista with a warm smile. As she handed him his coffee, their fingers touched, sparking a connection.

Their conversation flowed effortlessly, like the Seine River that wound its way through the city. Evan discovered Emilie shared his passion for Impressionist art, particularly Claude Monet's works. As they discussed the master's use of light and color, Emilie recommended a visit to the Musée Marmottan Monet.

Evan returned to the café several times, always ordering from Emilie, and their conversations deepened. One afternoon, as the sun cast a golden glow over the rooftops, Emilie suggested a stroll along the Seine. Hand in hand, they walked across Pont des Arts, taking in the city's breathtaking beauty. Emilie pointed out hidden gems – a medieval church here, a Belle Époque building there.

As dusk approached, they paused on a tranquil quai, watching street performers and artists showcase their talents. Evan turned to Emilie, her eyes shining with excitement, and felt his heart skip a beat. ""I never knew someone who loved Monet as much as I do,"" he said, smiling at her. Emilie smiled back, her lips inches from his, and he knew this chance encounter had kindled something special.",3.3280631519106305,umd,hugging-quants/Meta-Llama-3.1-70B-Instruct-AWQ-INT4,132.40741443634033,18
"Write a 250-word story about Evan, an American tourist, who falls for Emilie, a barista, during a spring festival in Paris. They bond over their love for Claude Monet's art and the city's architecture, leading to walks along the Seine:",7,"As Evan wandered through the winding streets of Montmartre, he stumbled upon a charming café that was bursting with the vibrant atmosphere of the spring festival. The aroma of freshly brewed coffee drew him inside, where he spotted Emilie, her bright smile shining like a ray of sunshine behind the counter.

As she crafted his cappuccino, their eyes met, and they exchanged a warm bonjour. But it wasn't until Evan complimented her on the café's watercolor paintings, which adorned the walls, that their conversation truly took flight.

""Ah, you're an admirer of Monet?"" Emilie asked, her eyes lighting up.

Evan nodded enthusiastically. ""Who isn't? His Impressionist style captures the essence of this beautiful city.""

Emilie's passion for Monet's work was matched only by Evan's own, and before long, their discussion had spilled out onto the sidewalk. As the sun began its lazy descent towards the Eiffel Tower, casting a golden glow across the rooftops, they strolled hand-in-hand through the cobblestone streets, pausing to admire the grand architecture of Notre-Dame Cathedral.

Their conversations continued into the following days as they explored Paris together, discovering hidden corners and taking leisurely walks along the Seine, admiring the city's majesty reflected in the river below. With each passing day, their connection grew stronger, fueled by their shared fascination with Monet's brushstrokes and the charm of their surroundings.",4.615410428425493,umd,hugging-quants/Meta-Llama-3.1-70B-Instruct-AWQ-INT4,128.15985870361328,19
"Write a 250-word story about Evan, an American tourist, who falls for Emilie, a barista, during a spring festival in Paris. They bond over their love for Claude Monet's art and the city's architecture, leading to walks along the Seine:",7,"As Evan wandered through the winding streets of Montmartre, he stumbled upon a quaint café during the vibrant spring festival in Paris. The aroma of freshly brewed coffee drew him in, where he spotted Emilie, a charming barista with bright blue eyes and a warm smile. As she crafted his espresso, they exchanged playful banter about the peculiar weather - rain one moment, sun the next.

Evan couldn't help but notice the art books scattered on the counter, showcasing Claude Monet's famous water lilies paintings. Intrigued, Emilie revealed her passion for Impressionist artists and the way light danced across the city's buildings. Enchanted by their shared interest, Evan spent the rest of the morning chatting with Emilie as if time stood still.

Before leaving, Emily suggested they take a stroll along the Seine, which became their new ritual every sunny afternoon. Hand in hand, they explored hidden corners of Paris - Notre-Dame's intricate carvings, Sainte-Chapelle's kaleidoscopic stained glass - and laughed together beneath Eiffel's majestic ironwork.

In these effortless moments, their hearts entwined like the river's meandering paths and grand architecture blended with nature's beauty. Though different words described the beauty - joie de vivre or simply lovely - for Evan and Emilie, everything felt right alongside each other beneath that sky so wide and blue above.",7.035581786309447,umd,hugging-quants/Meta-Llama-3.1-70B-Instruct-AWQ-INT4,126.13318395614624,20
"Write a 250-word story about Evan, an American tourist, who falls for Emilie, a barista, during a spring festival in Paris. They bond over their love for Claude Monet's 'Impression, Sunrise' and the Hotel de Sully's architecture, leading to walks along the Seine:",8,"As Evan sipped his café au lait at a charming sidewalk café, he noticed Emilie, the lovely barista, with her bright smile and infectious laugh. It was the perfect setting - a crisp spring morning in Paris, with the sweet scent of blooming flowers and the sound of lively chatter filling the air. The spring festival had brought people together, but Evan's eyes kept drifting back to Emilie.

Striking up a conversation, they discovered a shared passion for art and history. When Evan mentioned his favorite painting, Claude Monet's ""Impression, Sunrise"", Emilie's face lit up. They geeked out over the soft brushstrokes and dreamy light that captured the fleeting moment.

Strolling through the festival, they chanced upon a stunning view of the Hotel de Sully, its elegant façade a testament to French Baroque architecture. As they admired the building's grandeur, Emilie turned to Evan and said, ""C'est incroyable, n'est-ce pas?"" (Isn't it incredible?) Their mutual appreciation sparked a connection, like the city was conspireing to bring them together.

The days that followed were filled with leisurely strolls along the Seine, discussing everything from Impressionism to existential philosophy. They savored croissants at a quaint bakery, exploring hidden corners of Montmartre. Under the twilight sky, as street performers and artists added magic to the atmosphere, Evan knew he'd fallen for Emilie - and Paris, once again.",4.45185181104014,umd,hugging-quants/Meta-Llama-3.1-70B-Instruct-AWQ-INT4,135.44496965408325,21
"Write a 250-word story about Evan, an American tourist, who falls for Emilie, a barista, during a spring festival in Paris. They bond over their love for Claude Monet's 'Impression, Sunrise' and the Hotel de Sully's architecture, leading to walks along the Seine:",8,"As Evan wandered through the vibrant streets of Paris during the spring festival, he stumbled upon a charming café with a bright yellow awning. He ducked inside to escape the crowd and ordered a croissant and coffee from the lovely barista, Emilie. Their eyes met as she handed him his order, and Evan felt a spark.

While sipping his coffee, Evan spotted Emilie gazing at her phone. She was admiring a picture of Claude Monet's ""Impression, Sunrise."" Intrigued, Evan approached her and struck up a conversation. Emilie beamed as they discussed their shared appreciation for the famous painting that inspired the term ""Impressionism.""

Their chat flowed easily, like the Seine itself, as they discovered more common ground - their admiration for the beautiful Hotel de Sully's 17th-century French Baroque style. Before parting, Emilie suggested they take a stroll along the riverbank to admire the historic building's façade up close.

Evan and Emilie spent the next few afternoons walking hand-in-hand along the Seine, taking detours through quaint streets and markets. As the sun began to set, casting golden light on the water, their casual strolls evolved into relaxed dates. The Eiffel Tower became their silent companion as they laughed and delved deeper into each other's lives.

Parisian beauty now had a different meaning for Evan; it meant experiencing life's pleasures alongside someone who cherished them just as much as he did. And as their spring fling unfolded amidst the city's charms, neither knew whether it would bloom into something lasting or remain a fleeting but unforgettable impression.",5.657211362857181,umd,hugging-quants/Meta-Llama-3.1-70B-Instruct-AWQ-INT4,146.07644486427307,22
"Write a 250-word story about Evan, an American tourist, who falls for Emilie, a barista, during a spring festival in Paris. They bond over their love for Claude Monet's 'Impression, Sunrise' and the Hotel de Sully's architecture, leading to walks along the Seine:",8,"As Evan strolled through the vibrant Spring Festival in Paris, he stumbled upon a charming café tucked away on a quiet street. The aroma of freshly brewed coffee drew him in, where he spotted Emilie, with her bright smile and infectious laugh, expertly crafting drinks behind the counter. As he waited in line, their eyes met, and Evan felt an undeniable spark.

Upon ordering his café au lait, Evan couldn't help but admire Emilie's artful arrangement of pastries and flowers. She noticed his interest and struck up a conversation, recommending her favorite tartine du jour. As they chatted, Evan learned that Emilie was not only a skilled barista but also an art history buff. His mention of Claude Monet's ""Impression, Sunrise"" sparked a shared enthusiasm, and they geeked out over the painting's significance in defining the Impressionist movement.

Emilie pointed out the Hotel de Sully, a masterpiece of 17th-century French Baroque architecture, across the square. Its grandeur and ornate details captivated Evan, and he marveled at its beauty alongside Emilie. As the sun began to set, casting a warm golden light, she suggested a stroll along the Seine. Together, they wandered hand-in-hand, discussing art, life, and everything in between. The Eiffel Tower twinkled above, as if blessing their budding connection.

Under the City of Light's magical spell, Evan found himself falling for the charming Emilie with each passing step. Their walk became a daily ritual, filled with laughter, deep conversations, and exploration of hidden gems like Sainte-Chapelle's stunning stained glass. As the festival came to a close, Evan knew he'd return home with memories of Parisian romance forever etched in his heart – all thanks to a chance encounter with a captivating barista named Emilie.",3.2497521272996948,umd,hugging-quants/Meta-Llama-3.1-70B-Instruct-AWQ-INT4,178.00350713729858,23
"Write a 250-word story about Evan, an American tourist, who falls for Emilie, a barista, during a spring festival in Paris. They bond over their love for Claude Monet's 'Impression, Sunrise' and the Hotel de Sully's architecture, leading to walks along the Seine. Their connection deepens amid shared laughter and explorations of Le Marais:",9,"As Evan sipped his café au lait at a charming café in Le Marais, he couldn't help but notice the beautiful barista with piercing brown eyes and a bright smile - Emilie. It was the first day of spring, and the streets of Paris were alive with vibrant music and colorful flowers. As they struck up a conversation, Evan discovered their shared passion for art, particularly Claude Monet's 'Impression, Sunrise', which had inspired his trip to the city.

Emilie's knowledge and enthusiasm impressed Evan, and as they chatted, she revealed her fondness for the Hotel de Sully's architectural grandeur. He suggested they take a walk to admire its beauty up close. Strolling hand-in-hand along the Seine River, they found themselves lost in conversation, exploring the winding streets of Le Marais.

With each passing day, their connection grew stronger. They spent hours wandering through the cobblestone alleys, discovering hidden courtyards and quaint shops. Laughter echoed through the air as they playfully debated art history and sampled croissants from various patisseries. The spring festival celebrations provided a magical backdrop to their budding romance. Under the blooming cherry blossoms, Emilie whispered secrets, and Evan felt his heart skip a beat.

In the evenings, as twilight fell upon the Eiffel Tower, Evan knew this chance encounter might be the start of something extraordinary. For now, though, he savored every moment, grateful to have stumbled into this whimsical world with Emilie by his side.",3.8693724311253215,umd,hugging-quants/Meta-Llama-3.1-70B-Instruct-AWQ-INT4,147.5973858833313,24
"Write a 250-word story about Evan, an American tourist, who falls for Emilie, a barista, during a spring festival in Paris. They bond over their love for Claude Monet's 'Impression, Sunrise' and the Hotel de Sully's architecture, leading to walks along the Seine. Their connection deepens amid shared laughter and explorations of Le Marais:",9,"As Evan sipped his café au lait at a charming sidewalk café in Le Marais, he couldn't help but notice Emilie, the lovely barista with a bright smile and a spark in her eyes. It was a sunny spring day, and the festival atmosphere filled the air as locals and tourists alike celebrated the season's arrival.

Evan struck up a conversation, commenting on the beautiful architecture of the nearby Hôtel de Sully, with its elegant Renaissance façade and tranquil courtyard garden. To his surprise, Emilie revealed a deep appreciation for the building's history and significance.

Their chat flowed effortlessly, and soon they discovered a shared passion for art, particularly Claude Monet's 'Impression, Sunrise.' The painting that had given birth to Impressionism resonated deeply with both of them, evoking memories of early morning strolls and golden light. As the days went by, Evan found himself lingering around the café, hoping to catch another glimpse of Emilie.

Before long, she agreed to take him on a stroll along the Seine, where they continued exploring their creative interests and laughed together over stories of artistic inspirations. Their meanderings through winding streets led to unexpected discoveries – quaint artisan shops and cozy bistros hidden away from tourist maps.

The connection between them grew stronger as they delved deeper into the heart of Le Marais, their feet tracing paths through cobblestone alleys as sunlight danced across ancient facades. In those fleeting moments, Evan knew that his chance encounter with Emilie might just be the most captivating work of art he'd ever known – a beautiful beginning painted with vibrant colors and warmth of human spirit.",6.674238124719146,umd,hugging-quants/Meta-Llama-3.1-70B-Instruct-AWQ-INT4,155.39127945899963,25
"Write a 250-word story about Evan, an American tourist, who falls for Emilie, a barista, during a spring festival in Paris. They bond over their love for Claude Monet's 'Impression, Sunrise' and the Hotel de Sully's architecture, leading to walks along the Seine. Their connection deepens amid shared laughter and explorations of Le Marais:",9,"As Evan strolled through the vibrant streets of Paris during the spring festival, he stumbled upon a quaint café and decided to stop for a coffee. That's where he met Emilie, a charming barista with a bright smile and a passion for art. As she expertly crafted his latte, they struck up a conversation, discovering a shared adoration for Claude Monet's masterpiece ""Impression, Sunrise."" The painting's dreamy light seemed to capture the very essence of their chance encounter.

As they talked, Evan learned that Emilie was also fascinated by the ornate Renaissance architecture of the Hôtel de Sully, which stood proudly nearby. Inspired by their shared interests, he asked if she'd like to join him on a stroll along the Seine River. Under the warm sun, with the river's gentle lapping sounds as background serenade, their connection blossomed.

Over the following days, Evan and Emilie wandered through Le Marais, hand in hand, losing themselves in the neighborhood's winding streets and eclectic charm. Laughter echoed through the historic quarter as they discovered street performers and quaint boutiques together. With each step, their connection deepened, their hearts harmonizing like the sweet melodies played by a traveling musician.

Their conversations flowed effortlessly, oscillating between art, history, and dreams, as if no moment could be wasted. Together, they turned this spring festival into a symphony of shared memories and whimsical moments.",5.356701678604402,umd,hugging-quants/Meta-Llama-3.1-70B-Instruct-AWQ-INT4,128.25858902931213,26
"Write a 250-word story about Evan, an American tourist, who falls for Emilie, a barista, during a spring festival in Paris. They bond over their love for Claude Monet's 'Impression, Sunrise' and the Hotel de Sully's architecture, leading to walks along the Seine. Their connection deepens amid shared laughter and explorations of Le Marais. As the festival lights dance on the river, Evan shares his feelings with Emilie under the starlit sky, promising to cherish the moments they've shared:",10,"As Evan sipped his coffee at a quaint café in the heart of Paris, he couldn't help but notice Emilie, the charming barista with a bright smile and sparkling eyes. It was the first day of spring, and the city was alive with vibrant colors and music. The aroma of freshly baked croissants wafted through the air as Evan mustered up the courage to strike up a conversation. His gaze landed on a postcard of Claude Monet's ""Impression, Sunrise"" pinned behind the counter.

""Impressionism is my favorite,"" Evan said, breaking the ice. Emilie's face lit up as she shared her own love for Monet's works and the way light danced across the water. The Hotel de Sully, with its elegant façade, caught their attention next – they both marveled at its architectural beauty.

Before long, strolls along the Seine became a daily ritual. Hand in hand, they'd wander through Le Marais, exploring its narrow streets and uncovering hidden gems. Laughter and easy conversations flowed like the river as their connection blossomed. 

Festival lights now illuminated the riverfront; night had fallen, casting stars across the sky. On a tranquil promenade, Evan captured Emilie's hands, confessing, ""In these few short days, you have captured my heart so fully... I promise you these moments will be cherished forever."" The twinkling light reflected the sparkle in their eyes as they found their way back into each other's arms beneath the beautiful sky.",6.447926610605736,umd,hugging-quants/Meta-Llama-3.1-70B-Instruct-AWQ-INT4,132.83825206756592,27
"Write a 250-word story about Evan, an American tourist, who falls for Emilie, a barista, during a spring festival in Paris. They bond over their love for Claude Monet's 'Impression, Sunrise' and the Hotel de Sully's architecture, leading to walks along the Seine. Their connection deepens amid shared laughter and explorations of Le Marais. As the festival lights dance on the river, Evan shares his feelings with Emilie under the starlit sky, promising to cherish the moments they've shared:",10,"As the sun broke through the gray clouds casting a warm glow over the Eiffel Tower, the city's joie de vivre was palpable. Amidst the lively atmosphere of the spring festival, Evan stumbled upon a quaint café, where Emilie was crafting artisanal coffee drinks with precision. Entranced by her bright smile and infectious laugh, Evan struck up a conversation, ordering a cappuccino as an excuse.

Their introduction segued into a mutual fascination with art when Emilie revealed her fondness for Impressionist works. The painting that captured both their hearts - 'Impression, Sunrise,' which coined the very term. From this common ground sprouted an enchanting walk alongside the Seine River. 

Emilie pointed at the magnificent beauty of the historic Hôtel de Sully as sunlight illuminated its elegant façade, sharing tales behind its centuries-old history. Such encounters became their cherished routine, strolling hand-in-hand through winding alleys in Le Marais, their banter flowing effortlessly.

On a night when twinkling festival lights adorned the night sky above the water, beneath stars, Evan gathered courage to confess his blossoming emotions. Promising not just a visit back but genuine connections built from their fleeting escapades. In the hush surrounding these intimate murmurs beneath starlight, Evan felt invigorated. Though the ephemeral life of tourists might beckon distance later, memories made here were unforgettable.",8.349577663239712,umd,hugging-quants/Meta-Llama-3.1-70B-Instruct-AWQ-INT4,123.97593784332275,28
"Write a 250-word story about Evan, an American tourist, who falls for Emilie, a barista, during a spring festival in Paris. They bond over their love for Claude Monet's 'Impression, Sunrise' and the Hotel de Sully's architecture, leading to walks along the Seine. Their connection deepens amid shared laughter and explorations of Le Marais. As the festival lights dance on the river, Evan shares his feelings with Emilie under the starlit sky, promising to cherish the moments they've shared:",10,"It was during the vibrant Spring Festival in Paris that Evan's life took an unexpected turn. Strolling through the lively streets of Le Marais, he stumbled upon a charming café, where Emilie greeted him with a warm smile and expertly crafted coffee. As she handed him his drink, their eyes met, and Evan felt a spark of connection. Noticing the art book on his table, open to a page featuring Claude Monet's ""Impression, Sunrise,"" Emilie struck up a conversation.

Their shared passion for the painting and its significance as the birth of Impressionism forged an instant bond between them. As they sipped their coffee, Emilie pointed out the beautiful Hotel de Sully across the square, admiring its elegant architecture. Before parting ways, they agreed to take a sunset stroll along the Seine together.

Over the next few days, Evan and Emilie meandered hand-in-hand through the winding streets of Le Marais, their conversations flowing effortlessly like the river beside them. Amidst bursts of laughter and cultural discoveries, their connection blossomed. As the festival's twinkling lights reflected off the water, Evan gathered his courage beneath the starry night sky. He confided his feelings to Emilie, expressing gratitude for their cherished encounters and vows to treasure these serendipitous moments, hoping their impromptu connection would be the starting point of something remarkable.",0.9730672655996822,umd,hugging-quants/Meta-Llama-3.1-70B-Instruct-AWQ-INT4,120.41969728469849,29
