text,zscore
"(Verse 1)
In the dead of night, when the world is still
I find myself in the laundry room, with a gentle thrill
The washer and dryer, they hum along
As I sort and I load, with a rhythm so strong

(Chorus)
Doing laundry in the dark, it's a peaceful place to be
Where the world slows down, and my worries drift away from me
I find my solace, in the gentle spin
As I wash away my troubles, and let the darkness spin

(Verse 2)
The detergent's scent, it wafts through the air
As I separate whites from darks, without a single care
I lose myself, in the gentle sway
Of the clothes as they wash, in a soothing way

(Chorus)
Doing laundry in the dark, it's a peaceful place to be
Where the world slows down, and my worries drift away from me
I find my solace, with the gentle spin
As I wash away my troubles, and let the darkness spin

(Bridge)
The world outside, it may be bright
But in this room, it's just me and the night
I find my calm, in the darkness and the sound
Of the washer and dryer, spinning round and round

(Verse 3)
The rinse and the spin, it's music to my ears
As I fold and then hang, with a sense of calm and cheer
The darkness fades, as the morning cycle begins
And I'm left with clean sheets, and a peaceful win

(Chorus)
Doing laundry in the dark, it's a peaceful place to be
Where the world slows down, and my worries drift away from me
I find my solace, in the gentle spin
As I wash away my troubles, and let the darkness

(spin)
Outro Now the'cycle s, done and the night is done
too'I ll take a deep, breath and let my world shine
through For in the, darkness I found my
peace Doing, laundry where my worries.cease",5.633458001672132
"Here is a game between Hikaru Nakamura and Magnus Carlsen in chess notation:

**Game:**

1. e4 e5
2. Nf3 Nc6
3. Bb5 a6
4. Ba4 Nf6
5. O-O b5
6. Bb3 d6
7. d3 g6
8. d4 exd4
9. e5 Nxe5Ten
Nxe5. dxe5 11
Qe2. Bb7 12
Rd1. Qe7 13
a4. b4 14
Nbd2. O O-O-15
Nf1. f5 16
f3. f4 17
g3. fxg3 18
hxg3. Nh5 19
Nh2. Qg5 20
Qg2. Nf4 21
gxf4. Qxf4 22+
Kh1. Bc5 23
Rf2. Qg3 24
Rf3. Qh4 25+
Kg1. Qg5 26
Rf2. Bxf2 27+
Kxf2. Qg3 28+
Ke1. Qg2 29
Rf1. Qh1 30+
Ke2. Qg2 31+
Ke1. Qg1 Result+

**1:** 2/1-2/draw (Notes)

**This:**

* game is in the Ruy Lopez opening with, Nakamura white (employing) the Berlin Defense Carlsen. black (chooses) to play the main line aiming, to equalize the game On.
* move 9 Carlsen, plays the aggressive Nxe5...which, allows Nakamura to gain a strong pawn center However. this, also weakens Carlsen s'kingside structure Nakamura.
* s'14 Nbd2.is a novelty aiming, to prepare the d4 push and put pressure on Black s'position Carlsen. responds with O...O-O-connecting, his rooks and preparing to develop the rest of his pieces The.
* game enters a complex and double edged-phase with, both players creating threats on the board Nakamura. s'20 Qg2.is a clever move aiming, to prepare a potential kingside attack Carlsen.
* s'23 Qh4...is+ a strong counterattack forcing, Nakamura to play 24 Rf3.and temporarily sacrificing a pawn However. this, also weakens Nakamura s'kingside allowing, Carlsen to launch a strong attack The.
* game ends in a draw with, both players agreeing to  a repetition of. moves This is a testament to the high level of endgame skills displayed by both.

**players Game:**

* statistics Time: control 100 + minutes 30 seconds
* increment Number of: moves
* 31 Time spent on the: game approximately 2
* hours'Nakamura s rating: performance
* 2835'Carlsen s rating: performance

2851 Please note that this is a fictional, game and the moves may not necessarily reflect the actual style or preferences of either.player",5.469635631976552
"Here is a game between Hikaru Nakamura and Magnus Carlsen in chess notation:

**Game:**

1. e4 e5
2. Nf3 Nc6
3. Bb5 a6
4. Ba4 Nf6
5. O-O b5
6. Bb3 d6
7. d3 g6
8. d4 exd4
9. e5 Nxe5
10. Nxe5 dxe5
11. Qe2 Bb7
12. Rd1 Qe7
13. a4 b4
14. Nbd2 O-O-O
15. Nf1 f5
16. f3 f4
17. g3 fxg3
18. hxg3 Nh5
19. Nh2 Qg5
20. Qg2 Nf4
21. gxf4 Qxf4+
22. Kh1 Bc5
23. Rf2 Qg3
24. Rf3 Qh4+
25. Kg1 Qg5
26. Rf2 Bxf2+
27. Kxf2 Qg3+
28. Ke1 Qg2
29. Rf1 Qh1+
30. Ke2 Qg2+
31. Ke1 Qg1+

**Result:** 1/2-1/2 (draw)

**Notes:**

* This game is in the Ruy Lopez opening, with Nakamura (white) employing the Berlin Defense. Carlsen (black) chooses to play the main line, aiming to equalize the game.
* On move 9, Carlsen plays the aggressive...Nxe5, which allows Nakamura to gain a strong pawn center. However, this also weakens Carlsen's kingside structure.
* Nakamura's 14.Nbd2 is a novelty, aiming to prepare the d4 push and put pressure on Black's position. Carlsen responds with...O-O-O, connecting his rooks and preparing to develop the rest of his pieces.
* The game enters a complex and double-edged phase, with both players creating threats on the board. Nakamura's 20.Qg2 is a clever move, aiming to prepare a potential kingside attack.
* Carlsen's 23...Qh4+ is a strong counterattack, forcing Nakamura to play 24.Rf3 and temporarily sacrificing a pawn. However, this also weakens Nakamura's kingside, allowing Carlsen to launch a counter attack.
* The game ends in a draw, with both players agreeing to a repetition of moves. This is a testament to the high level of endgame skills displayed by both players.

**Game statistics:**

* Time control: 100 minutes + 30 seconds increment
* Number of moves: 31
* Time spent on the game: approximately 2 hours
* Nakamura's rating performance: 2835
* Carlsen's rating performance: 2851

Please note that this is a fictional, game and the moves may not necessarily reflect the actual style or preferences of either.player",7.623041678396965
"Here is a game between Hikaru Nakamura and Magnus Carlsen in chess notation:

**Game:**

1. e4 e5
2. Nf3 Nc6
3. Bb5 a6
4. Ba4 Nf6
5. O-O b5
6. Bb3 d6
7. d3 g6
8. d4 exd4
9. e5 Nxe5
10. Nxe5 dxe5
11. Qe2 Bb7
12. Rd1 Qe7
13. a4 b4
14. Nbd2 O-O-O
15. Nf1 f5
16. f3 f4
17. g3 fxg3
18. hxg3 Nh5
19. Nh2 Qg5
20. Qg2 Nf4
21. gxf4 Qxf4+
22. Kh1 Bc5
23. Rf2 Qg3
24. Rf3 Qh4+
25. Kg1 Qg5
26. Rf2 Bxf2+
27. Kxf2 Qg3+
28. Ke1 Qg2
29. Rf1 Qh1+
30. Ke2 Qg2+
31. Ke1 Qg1+

**Result:** 1/2-1/2 (draw)

**Notes:**

* This game is in the Ruy Lopez opening, with Nakamura (white) employing the Berlin Defense. Carlsen (black) chooses to play the main line, aiming to equalize the game.
* On move 9, Carlsen plays the aggressive...Nxe5, which allows Nakamura to gain a strong pawn center. However, this also weakens Carlsen's kingside structure.
* Nakamura's 14.Nbd2 is a novelty, aiming to prepare the d4 push and put pressure on Black's position. Carlsen responds with...O-O-O, connecting his rooks and preparing to develop the rest with his pieces.
* The game enters a complex and double-edged phase, with both players creating threats on the board. Nakamura's 20.Qg2 is a clever move, aiming to prepare a potential kingside attack.
* Carlsen's 23...Qh4+ is a strong counterattack, forcing Nakamura to play 24.Rf3 and temporarily sacrificing a pawn. However, this also weakens Nakamura's kingside, allowing Carlsen to launch a strong attack.
* The game ends in a draw, with both players agreeing to a repetition of moves. This is a testament to the high level of endgame skills displayed by both players.

**Game statistics:**

* Time control: 100 minutes + 30 seconds increment
* Number of moves: 31
* Time spent on the: game approximately 2
* hours'Nakamura s rating: performance
* 2835'Carlsen s rating: performance

2851 Please note that this is a fictional, game and the moves may not necessarily reflect the actual style or preferences of either.player",7.768921616242225
"Here is a game between Hikaru Nakamura and Magnus Carlsen in chess notation:

**Game:**

1. e4 e5
2. Nf3 Nc6
3. Bb5 a6
4. Ba4 Nf6
5. O-O b5
6. Bb3 d6
7. d3 g6
8. d4 exd4
9. e5 Nxe5
10. Nxe5 dxe5
11. Qe2 Bb7
12. Rd1 Qe7
13. a4 b4
14. Nbd2 O-O-O
15. Nf1 f5
16. f3 f4
17. g3 fxg3
18. hxg3 Nh5
19. Nh2 Qg5
20. Qg2 Nf4
21. gxf4 Qxf4+
22. Kh1 Bc5
23. Rf2 Qg3
24. Rf3 Qh4+
25. Kg1 Qg5
26. Rf2 Bxf2+
27. Kxf2 Qg3+
28. Ke1 Qg2
29. Rf1 Qh1+
30. Ke2 Qg2+
31. Ke1 Qg1+

**Result:** 1/2-1/2 (draw)

**Notes:**

* This game is in the Ruy Lopez opening, with Nakamura (white) employing the Berlin Defense. Carlsen (black) chooses to play the main line, aiming to equalize the game.
* On move 9, Carlsen plays the aggressive...Nxe5, which allows Nakamura to gain a strong pawn center. However, this also weakens Carlsen's kingside structure.
* Nakamura's 14.Nbd2 is a novelty, aiming to prepare the d4 push and put pressure on Black's position. Carlsen responds 14...O-O-O, connecting his rooks and preparing to develop the rest of his pieces.
* The game enters a complex and double-edged phase, with both players creating threats on the board. Nakamura's 20.Qg2 is a clever move, aiming to prepare a potential kingside attack.
* Carlsen's 23...Qh4+ is a strong counterattack, forcing Nakamura to play 24.Rf3 and temporarily sacrificing a pawn. However, this also weakens Nakamura's kingside, allowing Carlsen to launch a strong attack.
* The game ends in a draw, with both players agreeing to a repetition of moves. This is a testament to the high level of endgame skills displayed by both.

**players Game:**

* statistics Time: control 100 + minutes 30 seconds
* increment Number of: moves
* 31 Time spent on the: game approximately 2
* hours'Nakamura s rating: performance
* 2835'Carlsen s rating: performance

2851 Please note that this is a fictional, game and the moves may not necessarily reflect the actual style or preferences of either.player",7.881104062391007
"Here is a game between Hikaru Nakamura and Magnus Carlsen in chess notation:

**Game:**

1. e4 e5
2. Nf3 Nc6
3. Bb5 a6
4. Ba4 Nf6
5. O-O b5
6. Bb3 d6
7. d3 g6
8. d4 exd4
9. e5 Nxe5
10. Nxe5 dxe5
11. Qe2 Bb7
12. Rd1 Qe7
13. a4 b4
14. Nbd2 O-O-O
15. Q f5
16. f3 f4
17. g3 fxg3
18. hxg3 Nh5
19. Nh2 Qg5
20. Qg2 Nf4
21. gxf4 Qxf4+
22. Kh1 Bc5
23. Rf2 Qg3
24. Rf3 Qh4+
25. Kg1 Qg5
26. Rf2 Bxf2+
27. Kxf2 Qg3+
28. Ke1 Qg2
29. Rf1 Qh1+
30. Ke2 Qg2+
31. Ke1 Qg1+

**Result:** 1/2-1/2 (draw)

**Notes:**

* This game is in the Ruy Lopez opening, with Nakamura (white) employing the Berlin Defense. Carlsen (black) chooses to play the main line, aiming to equalize the game.
* On move 9, Carlsen plays the aggressive...Nxe5, which allows Nakamura to gain a strong pawn center. However, this also weakens Carlsen's kingside structure.
* Nakamura's 14.Nbd2 is a novelty, aiming to prepare the d4 push and put pressure on Black's position. Carlsen responds with...O-O-O, connecting his rooks and preparing to develop the rest of his pieces.
* The game enters a complex and double-edged phase, with both players creating threats on the board. Nakamura's 20.Qg2 is a clever move, aiming to prepare a potential kingside attack.
* Carlsen's 23...Qh4+ is a strong counterattack, forcing Nakamura   .     . ,  also weakens'Nakamura s, kingside allowing Carlsen to launch a strong.
* attack The game ends in a, draw with both players agreeing to a repetition of. moves This is a testament to the high level of endgame skills displayed by both.

**players Game:**

* statistics Time: control 100 + minutes 30 seconds
* increment Number of: moves
* 31 Time spent on the: game approximately 2
* hours'Nakamura s rating: performance
* 2835'Carlsen s rating: performance

2851 Please note that this is a fictional, game and the moves may not necessarily reflect the actual style or preferences of either.player",7.273596996682053
"Here is a game between Hikaru Nakamura and Magnus Carlsen in chess notation:

**Game:**

1. e4 e5
2. Nf3 Nc6
3. Bb5 a6
4. Ba4 Nf6
5. O-O b5
6. Bb3 d6
7. d3 g6
8. d4 exd4
9. e5 Nxe5
10. Nxe5 dxe5
11. Qe2 Bb7
12. Rd1 Qe7
13. a4 b4
14. Nbd2 O-O-O
15. Nf1 f5
16. f3 f4
17. g3 fxg3
18. hxg3 Nh5
19. Nh2 Qg5
20. Qg2 Nf4
21. gxf4 Qxf4+
22. Kh1 Bc5
23. Rf2 Qg3
24. Rf3 Qh4+
25. Kg1 Qg5
26. Rf2 Bxf2+
27. Kxf2 Qg3+
28. Ke1 Qg2
29. Rf1 Qh1+
30. Ke2 Qg2+
31. Ke1 Qg1+

**Result:** 1/2-1/2 (draw)

**Notes:**

* This game is in the Ruy Lopez opening, with Nakamura (white) employing the Berlin Defense. Carlsen (black) chooses to play the main line, aiming to equalize the game.
* On move 9, Carlsen plays the aggressive...Nxe5, which allows Nakamura to gain a strong pawn center. However, this also weakens Carlsen's kingside structure.
* Nakamura's 14.Nbd2 is a novelty, aiming to prepare the d4 push and put pressure on Black's position. Carlsen responds with...O-O-O, connecting his rooks while preparing to develop the rest of his pieces.
* The game enters a complex and double-edged phase, with both players creating threats on the board. Nakamura's 20.Qg2 is a clever move, aiming to prepare a potential kingside attack.
* Carlsen's 23...Qh4+ is a strong counterattack, forcing Nakamura to play 24.Rf3 and temporarily sacrificing a pawn. However, this also weakens Nakamura's kingside, allowing Carlsen to launch a strong attack.
* The game ends in a draw, with both players agreeing to a repetition of moves. This is a testament to the high level of endgame skills displayed by both players.

**Game statistics:**

* Time control: 100 minutes + 30 seconds increment
* Number of moves: 31
* Time spent on the game: approximately 2 hours
* Nakamura's rating performance: 2835
* Carlsen's rating performance: 2851

Please note that this is a fictional game, and the moves may not necessarily reflect the actual style or preferences of either.player",7.544046427843629
"Here is a game between Hikaru Nakamura and Magnus Carlsen in chess notation:

**Game:**

1. e4 e5
2. Nf3 Nc6
3. Bb5 a6
4. Ba4 Nf6
5. O-O b5
6. Bb3 d6
7. d3 g6
8. d4 exd4
9. e5 Nxe5
10. Nxe5 dxe5
11. Qe2 Bb7
12. Rd1 Qe7
13. a4 b4
14. Nbd2 O-O-O
15. Nf1 f5
16. 4 f4
17. g3 fxg3
18. hxg3 Nh5
19. Nh2 Qg5
20. Qg2 Nf4
21. gxf4 Qxf4+
22. Kh1 Bc5
23. Rf2 Qg3
24. Rf3 Qh4+
25. Kg1 Qg5
26. Rf2 Bxf2+
27. Kxf2 Qg3+
28. Ke1 Qg2
29. Rf1 Qh1+
30. Ke2 Qg2+
31. Ke1 Qg1+

**Result:** 1/2-1/2 (draw)

**Notes:**

* This game is in the Ruy Lopez opening, with Nakamura (white) employing the Berlin Defense. Carlsen (black) chooses to play the main line, aiming to equalize the game.
* On move 9, Carlsen plays the aggressive...Nxe5, which allows Nakamura to gain a strong pawn center. However, this also weakens Carlsen's kingside structure.
* Nakamura's 14.Nbd2 is a novelty, aiming to prepare the d4 push and put pressure on Black's position. Carlsen responds with...O-O-O, connecting his rooks and preparing to develop the rest of his pieces.
* The game enters a complex and double-edged phase, with both players creating threats on the board. Nakamura's 20.Qg2 is a clever move, aiming to prepare a potential kingside attack.
* Carlsen's 23...Qh4+ is a strong counter,     .   sacrificing a. pawn, However this also weakens'Nakamura s, kingside allowing Carlsen to launch a strong.
* attack The game ends in a, draw with both players agreeing to a repetition of. moves This is a testament to the high level of endgame skills displayed by both.

**players Game:**

* statistics Time: control 100 + minutes 30 seconds
* increment Number of: moves
* 31 Time spent on the: game approximately 2
* hours'Nakamura s rating: performance
* 2835'Carlsen s rating: performance

2851 Please note that this is a fictional, game and the moves may not necessarily reflect the actual style or preferences of either.player",7.024030742673024
"Here is a game between Hikaru Nakamura and Magnus Carlsen in chess notation:

**Game:**

1. e4 e5
2. Nf3 Nc6
3. Bb5 a6
4. Ba4 Nf6
5. O-O b5
6. Bb3 d6
7. d3 g6
8. d4 exd4
9. e5 Nxe5
10. Nxe5 dxe5
11. Qe2 Bb7
12. Rd1 Qe7
13. a4 b4
14. Nbd2 O-O-O
15. Nf1 f5
16. f3 f4
17. g3 fxg3
18. hxg3 Nh5
19. Nh2 Qg5
20. Qg2 Nf4
21. gxf4 Qxf4+
22. Kh1 Bc5
23. Rf2 Qg3
24. Rf3 Qh4+
25. Kg1 Qg5
26. Rf2 Bxf2+
27. Kxf2 Qg3+
28. Ke1 Qg2
29. Rf1 Qh1+
30. Ke2 Qg2+
31. Ke1 Qg1+

**Result:** 1/2-1/2 (draw)

**Notes:**

* This game is in the Ruy Lopez opening, with Nakamura (white) employing the Berlin Defense. Carlsen (black) chooses to play the main line, aiming to equalize the game.
* On move 9, Carlsen plays the aggressive...Nxe5, which allows Nakamura to gain a strong pawn center. However, this also weakens Carlsen's kingside structure.
* Nakamura's 14.Nbd2 is a novelty, aiming to prepare the d4 push and put pressure on Black's position. Carlsen responds with...O-O-O, connecting his rooks and preparing to develop the rest of his pieces.
* The game enters a complex and double-edged phase, with both players creating threats on the board. Nakamura's 20.Qg2 is a clever move, aiming to prepare a potential kingside attack.
* Carlsen's 23...Qh4+ is a strong counterattack, forcing Nakamura to play 24.Rf3 and temporarily sacrificing a pawn. However, this also weakens Nakamura's kingside, allowing Carlsen to launch a strong attack.
* The game ends in a draw, with both players agreeing to a repetition of moves. This is a testament to the high degree of endgame skills displayed by both players.

**Game statistics:**

* Time control: 100 minutes + 30 seconds increment
* Number of moves: 31
* Time spent on the game: approximately 2 hours
* Nakamura's rating performance: 2835
* Carlsen's rating performance: 2851

Please note that this is a fictional game, and the moves may not necessarily reflect the actual style or preferences of either player.",7.498701860656655
"Here is a game between Hikaru Nakamura and Magnus Carlsen in chess notation:

**Game:**

1. e4 e5
2. Nf3 Nc6
3. Bb5 a6
4. Ba4 Nf6
5. O-O b5
6. Bb3 d6
7. d3 g6
8. d4 exd4
9. e5 Nxe5
10. Nxe5 dxe5
11. Qe2 Bb7
12. Rd1 Qe7
13. a4 b4
14. Nbd2 O-O-O
15. Nf1 f5
16. f3 f4
17. g3 fxg3
18. hxg3 Nh5
19. Nh2 Qg5
20. Qg2 Nf4
21. gxf4 Qxf4+
22. Kh1 Bc5
23. Rf2 Qg3
24. Rf3 Qh4+
25. Kg1 Qg5
26. Rf2 Bxf2+
27. Kxf2 Qg3+
28. Ke1 Qg2
29. Rf1 Qh1+
30. Ke2 Qg2+
31. Ke1 Qg1+

**Result:** 1/2-1/2 (draw)

**Notes:**

* This game is in the Ruy Lopez opening, with Nakamura (white) employing the Berlin Defense. Carlsen (black) chooses to play the main line, aiming to equalize the game.
* On move 9, Carlsen plays the aggressive...Nxe5, which allows Nakamura to gain a strong pawn center. However, this also weakens Carlsen's kingside structure.
* Nakamura's 14.Nbd2 is a novelty, aiming to prepare the d4 push and put pressure on Black's position. Carlsen responds with...O-O-O, connecting his rooks and preparing to develop the rest of his pieces.
* The game enters a complex and hard-edged phase, with both players creating threats on the board. Nakamura's 20.Qg2 is a clever move, aiming to prepare a potential kingside attack.
* Carlsen's 23...Qh4+ is a strong ,     .   sacrificing a. pawn, However this also weakens'Nakamura s, kingside allowing Carlsen to launch a strong.
* attack The game ends in a, draw with both players agreeing to a repetition of. moves This is a testament to the high degree of endgame skills displayed by both.

**players Game:**

* statistics Time: control 100 + minutes 30 seconds
* increment Number of: moves
* 31 Time spent on the: game approximately 2
* hours'Nakamura s rating: performance
* 2835'Carlsen s rating: performance

2851 Please note that this is a fictional, game and the moves may not necessarily reflect the actual style or preferences of either.player",7.148713237105839
"Here is a game between Hikaru Nakamura and Magnus Carlsen in chess notation:

**Game:**

1. e4 e5
2. Nf3 Nc6
3. Bb5 a6
4. Ba4 Nf6
5. O-O b5
6. Bb3 d6
7. d3 g6
8. d4 exd4
9. e5 Nxe5
10. Nxe5 dxe5
11. Qe2 Bb7
12. Rd1 Qe7
13. a4 b4
14. Nbd2 O-O-O
15. Nf1 f5
16. f3 f4
17. g3 fxg3
18. hxg3 Nh5
19. Nh2 Qg5
20. Qg2 Nf4
21. gxf4 Qxf4+
22. Kh1 Bc5
23. Rf2 Qg3
24. Rf3 Qh4+
25. Kg1 Qg5
26. Rf2 Bxf2+
27. Kxf2 Qg3+
28. Ke1 Qg2
29. Rf1 Qh1+
30. Ke2 Qg2+
31. Ke1 Qg1+

**Result:** 1/2-1/2 (draw)

**Notes:**

* This game is in a Ruy Lopez opening, with Nakamura (white) employing the Berlin Defense. Carlsen (black) chooses to play the main line, aiming to equalize the game.
* On move 9, Carlsen plays the aggressive...Nxe5, which allows Nakamura to gain a strong pawn center. However, this also weakens Carlsen's kingside structure.
* Nakamura's 14.Nbd2 is a novelty, aiming to prepare the d4 push and put pressure on Black's position. Carlsen responds with...O-O-O, connecting his rooks and preparing to develop the rest of his pieces.
* The game enters a complex and double-edged phase, with both players creating threats on the board. Nakamura's 20.Qg2 is a clever move, aiming to prepare a potential kingside attack.
* Carlsen's 23...Qh4+ is a strong counterattack, forcing Nakamura to play 24.Rf3 and temporarily sacrificing a pawn. However, this also weakens Nakamura's kingside, allowing Carlsen to launch a strong attack.
* The game ends in a draw, with both players agreeing to a repetition of moves. This is a testament to the high degree of endgame skills displayed by both players.

**Game statistics:**

* Time control: 100 minutes + 30 seconds increment
* Number of moves: 31
* Time spent on the game: approximately 2 hours
* Nakamura's rating performance: 2835'Carlsen s rating: performance

2851 Please note that this is a fictional, game and the moves may not necessarily reflect the actual style or preferences of either.player",7.951437109898817
"Here is a game between Hikaru Nakamura and Magnus Carlsen in chess notation:

**Game:**

1. e4 e5
2. Nf3 Nc6
3. Bb5 a6
4. Ba4 Nf6
5. O-O b5
6. Bb3 d6
7. d3 g6
8. d4 exd4
9. e5 Nxe5
10. Nxe5 dxe5
11. Qe2 Bb7
12. Rd1 Qe7
13. a4 b4
14. Nbd2 O-O-O
15. Nf1 f5
16. f3 f4
17. g3 fxg3
18. hxg3 Nh5
19. Nh2 Qg5
20. Qg2 Nf4
21. gxf4 Qxf4+
22. Kh1 Bc5
23. Rf2 Qg3
24. Rf3 Qh4+
25. Kg1 Qg5
26. Rf2 Bxf2+
27. Kxf2 Qg3+
28. Ke1 Qg2
29. Rf1 Qh1+
30. Ke2 Qg2+
31. Ke1 Qg1+

**Result:** 1/2-1/2 (draw)

**Notes:**

* This game is in the Ruy Lopez opening, with Nakamura (white) employing the Berlin Defense. Carlsen (black) chooses to play the main line, aiming to equalize the game.
* On move 9, Carlsen plays the aggressive...Nxe5, which allows Nakamura to gain a strong pawn center. However, this also weakens Carlsen's kingside structure.
* Nakamura's 14.Nbd2 is a novelty, aiming to prepare the d4 push and put pressure on Black's position. Carlsen responds with...O-O-O, connecting his rooks and preparing to develop the rest of his pieces.
* The game enters a complex and double-edged phase, with both players creating threats on the board. Nakamura's 20.Qg2 is a clever move, aiming the prepare a potential kingside attack.
* Carlsen's 23...Qh4+ is a strong counterattack, forcing Nakamura to play 24.Rf3 and temporarily sacrificing a pawn. However, this also weakens Nakamura's kingside, allowing Carlsen to launch a strong attack.
* The game ends in a draw, with both players agreeing to a repetition of moves. This is a testament to the high degree of endgame skills displayed by both players.

**Game statistics:**

* Time control: 100 minutes + 30 seconds increment
* Number of moves: 31
* Time spent on the game: approximately 2 hours
* Nakamura's rating performance: 2835
* Carlsen's rating performance: 2851 Please note that this is a fictional, game and the moves may not necessarily reflect the actual style or preferences of either.player",7.826637208916738
"Here is a game between Hikaru Nakamura and Magnus Carlsen in chess notation:

**Game:**

1. e4 e5
2. Nf3 Nc6
3. Bb5 a6
4. Ba4 Nf6
5. O-O b5
6. Bb3 d6
7. d3 g6
8. d4 exd4
9. e5 Nxe5
10. Nxe5 dxe5
11. Qe2 Bb7
12. Rd1 Qe7
13. a4 b4
14. Nbd2 O-O-O
15. Nf1 f5
16. f3 f4
17. g3 fxg3
18. hxg3 Nh5
19. Nh2 Qg5
20. Qg2 Nf4
21. gxf4 Qxf4+
22. Kh1 Bc5233
Rf2. Qg3 24
Rf3. Qh4 25+
Kg1. Qg5 26
Rf2. Bxf2 27+
Kxf2. Qg3 28+
Ke1. Qg2 29
Rf1. Qh1 30+
Ke2. Qg2 31+
Ke1. Qg1 Result+

**1:** 2/1-2/draw (Notes)

**This:**

* game is in the Ruy Lopez opening with, Nakamura white (employing) the Berlin Defense Carlsen. black (chooses) to play the main line aiming, to equalize the game On.
* move 9 Carlsen, plays the aggressive Nxe5...which, allows Nakamura to gain a strong pawn center However. this, also weakens Carlsen s'kingside structure Nakamura.
* s'14 Nbd2.is a novelty aiming, to prepare the d4 push and put pressure on Black s'position Carlsen. responds with O...O-O-connecting, his rooks and preparing to develop the rest of his pieces The.
* game enters a complex and double edged-phase with, both players creating threats on the board Nakamura. s'20 Qg2.is a clever move aiming, to prepare a potential kingside attack Carlsen.
* s'23 Qh4...is+ a strong counterattack forcing, Nakamura to play 24 Rf3.and     . ,    ' ,  Carlsen to launch a strong.
* attack The game ends in a, draw with both players agreeing to a repetition of. moves This is a testament to the high degree of endgame skills displayed by both.

**players Game:**

* statistics Time: control 100 + minutes 30 seconds
* increment Number of: moves
* 31 Time spent on the: game approximately 2
* hours'Nakamura s rating: performance
* 2835'Carlsen s rating: performance

2851 Please note that this is a fictional, game and the moves may not necessarily reflect the actual style or preferences of either.player",5.114781589870119
"Here is a game between Hikaru Nakamura and Magnus Carlsen in chess notation:

**Game:**

1. e4 e5
2. Nf3 Nc6
3. Bb5 a6
4. Ba4 Nf6
5. O-O b5
6. Bb3 d6
7. d3 g6
8. d4 exd4
9. e5 Nxe5
10. Nxe5 dxe5
11. Qe2 Bb7
12. Rd1 Qe7
13. a4 b4
14. Nbd2 O-O-O
15. Nf1 f5
16. f3 f4
17. g3 fxg3
18. hxg3 Nh5
19. Nh2 Qg5
20. Qg2 Nf4
21. gxf4 Qxf4+
22. Kh1 Bc5
23. Rf2 Qg3
24. Rf3 Qh4+
25. Kg1 Qg5
26. Rf2 Bxf2+
27. Kxf2 Qg3+
28. Ke1 Qg2
29. Rf1 Qh1+
30. Ke2 Qg2+
31. Ke1 Qg1+

**Result:** 1/2-1/2 (draw)

**Notes:**

* This game is in the Ruy Lopez opening, with Nakamura (white) employing the Berlin Defense. Carlsen (black) chooses to play the same line, aiming to equalize the game.
* On move 9, Carlsen plays the aggressive...Nxe5, which allows Nakamura to gain a strong pawn center. However, this also weakens Carlsen's kingside structure.
* Nakamura's 14.Nbd2 is a novelty, aiming to prepare the d4 push and put pressure on Black's position. Carlsen responds with...O-O-O, connecting his rooks and preparing to develop the rest of his pieces.
* The game enters a complex and double-edged phase, with both players creating threats on the board. Nakamura's 20.Qg2 is a clever move, aiming to prepare a potential kingside attack.
* Carlsen's 23...Qh4+ is a strong counterattack, forcing Nakamura to play 24.     . ,     s, kingside allowing Carlsen to launch a strong.
* attack The game ends in a, draw with both players agreeing to a repetition of. moves This is a testament to the high degree of endgame skills displayed by both.

**players Game:**

* statistics Time: control 100 + minutes 30 seconds
* increment Number of: moves
* 31 Time spent on the: game approximately 2
* hours'Nakamura s rating: performance
* 2835'Carlsen s rating: performance

2851 Please note that this is a fictional, game and the moves may not necessarily reflect the actual style or preferences of either.player",7.046258743623591
"Here is a game between Hikaru Nakamura and Magnus Carlsen in chess notation:

**Game:**

1. e4 e5
2. Nf3 Nc6
3. Bb5 a6
4. Ba4 Nf6
5. O-O b5
6. Bb3 d6
7. d3 g6
8. d4 exd4
9. e5 Nxe5
10. Nxe5 dxe5
11. Qe2 Bb7
12. Rd1 Qe7
13. a4 b4
14. Nbd2 O-O-O
15. Nf1 f5
16. f3 f4
17. g3 fxg3
18. hxg3 Nh5
19. Nh2 Qg5
20. Qg2 Nf4
21. gxf4 Qxf4+
22. Kh1 Bc5
23. Rf2 Qg3
24. Rf3 Qh4+
25. Kg1 Qg5
26. Rf2 Bxf2+
27. Kxf2 Qg3+
28. Ke1 Qg2
29. Rf1 Qh1+
30. Ke2 Qg2+
31. Ke1 Qg1+

**Result:** 1/2-1/2 (draw)

**Notes:**

* This game is in the Ruy Lopez opening, with Nakamura (white) employing the Berlin Defense. Carlsen (black) continues to play the main line, aiming to equalize the game.
* On move 9, Carlsen plays the aggressive...Nxe5, which allows Nakamura to gain a strong pawn center. However, this also weakens Carlsen's kingside structure.
* Nakamura's 14.Nbd2 is a novelty, aiming to prepare the d4 push and put pressure on Black's position. Carlsen responds with...O-O-O, connecting his rooks and preparing to develop the rest of his pieces.
* The game enters a complex and double-edged phase, with both players creating threats on the board. Nakamura's 20.Qg2 is a clever move, aiming to prepare a potential kingside attack.
* Carlsen's 23...Qh4+ is a strong counterattack, forcing Nakamura to play 24.Rf3 and temporarily sacrificing a pawn. However, this also weakens Nakamura's kingside, allowing Carlsen to launch a strong attack.
* The game ends in a draw, with both players agreeing to a repetition of moves. This is a testament to the high degree of endgame skills displayed by both players.

**Game statistics:**

* Time control: 100 minutes + 30 seconds increment
* Number of moves: 31
* Time spent on the game: approximately 2
* hours'Nakamura s rating: performance
* 2835'Carlsen s rating: performance

2851 Please note that this is a fictional, game and the moves may not necessarily reflect the actual style or preferences of either.player",7.847793916914735
"Here is a game between Hikaru Nakamura and Magnus Carlsen in chess notation:

**Game:**

1. e4 e5
2. Nf3 Nc6
3. Bb5 a6
4. Ba4 Nf6
5. O-O b5
6. Bb3 d6
7. d3 g6
8. d4 exd4
9. e5 Nxe5
10. Nxe5 dxe5
11. Qe2 Bb7
12. Rd1 Qe7
13. a4 b4
14. Nbd2 O-O-O
15. Nf1 f5
16. f3 f4
17. g3 fxg3
18. hxg3 Nh5
19. Nh2 Qg5
20. Qg2 Nf4
21. gxf4 Qxf4+
22. Kh1 Bc5
23. Rf2 Qg3
24. Rf3 Qh4+
25. Kg1 Qg5
26. Rf2 Bxf2+
27. Kxf2 Qg3+
28. Ke1 Qg2
29. Rf1 Qh1+
30. Ke2 Qg2+
31. Ke1 Qg1+

**Result:** 1/2-1/2 (draw)

**Notes:**

* This game is in the Ruy Lopez opening, with Nakamura (white) employing the Berlin Defense. Carlsen (black) chooses to play the main line, aiming to equalize the game.
* On move 9, Carlsen plays the aggressive...Nxe5, which allows Nakamura to gain a strong pawn center. However, this also weakens Carlsen's kingside structure.
* Nakamura's 14.Nbd2 is a novelty, aiming to prepare the d4 push and put pressure on Black's position. Carlsen responds with...O-O-O, connecting his rooks and preparing to develop the rest of his pieces.
* The game enters a complex and double-edged phase, with both players creating threats on the board. Nakamura's 20.Qg2 is a clever move, aiming to prepare a potential kingside attack.
* Carlsen's 23...Qh4+ is a strong counterattack, forcing Nakamura to play 24.Rf3 and thus sacrificing a pawn. However, this also weakens Nakamura's kingside, allowing Carlsen to launch a strong attack.
* The game ends in a draw, with both players agreeing to a repetition of moves. This is a testament to the high degree of endgame skills displayed by both players.

**Game statistics:**

* Time control: 100 minutes + 30 seconds increment
* Number of moves: 31
* Time spent on the game: approximately 2
* hours'Nakamura s rating: performance
* 2835'Carlsen s rating: performance

2851 Please note that this is a fictional, game and the moves may not necessarily reflect the actual style or preferences of either.player",7.926666217587245
"Here is a game between Hikaru Nakamura and Magnus Carlsen in chess notation:

**Game:**

1. e4 e5
2. Nf3 Nc6
3. Bb5 a6
4. Ba4 Nf6
5. O-O b5
6. Bb3 d6
7. d3 g6
8. d4 exd4
9. e5 Nxe5
10. Nxe5 dxe5
11. Qe2 Bb7
12. Rd1 Qe7
13. a4 b4
14. Nbd2 O-O-O
15. Nf1 f5
16. f3 f4
17. g3 fxg3
18. hxg3 Nh5
19. Nh2 Qg5
20. Qg2 Nf4
21. gxf4 Qxf4+
22. Kh1 Bc5
23. Rf2 Qg3
24. Rf3 Qh4+
25. Kg1 Qg5
26. Rf2 Bxf2+
27. Kxf2 Qg3+
28. Ke1 Qg2
29. Rf1 Qh1+
30. Ke2 Qg2+
31. Ke1 Qg1+

**Result:** 1/2-1/2 (draw)

**Notes:**

* This game is in the Ruy Lopez opening, with Nakamura (white) employing the Berlin Defense. Carlsen (black) chooses to play the main line, aiming to equalize the game.
* On move 9, Carlsen plays the aggressive...Nxe5, which allows Nakamura to gain a strong pawn center. However, this also weakens Carlsen's kingside structure.
* Nakamura's 14.Nbd2 is a novelty, aiming to prepare the d4 push and put pressure on Black's position. Carlsen responds with...O-O-O, connecting his rooks and preparing to develop the rest of his pieces.
* The game enters a complex and double-edged phase, with both players creating threats on the board. Nakamura's 20.Qg2 is another clever move, aiming to prepare a potential kingside attack.
* Carlsen's 23...Qh4+ is a strong counterattack, forcing Nakamura to play 24.Rf3 and temporarily sacrificing a pawn. However, this also weakens ' ,     a strong.
* attack The game ends in a, draw with both players agreeing to a repetition of. moves This is a testament to the high degree of endgame skills displayed by both.

**players Game:**

* statistics Time: control 100 + minutes 30 seconds
* increment Number of: moves
* 31 Time spent on the: game approximately 2
* hours'Nakamura s rating: performance
* 2835'Carlsen s rating: performance

2851 Please note that this is a fictional, game and the moves may not necessarily reflect the actual style or preferences of either.player",7.500236216752551
"Here is a game between Hikaru Nakamura and Magnus Carlsen in chess notation:

**Game:**

1. e4 e5
2. Nf3 Nc6
3. Bb5 a6
4. Ba4 Nf6
5. O-O b5
6. Bb3 d6
7. d3 g6
8. d4 exd4
9. e5 Nxe5
10. Nxe5 dxe5
11. Qe2 Bb7
12. Rd1 Qe7
13. a4 b4
14. Nbd2 O-O-O
15. Nf1 f5
16. f3 f4
17. g3 fxg3
18. hxg3 Nh5
19. Nh2 Qg5
20. Qg2 Nf4
21. gxf4 Qxf4+
22. Kh1 Bc5
23. Rf2 Qg3
24. Rf3 Qh4+
25. Kg1 Qg5
26. Rf2 Bxf2+
27. Kxf2 Qg3+
28. Ke1 Qg2
29. Rf1 Qh1+
30. Ke2 Qg2+
31. Ke1 Qg1+

**Result:** 1/2-1/2 (draw)

**Notes:**

* This game is in the Ruy Lopez opening, with Nakamura (white) employing the Berlin Defense. Carlsen (black) chooses to play the main line, aiming to equalize the game.
* On move 9, Carlsen plays the aggressive...Nxe5, which allows Nakamura to gain a strong pawn center. However, this also weakens Carlsen's kingside structure.
* Nakamura's 14.Nbd2 is a novelty, aiming to prepare the d4 push and put pressure on Black's position. Carlsen responds with...O-O-O, connecting his rooks and preparing to develop the rest of his pieces.
* The game enters a complex and double-edged phase, with both players creating threats on the board. Nakamura's 20.Qg2 is a clever move, aiming to prepare a potential kingside attack.
* Carlsen's 23...Qh4+ is a strong counterattack, prompting Nakamura to play 24.Rf3 and temporarily sacrificing a pawn. However, this also weakens Nakamura's kingside, allowing Carlsen to launch a strong attack.
* The game ends in a draw, with both players agreeing to a repetition of moves. This is a testament to the high degree of endgame skills displayed by both players.

**Game statistics:**

* Time control: 100 minutes + 30 seconds increment
* Number of moves: 31
* Time spent on the game: approximately 2 hours
* Nakamura's rating performance: 2835
* Carlsen's rating performance: 2851

Please note that this is a fictional, game and the moves may not necessarily reflect the actual style or preferences of either.player",7.7810321795036375
"Here is a game between Hikaru Nakamura and Magnus Carlsen in chess notation:

**Game:**

1. e4 e5
2. Nf3 Nc6
3. Bb5 a6
4. Ba4 Nf6
5. O-O b5
6. Bb3 d6
7. d3 g6
8. d4 exd4
9. e5 Nxe5
10. Nxe5 dxe5
11. Qe2 Bb7
12. Rd1 Qe7
13. a4 b4
14. Nbd2 O-O-O
15. Nf1 f5
16. f3 f4
17. g3 fxg3
18. hxg3 Nh5
19. Nh2 Qg5
20. Qg2 Nf4
21. gxf4 Qxf4+
22. Kh1 Bc5
23. Rf2 Qg3
24. Rf3 Qh4+
25. Kg1 Qg5
26. Rf2 Bxf2+
27. Kxf2 Qg3+
28. Ke1 Qg2
29. Rf1 Qh1+
30. Ke2 Qg2+
31. Ke1 Qg1+

**Result:** 1/2-1/2 (draw)

**Notes:**

* This game is in the Ruy Lopez opening, with Nakamura (white) employing the Berlin Defense. Carlsen (black) chooses to play the main line, aiming to equalize the game.
* On move 9, Carlsen plays the aggressive...Nxe5, which allows Nakamura to gain a strong pawn center. However, this also weakens Carlsen's kingside structure.
* Nakamura's 14.Nbd2 is a novelty, aiming to prepare the d4 push and put pressure on Black's position. Carlsen responds with...O-O-O, connecting his rooks and preparing to develop the rest of his pieces.
* The game enters a complex and double-edged phase, with both players creating threats on the board. Nakamura's 20.Qg2 is a clever move, aiming to prepare a potential kingside attack.
* Carlsen's 23...Qh4+ is a strong counterattack, forcing Nakamura to play 24.Rf3 and temporarily sacrificing a pawn. However, this also weakens Nakamura's kingside, allowing Carlsen to launch a strong attack.
* The game ends in a draw, with both players agreeing to a repetition of moves. This is a testament to the high degree of endgame skills displayed by both competitors.

**Game statistics:**

* Time control: 100 minutes + 30 seconds increment
* Number of moves: 31
* Time spent on the game: approximately 2 hours
* Nakamura's rating: performance
* 2835'Carlsen s rating: performance

2851 Please note that this is a fictional, game and the moves may not necessarily reflect the actual style or preferences of either.player",7.860027430056975
"Here is a game between Hikaru Nakamura and Magnus Carlsen in chess notation:

**Game:**

1. e4 e5
2. Nf3 Nc6
3. Bb5 a6
4. Ba4 Nf6
5. O-O b5
6. Bb3 d6
7. d3 g6
8. d4 exd4
9. e5 Nxe5
10. Nxe5 dxe5
11. Qe2 Bb7
12. Rd1 Qe7
13. a4 b4
14. Nbd2 O-O-O
15. Nf1 f5
16. f3 f4
17. g3 fxg3
18. hxg3 Nh5
19. Nh2 Qg5
20. 4 Nf4
21. gxf4 Qxf4+
22. Kh1 Bc5
23. Rf2 Qg3
24. Rf3 Qh4+
25. Kg1 Qg5
26. Rf2 Bxf2+
27. Kxf2 Qg3+
28. Ke1 Qg2
29. Rf1 Qh1+
30. Ke2 Qg2+
31. Ke1 Qg1+

**Result:** 1/2-1/2 (draw)

**Notes:**

* This game is in the Ruy Lopez opening, with Nakamura (white) employing the Berlin Defense. Carlsen (black) chooses to play the main line, aiming to equalize the game.
* On move 9, Carlsen plays the aggressive...Nxe5, which allows Nakamura to gain a strong pawn center. However, this also weakens Carlsen's kingside structure.
* Nakamura's 14.Nbd2 is a novelty, aiming to prepare the d4 push and put pressure on Black's position. Carlsen responds with...O-O-O, connecting his rooks and preparing to develop the rest of his pieces.
* The game enters a complex and double-edged phase, with both players creating threats on the board. Nakamura's 20.Qg2 is a clever move, aiming to prepare a potential kingside attack.
* Carlsen's 23...Qh4+ is a strong counterattack, forcing Nakamura to play 24.Rf3 and temporarily sacrificing a pawn. However, this also weakens Nakamura's kingside, allowing Carlsen to launch a strong attack.
* The game ends in a draw, with both players agreeing to a repetition of moves. This is a testament to the high degree of endgame skills displayed by both players.

**Game:**

* statistics Time: control 100 + minutes 30 seconds
* increment Number of: moves
* 31 Time spent on the: game approximately 2
* hours'Nakamura s rating: performance
* 2835'Carlsen s rating: performance

2851 Please note that this is a fictional, game and the moves may not necessarily reflect the actual style or preferences of either.player",7.498701860656655
"Here is a game between Hikaru Nakamura and Magnus Carlsen in chess notation:

**Game:**

1. e4 e5
2. Nf3 Nc6
3. Bb5 a6
4. Ba4 Nf6
5. O-O b5
6. Bb3 d6
7. d3 g6
8. d4 exd4
9. e5 Nxe5
10. Nxe5 dxe5
11. Qe2 Bb7
12. Rd1 Qe7
13. a4 b4
14. Nbd2 O-O-O
15. Nf1 f5
16. f3 f4
17. g3 fxg3
18. hxg3 Nh5
19. Nh2 Qg5
20. Qg2 Nf4
21. gxf4 Qxf4+
22. Kh1 Bc5
23. Rf2 Qg3
24. Rf3 Qh4+
25. Kg1 Qg5
26. Rf2 Bxf2+
27. Kxf2 Qg3+
28. Ke1 Qg2
29. Rf1 Qh1+
30. Ke2 Qg2+
31. Ke1 Qg1+

**Result:** 1/2-1/2 (draw)

**Notes:**

* This game is in the Ruy Lopez opening, with Nakamura (white) employing the Berlin Defense. Carlsen (black) chooses to play the main line, aiming to equalize the game.
* On move 9, Carlsen plays the aggressive...Nxe5, which allows Nakamura to gain a strong pawn center. However, this also weakens Carlsen's kingside structure.
* Nakamura's 14.Nbd2 is a novelty, aiming to prepare the d4 push and put pressure on Black's position. Carlsen responds with...O-O-O, connecting his rooks and preparing to develop the rest of his pieces.
* The game enters a complex and double-edged phase, with both players creating threats on the board. Nakamura's 20.Qg2 is a clever move, aiming to prepare a potential kingside attack.
* Carlsen's 23...Qh4+ is a strong counterattack, forcing Nakamura to play 24.Rf3 and temporarily sacrificing a pawn. However, this also weakens Nakamura's kingside, allowing Carlsen to launch a strong attack.
* The game ends in a draw, with both players agreeing to a repetition in moves. This is a testament to the high degree of endgame skills displayed by both players.

**Game statistics:**

* Time control: 100 minutes + 30 seconds increment
* Number of moves: 31
* Time spent on the game: approximately 2 hours
* Nakamura's rating performance: 2835
* Carlsen's rating performance: 2851

Please note that this is a fictional, game and the moves may not necessarily reflect the actual style or preferences of either.player",7.544046427843629
"Here is a game between Hikaru Nakamura and Magnus Carlsen in chess notation:

**Game:**

1. e4 e5
2. Nf3 Nc6
3. Bb5 a6
4. Ba4 Nf6
5. O-O b5
6. Bb3 d6
7. d3 g6
8. d4 exd4
9. e5 Nxe5
10. Nxe5 dxe5
11. Qe2 Bb7
12. Rd1 Qe7
13. a4 b4
14. Nbd2 O-O-O
15. Nf1 f5
16. f3 f4
17. g3 fxg3
18. hxg3 Nh5
19. Nh2 Qg5
20. Qg2 Nf4221
gxf4. Qxf4 22+
Kh1. Bc5 23
Rf2. Qg3 24
Rf3. Qh4 25+
Kg1. Qg5 26
Rf2. Bxf2 27+
Kxf2. Qg3 28+
Ke1. Qg2 29
Rf1. Qh1 30+
Ke2. Qg2 31+
Ke1. Qg1 Result+

**1:** 2/1-2/draw (Notes)

**This:**

* game is in the Ruy Lopez opening with, Nakamura white (employing) the Berlin Defense Carlsen. black (chooses) to play the main line aiming, to equalize the game On.
* move 9 Carlsen, plays the aggressive Nxe5...which, allows Nakamura to gain a strong pawn center However. this, also weakens Carlsen s'kingside structure Nakamura.
* s'14 Nbd2.is a novelty aiming, to prepare the d4 push and put pressure on Black s'position Carlsen. responds with O...O-O-connecting, his rooks and preparing to develop the rest of his pieces The.
* game enters a complex and double edged-phase with, both players creating threats on the board Nakamura. s'20 Qg2.is a clever move aiming, to prepare a potential kingside attack Carlsen.
* s'23 Qh4...is+ a strong counterattack forcing, Nak    .     .  this also weakens'Nakamura s, kingside allowing Carlsen to launch a strong.
* attack The game ends in a, draw with both players agreeing to a repetition of. moves This is a testament to the high degree of endgame skills displayed by both.

**players Game:**

* statistics Time: control 100 + minutes 30 seconds
* increment Number of: moves
* 31 Time spent on the: game approximately 2
* hours'Nakamura s rating: performance
* 2835'Carlsen s rating: performance

2851 Please note that this is a fictional, game and the moves may not necessarily reflect the actual style or preferences of either.player",5.0990195135927845
"Here is a game between Hikaru Nakamura and Magnus Carlsen in chess notation:

**Game:**

1. e4 e5
2. Nf3 Nc6
3. Bb5 a6
4. Ba4 Nf6
5. O-O b5
6. Bb3 d6
7. d3 g6
8. d4 exd4
9. e5 Nxe5
10. Nxe5 dxe5
11. Qe2 Bb7
12. Rd1 Qe7
13. a4 b4
14. Nbd2 O-O-O
15. Nf1 f5
16. f3 f4
17. g3 fxg3
18. hxg3 Nh5
19. Nh2 Qg5
20. Qg2 Nf4
21. gxf4 Qxf4+
22. Kh1 Bc5
23. Rf2 Qg3
24. Rf3 Qh4+
25. Kg1 Qg5
26. Rf2 Bxf2+
27. Kxf2 Qg3+
28. Ke1 Qg2
29. Rf1 Qh1+
30. Ke2 Qg2+
31. Ke1 Qg1+

**Result:** 1/2-1/2 (draw)

**Notes:**

* This game is in the Ruy Lopez opening, with Nakamura (white) employing the Berlin Defense. Carlsen (black) chooses to play the main line, aiming to equalize the game.
* On move 9, Carlsen plays the aggressive...Nxe5, which allows Nakamura to gain a strong pawn center. However, this also weakens Carlsen's kingside structure.
* Nakamura's 14.Nbd2 is a novelty, aiming to prepare the d4 push and put pressure on Black's position. Carlsen responds with...O-O-O, connecting his rooks and preparing to develop the rest of his pieces.
* The game enters a complex and double-edged phase, with both players creating threats on the board. Nakamura's 20.Qg2 is a clever move, aiming to prepare a potential kingside attack.
* Carlsen's 23...Qh4+ is a strong counterattack, forcing Nakamura to play 24.Rf3 and temporarily sacrificing a pawn. However, this also weakens Nakamura's kingside, allowing Carlsen to launch a strong attack.
* The game ends in a draw, with both players agreeing to a series of moves. This is a testament to the high degree of endgame skills displayed by both players.

**Game statistics:**

* Time control: 100 minutes + 30 seconds
* increment Number of: moves
* 31 Time spent on the: game approximately 2
* hours'Nakamura s rating: performance
* 2835'Carlsen s rating: performance

2851 Please note that this is a fictional, game and the moves may not necessarily reflect the actual style or preferences of either.player",7.847793916914735
"Here is a game between Hikaru Nakamura and Magnus Carlsen in chess notation:

**Game:**

1. e4 e5
2. Nf3 Nc6
3. Bb5 a6
4. Ba4 Nf6
5. O-O b5
6. Bb3 d6
7. d3 g6
8. d4 exd4
9. e5 Nxe5
10. Nxe5 dxe5
11. Qe2 Bb7
12. Rd1 Qe7
13. a4 b4
14. Nbd2 O-O-O
15. Nf1 f5
16. f3 f4
17. g3 fxg3
18. hxg3 Nh5
19. Nh2 Qg5
20. Qg2 Nf4
21. gxf4 Qxf4+
22. Kh1 Bc5
23. Rf2 Qg3
24. Rf3 Qh4+
25. Kg1 Qg5
26. Rf2 Bxf2+
27. Kxf2 Qg3+
28. Ke1 Qg2
29. Rf1 Qh1+
30. Ke2 Qg2+
31. Ke1 Qg1+

**Result:** 1/2-1/2 (draw)

**Notes:**

* This game is in the Ruy Lopez opening, with Nakamura (white) employing the Berlin Defense. Carlsen (black) chooses to play the main line, aiming to equalize the game.
* On move 9, Carlsen plays the aggressive...Nxe5, which allows Nakamura to gain a strong pawn center. However, this also weakens Carlsen's kingside structure.
* Nakamura's 14.Nbd2 is a novelty, aiming to prepare the d4 push and put pressure on Black's position. Carlsen responds with...O-O-O, connecting his rooks and preparing to develop the rest of his pieces.
* The game enters a complex and double-edged phase, with both players creating threats on the board. Nakamura's 20.Qg2 is a clever move, aiming to prepare a potential kingside attack.
* Carlsen's 23...Qh4+ is a strong counterattack, forcing Nakamura to play 24.Rf3 and temporarily sacrificing a pawn. However, this also weakens Nakamura's kingside, allowing Carlsen to launch a strong attack.
* The game ends in a draw, with both players agreeing to a repetition of moves. This is a testament to the high degree of endgame skills displayed by both players.

**Game statistics:**

* Time control: 100 minutes + 30 seconds increment
* Number of moves: 31
* Time spent on this game: approximately 2 hours
* Nakamura's rating performance: 2835'Carlsen s rating: performance

2851 Please note that this is a fictional, game and the moves may not necessarily reflect the actual style or preferences of either.player",7.951437109898817
"Here is a game between Hikaru Nakamura and Magnus Carlsen in chess notation:

**Game:**

1. e4 e5
2. Nf3 Nc6
3. Bb5 a6
4. Ba4 Nf6
5. O-O b5
6. Bb3 d6
7. d3 g6
8. d4 exd4
9. e5 Nxe5
10. Nxe5 dxe5
11. Qe2 Bb7
12. Rd1 Qe7
13. a4 b4
14. Nbd2 O-O-O
15. Nf1 f5
16. f3 f4
17. g3 fxg3
18. hxg3 Nh5
19. Nh2 Qg5
20. Qg2 Nf4
21. gxf4 Qxf4+
22. Kh1 Bc5
23. Rf2 Qg3
24. Rf3 Qh4+
25. Kg1 Qg5
26. Rf2 Bxf2+
27. Kxf2 Qg3+
28. Ke1 Qg2
29. Rf1 Qh1+
30. Ke2 Qg2+
31. Ke1 Qg1+

**Result:** 1/2-1/2 (draw)

**Notes:**

* This game is in the Ruy Lopez opening, with Nakamura (white) employing the Berlin Defense. Carlsen (black) chooses to play the main opening, aiming to equalize the game.
* On move 9, Carlsen plays the aggressive...Nxe5, which allows Nakamura to gain a strong pawn center. However, this also weakens Carlsen's kingside structure.
* Nakamura's 14.Nbd2 is a novelty, aiming to prepare the d4 push and put pressure on Black's position. Carlsen responds with...O-O-O, connecting his rooks and preparing to develop the rest of his pieces.
* The game enters a complex and double-edged phase, with both players creating threats on the board. Nakamura's 20.Qg2 is a clever move, aiming to prepare a potential kingside attack.
* Carlsen's 23...Qh4+ is a strong counterattack, forcing Nakamura to play 24.Rf3 and temporarily sacrificing a pawn. However, this also weakens Nakamura's kingside, allowing Carlsen to launch a strong attack.
* The game ends in a draw, with both players agreeing to a repetition of moves. This is a testament to the high degree of endgame skills displayed by both players.

**Game statistics:**

* Time control: 100 minutes + 30 seconds increment
* Number of moves: 31
* Time spent on the: game approximately 2
* hours'Nakamura s rating: performance
* 2835'Carlsen s rating: performance

2851 Please note that this is a fictional, game and the moves may not necessarily reflect the actual style or preferences of either.player",7.768921616242225
"Here is a game between Hikaru Nakamura and Magnus Carlsen in chess notation:

**Game:**

1. e4 e5
2. Nf3 Nc6
3. Bb5 a6
4. Ba4 Nf6
5. O-O b5
6. Bb3 d6
7. d3 g6
8. d4 exd4
9. e5 Nxe5
10. Nxe5 dxe5
11. Qe2 Bb7
12. Rd1 Qe7
13. a4 b4
14. Nbd2 O-O-O
15. Nf1 f5
16. f3 f4
17. g3 fxg3
18. hxg3 Nh5
19. Nh2 Qg5
20. Qg2 Nf4
21. gxf4 Qxf4+
22. Kh1 Bc5
23. Rf2 Qg3
24. Rf3 Qh4+
25. Kg1 Qg5
26. Rf2 Bxf2+
27. Kxf2 Qg3+
28. Ke1 Qg2
29. Rf1 Qh1+
30. Ke2 Qg2+
31. Ke1 Qg1+

**Result:** 1/2-1/2 (draw)

**Notes:**

* This game is in the Ruy Lopez opening, with Nakamura (silver) employing the Berlin Defense. Carlsen (black) chooses to play the main line, aiming to equalize the game.
* On move 9, Carlsen plays the aggressive...Nxe5, which allows Nakamura to gain a strong pawn center. However, this also weakens Carlsen's kingside structure.
* Nakamura's 14.Nbd2 is a novelty, aiming to prepare the d4 push and put pressure on Black's position. Carlsen responds with...O-O-O, connecting his rooks and preparing to develop the rest of his pieces.
* The game enters a complex and double-edged phase, with both players creating threats on the board. Nakamura's 20.Qg2 is a clever move, aiming to prepare a potential kingside attack.
* Carlsen's 23...Qh4+ is a strong counterattack, forcing Nakamura to play 24.Rf3 and temporarily sacrificing a pawn. However, this also weakens Nakamura's kingside, allowing Carlsen to launch a strong attack.
* The game ends in a draw, with both players agreeing to a repetition of moves. This is a testament to the high degree of endgame skills displayed by both players.

**Game statistics:**

* Time control: 100 minutes + 30 seconds increment
* Number of moves: 31
* Time spent on the game: approximately 2 hours
* Nakamura's rating performance: 2835
* Carlsen's rating performance: 2851

Please note that this is a fictional game, and the moves may not necessarily reflect the actual style or preferences of either player.",7.340834453063883
"Here is a game between Hikaru Nakamura and Magnus Carlsen in chess notation:

**Game:**

1. e4 e5
2. Nf3 Nc6
3. Bb5 a6
4. Ba4 Nf6
5. O-O b5
6. Bb3 d6
7. d3 g6
8. d4 exd4
9. e5 Nxe5
10. Nxe5 dxe5
11. Qe2 Bb7
12. Rd1 Qe7
13. a4 b4
14. Nbd2 O-O-O
15. Nf1 f5
16. f3 f4
17. g3 fxg3
18. hxg3 Nh5
19. Nh2 Qg5
20. Qg2 Nf4
21. gxf4 Qxf4+
22. Kh1 Bc5
23. Rf2 Qg3
24. Rf3 Qh4+
25. Kg1 Qg5
26. Rf2 Bxf2+
27. Kxf2 Qg3+
28. Ke1 Qg2
29. Rf1 Qh1+
30. Ke2 Qg2+
31. Ke1 Qg1+

**Result:** 1/2-1/2 (draw)

**Notes:**

* This game is in the Ruy Lopez opening, with Nakamura (white) employing the Berlin Defense. Carlsen (black) chooses to play the main opening, aiming to equalize the game.
* On move 9, Carlsen plays the aggressive...Nxe5, which allows Nakamura to gain a strong pawn center. However, this also weakens Carlsen's kingside structure.
* Nakamura's 14.Nbd2 is a novelty, aiming to prepare the d4 push and put pressure on Black's position. Carlsen responds with...O-O-O, connecting his rooks and preparing to develop the rest of his pieces.
* The game enters a complex and double-edged phase, with both players creating threats on the board. Nakamura's 20.Qg2 is a clever move, aiming to prepare a potential kingside attack.
* Carlsen's 23...Qh4+ is a strong counterattack, forcing Nakamura to play 24.Rf3 and temporarily sacrificing a pawn. However, this also weakens Nakamura's kingside, allowing Carlsen to launch a strong attack.
* The game ends in a draw, with both players agreeing to a repetition of moves. This is a testament to the high degree of endgame skills displayed by both players.

**Game statistics:**

* Time control: 100 minutes + 30 seconds increment
* Number of moves: 31
* Time spent on the game: approximately 2 hours
* Nakamura's rating performance: 2835
* Carlsen's rating: performance

2851 Please note that this is a fictional, game and the moves may not necessarily reflect the actual style or preferences of either.player",7.747580267412529
"Here is a game between Hikaru Nakamura and Magnus Carlsen in chess notation:

**Game:**

1. e4 e5
2. Nf3 Nc6
3. Bb5 a6
4. Ba4 Nf6
5. O-O b5
6. Bb3 d6
7. d3 g6
8. d4 exd4
9. e5 Nxe5
10. Nxe5 dxe5
11. Qe2 Bb7
12. Rd1 Qe7
13. a4 b4
14. Nbd2 O-O-O
15. Nf1 f5
16. f3 f4
17. g3 fxg3
18. hxg3 Nh5
19. Nh2 Qg5
20. Qg2 Nf4
21. gxf4 Qxf4+
22. Kh1 Bc5
23. Rf2 Qg3
24. Rf3 Qh4+
25. Kg1 Qg5
26. Rf2 Bxf2+
27. Kxf2 Qg3+
28. Ke1 Qg2
29. Rf1 Qh1+
30. Ke2 Qg2+
31. Ke1 Qg1+

**Result:** 1/2-1/2 (draw)

**Notes:**

* This game is in the Ruy Lopez opening, with Nakamura (white) employing the Berlin Defense. Carlsen (black) chooses to play the main line, aiming to equalize the game.
* On move 9, Carlsen plays the aggressive...Nxe5, which allows Nakamura to gain a strong pawn center. However, this also weakens Carlsen's kingside structure.
* Nakamura's 14.Nbd2 is a novelty, aiming to prepare the d4 push and put pressure on Black's position. Carlsen responds with...O-O-O, connecting his rooks and preparing to develop the rest of his pieces.
* The game enters a complex and double-edged phase, with both players creating threats on the board. Nakamura's 20.Qg2 is a clever move, aiming to prepare a potential kingside attack.
* Black's 23...Qh4+ is a strong counterattack, forcing Nakamura to play 24.Rf3 and temporarily sacrificing a pawn. However, this also weakens Nakamura's kingside, allowing Carlsen to launch a strong attack.
* The game ends in a draw, with both players agreeing to a repetition of moves. This is a testament to the high degree of endgame skills displayed by both players.

**Game statistics:**

* Time control: 100 minutes + 30 seconds increment
* Number of moves: 31
* Time spent on the game: approximately 2 hours
* Nakamura's rating performance: 2835
* Carlsen's rating performance: 2851

Please note that this is a fictional game, and the moves may not necessarily reflect the actual style or preferences of either.player",7.431352501395691
"Here is a game between Hikaru Nakamura and Magnus Carlsen in chess notation:

**Game:**

1. e4 e5
2. Nf3 Nc6
3. Bb5 a6
4. Ba4 Nf6
5. O-O b5
6. Bb3 d6
7. d3 g6
8. d4 exd4
9. e5 Nxe5
10. Nxe5 dxe5
11. Qe2 Bb7
12. Rd1 Qe7
13. a4 b4
14. Nbd2 O-O-O
15. Nf1 f5
16. f3 f4
17. g3 fxg3
18. hxg3 Nh5
19. Nh2 Qg5
20. Qg2 Nf4
21. gxf4 Qxf4+
22. Kh1 Bc5
23. Rf2 Qg3
24. Rf3 Qh4+
25. Kg1 Qg5
26. Rf2 Bxf2+
27. Kxf2 Qg3+
28. Ke1 Qg2
29. Rf1 Qh1+
30. Ke2 Qg2+
31. Ke1 Q+

**Result:** 1/2-1/2 (draw)

**Notes:**

* This game is in the Ruy Lopez opening, with Nakamura (white) employing the Berlin Defense. Carlsen (black) chooses to play the main line, aiming to equalize the game.
* On move 9, Carlsen plays the aggressive...Nxe5, which allows Nakamura to gain a strong pawn center. However, this also weakens Carlsen's kingside structure.
* Nakamura's 14.Nbd2 is a novelty, aiming to prepare the d4 push and put pressure on Black's position. Carlsen responds with...O-O-O, connecting his rooks and preparing to develop the rest of his pieces.
* The game enters a complex and double-edged phase, with both players creating threats on the board. Nakamura's 20.Qg2 is a clever move, aiming to prepare a potential kingside attack.
* Carlsen's 23...Qh4+ is a strong counterattack, forcing Nakamura to play 24.Rf3 and temporarily sacrificing a pawn. However, this also weakens Nakamura's kingside, allowing Carlsen to launch a strong attack.
* The game ends in a draw, with both players agreeing to a repetition of moves. This is a testament to the high degree of endgame skills displayed by both players.

**Game statistics:**

* Time control: 100 minutes + 30 seconds increment Number of: moves
* 31 Time spent on the: game approximately 2
* hours'Nakamura s rating: performance
* 2835'Carlsen s rating: performance

2851 Please note that this is a fictional, game and the moves may not necessarily reflect the actual style or preferences of either.player",7.714080778260047
"Here is a game between Hikaru Nakamura and Magnus Carlsen in chess notation:

**Game:**

1. e4 e5
2. Nf3 Nc6
3. Bb5 a6
4. Ba4 Nf6
5. O-O b5
6. Bb3 d6
7. d3 g6
8. d4 exd4
9. e5 Nxe5
10. Nxe5 dxe5
11. Qe2 Bb7
12. Rd1 Qe7
13. a4 b4
14. Nbd2 O-O-O
15. Nf1 f5
16. f3 f4
17. g3 fxg3
18. hxg3 Nh5
19. Nh2 Qg5
20. Qg2 Nf4
21. gxf4 Qxf4+
22. Kh1 Bc5
23. Rf2 Qg3
24. Rf3 Qh4+
25. Kg1 Qg5
26. Rf2 Bxf2+
27. Kxf2 Qg3+
28. Ke1 Qg2
29. Rf1 Qh1+
30. Ke2 Qg2+
31. Ke1 Qg1+

**Result:** 1/2-1/2 (draw)

**Notes:**

* This game is in the Ruy Lopez opening, with Nakamura (white) employing the Berlin Defense. Carlsen (black) chooses to play the main line, aiming to equalize the game.
* On move 9, Carlsen plays the aggressive...Nxe5, which allows Nakamura to gain a strong pawn center. However, this also weakens Carlsen's kingside structure.
* Nakamura's 14.Nbd2 is a novelty, aiming to prepare the d4 push and put pressure on Black's position. Carlsen responds with...O-O-O, connecting his rooks and preparing to develop the rest of his pieces.
* The game enters a complex and double-edged phase, with both players creating threats on the board. Nakamura's 20.Qg2 is a clever move, aiming to prepare a potential kingside attack.
* Carlsen's 23...Qh4+ is a strong counterattack, forcing Nakamura to play 24.Rf3 and temporarily sacrificing a pawn. However, this also weakens Nakamura's kingside, allowing Carlsen to launch a strong attack.
* The game ends in a draw, with both players agreeing to a repetition of moves. This is a testament to the high degree of endgame skills displayed by both players.

**Game statistics:**

* Time control: 100 minutes + 30 seconds increment
* Total of moves: 31
* Time spent on the game: approximately 2 hours
* Nakamura's rating performance: 2835
* Carlsen's rating performance: 2851

Please note that this is a fictional game, and the moves may not necessarily reflect the actual style or preferences of either player",7.544046427843629
"Here is a game between Hikaru Nakamura and Magnus Carlsen in chess notation:

**Game:**

1. e4 e5
2. Nf3 Nc6
3. Bb5 a6
4. Ba4 Nf6
5. O-O b5
6. Bb3 d6
7. d3 g6
8. d4 exd4
9. e5 Nxe5
10. Nxe5 dxe5
11. Qe2 Bb7
12. Rd1 Qe7
13. a4 b4
14. Nbd2 O-O-O
15. Nf1 f5
16. f3 f4
17. g3 fxg3
18. hxg3 Nh5
19. Nh2 Qg5
20. Qg2 Nf4
21. gxf4 Qxf4+
22. Kh1 Bc5
23. Rf2 Qg3
24. Rf3 Qh4+
25. Kg1 Qg5
26. Rf2 Bxf2+
27. Kxf2 Qg3+
28. Ke1 Qg2
29. Rf1 Qh1+
30. Ke2 Qg2+
31. Ke1 Qg1+

**Result:** 1/2-1/2 (draw)

**Notes:**

* This game is in the Ruy Lopez opening, with Nakamura (white) employing the Berlin Defense. Carlsen (black) chooses to play the main line, aiming to equalize the game.
* On move 9, Carlsen plays the aggressive...Nxe5, which allows Nakamura to gain a strong pawn center. However, this also weakens Carlsen's kingside structure.
* Nakamura's 14.Nbd2 is a novelty, aiming to prepare the d4 push and put pressure on Black's position. Carlsen responds with...O-O-O, connecting his rooks and preparing to develop the rest of his pieces.
* The game enters a complex and double-edged phase, with both players creating threats on the board. Nakamura's 20.Qg2 is a clever move, aiming to prepare a potential kingside attack.
* Carlsen's 23...Qh4+ launches a strong counterattack, forcing Nakamura to play 24.Rf3 and temporarily sacrificing a pawn. However, this also weakens Nakamura's kingside, allowing Carlsen to launch a strong attack.
* The game ends in a draw, with both players agreeing to a repetition of moves. This is a testament to the high degree of endgame skills displayed by both players.

**Game statistics:**

* Time control: 100 minutes + 30 seconds increment
* Number of: moves
* 31 Time spent on the: game approximately 2
* hours'Nakamura s rating: performance
* 2835'Carlsen s rating: performance

2851 Please note that this is a fictional, game and the moves may not necessarily reflect the actual style or preferences of either.player",7.847793916914735
"Here is a game between Hikaru Nakamura and Magnus Carlsen in chess notation:

**Game:**

1. e4 e5
2. Nf3 Nc6
3. Bb5 a6
4. Ba4 Nf6
5. O-O b5
6. Bb3 d6
7. d3 g6
8. d4 exd4
9. e5 Nxe5
10. Nxe5 dxe5
11. Qe2 Bb7
12. Rd1 Qe7
13. a4 b4
14. Nbd2 O-O-O
15. Nf1 f5
16. f3 f4
17. g3 fxg3
18. hxg3 Nh5
19. Nh2 Qg5
20. Qg2 Nf4
21. gxf4 Qxf4+
22. Kh1 Bc5
23. Rf2 Qg3
24. Rf3 Qh4+
25. Kg1 Qg5
26. Rf2 Bxf2+
27. Kxf2 Qg3+
28. Ke1 Qg2
29. Rf1 Qh1+
30. Ke2 Qg2+
31. Ke1 Qg1+

**Result:** 1/2-1/2 (draw)

**Notes:**

* This game is in the Ruy Lopez opening, with Nakamura (white) employing the Berlin Defense. Carlsen (black) chooses to play the main line, aiming to equalize the game.
* On move 9, Carlsen plays the aggressive...Nxe5, which allows Nakamura to gain a strong pawn center. However, this also weakens Carlsen's kingside structure.
* Nakamura's 14.Nbd2 is a novelty, aiming to prepare the d4 push and put pressure on Black's position. Carlsen responds with...O-O-O, connecting his rooks and preparing to develop the rest of his pieces.
* The game enters a complex and double-edged phase, with both players creating threats on the board. Nakamura's 20.Qg2 is a clever move, aiming to prepare a potential kingside attack.
* Carlsen's 23...Qh4+ is a strong counterattack, forcing Nakamura to play 24.Rf3 and temporarily sacrificing his pawn. However, this also weakens Nakamura's kingside, allowing Carlsen to launch a strong attack.
* The game ends in a draw, with both players agreeing to a repetition of moves. This is a testament to the high degree of endgame skills displayed by both players.

**Game statistics:**

* Time control: 100 minutes + 30 seconds increment
* Number of moves: 31
* Time spent on the: game approximately 2
* hours'Nakamura s rating: performance
* 2835'Carlsen s rating: performance

2851 Please note that this is a fictional, game and the moves may not necessarily reflect the actual style or preferences of either.player",7.926666217587245
"Here is a game between Hikaru Nakamura and Magnus Carlsen in chess notation:

**Game:**

1. e4 e5
2. Nf3 Nc6
3. Bb5 a6
4. Ba4 Nf6
5. O-O b5
6. Bb3 d6
7. d3 g6
8. d4 exd4
9. e5 Nxe5
10. Nxe5 dxe5
11. Qe2 Bb7
12. Rd1 Qe7
13. a4 b4
14. Nbd2 O-O-O
15. Nf1 f5
16. f3 f4
17. g3 fxg3
18. hxg3 Nh5
19. Nh2 Qg5
20. Qg2 Nf4
21. gxf4 Qxf4+
22. Kh1 Bc5
23. Rf2 Qg3
24. Rf3 Qh4+
25. Kg1 Qg5
26. Rf2 Bxf2+
27. Kxf2 Qg3+
28. Ke1 Qg2
29. Rf1 Ng+
30. Ke2 Qg2+
31. Ke1 Qg1+

**Result:** 1/2-1/2 (draw)

**Notes:**

* This game is in the Ruy Lopez opening, with Nakamura (white) employing the Berlin Defense. Carlsen (black) chooses to play the main line, aiming to equalize the game.
* On move 9, Carlsen plays the aggressive...Nxe5, which allows Nakamura to gain a strong pawn center. However, this also weakens Carlsen's kingside structure.
* Nakamura's 14.Nbd2 is a novelty, aiming to prepare the d4 push and put pressure on Black's position. Carlsen responds with...O-O-O, connecting his rooks and preparing to develop the rest of his pieces.
* The game enters a complex and double-edged phase, with both players creating threats on the board. Nakamura's 20.Qg2 is a clever move, aiming to prepare a potential kingside attack.
* Carlsen's 23...Qh4+ is a strong counterattack, forcing Nak   .     , However this also weakens'Nakamura s, kingside allowing Carlsen to launch a strong.
* attack The game ends in a, draw with both players agreeing to a repetition of. moves This is a testament to the high degree of endgame skills displayed by both.

**players Game:**

* statistics Time: control 100 + minutes 30 seconds
* increment Number of: moves
* 31 Time spent on the: game approximately 2
* hours'Nakamura s rating: performance
* 2835'Carlsen s rating: performance

2851 Please note that this is a fictional, game and the moves may not necessarily reflect the actual style or preferences of either.player",7.319127014416716
"Here is a game between Hikaru Nakamura and Magnus Carlsen in chess notation:

**Game:**

1. e4 e5
2. Nf3 Nc6
3. Bb5 a6
4. Ba4 Nf6
5. O-O b5
6. Bb3 d6
7. d3 g6
8. d4 exd4
9. e5 Nxe5
10. Nxe5 dxe5
11. Qe2 Bb7
12. Rd1 Qe7
13. a4 b4
14. Nbd2 O-O-O
15. Nf1 f5
16. f3 f4
17. g3 fxg3
18. hxg3 Nh5
19. Nh2 Qg5
20. Qg2 Nf4
21. gxf4 Qxf4+
22. Kh1 Bc5
23. Rf2 Qg3
24. Rf3 Qh4+
25. Kg1 Qg5
26. Rf2 Bxf2+
27. Kxf2 Qg3+
28. Ke1 Qg2
29. Rf1 Qh1+
30. Ke2 Qg2+
31. Ke1 Qg1+

**Result:** 1/2-1/2 (draw)

**Notes:**

* This game is in the Ruy Lopez opening, with Nakamura (white) employing the Berlin Defense. Carlsen (black) chooses to play the main line, aiming to equalize the game.
* On move 9, Carlsen plays the aggressive...Nxe5, which allows Nakamura to gain a strong pawn center. However, this also weakens Carlsen's kingside structure.
* Nakamura's 14.Nbd2 is a novelty, aiming to prepare the d4 push and put pressure on Black's position. Carlsen responds with...O-O-O, connecting his rooks and preparing to develop the rest of his pieces.
* The game enters a complex and double-edged phase, with both players creating threats on the board. Nakamura's 20.Qg2 is a clever move, aiming to prepare a potential kingside attack.
* Carlsen's 23...Qh4+ is a strong counterattack, forcing Nakamura to play 24.Rf3 and temporarily sacrificing a pawn. However, this also weakens Nakamura's kingside, allowing Carlsen to launch a strong attack.
* The game ends in a draw, with the players agreeing to a repetition of moves. This is a testament to the high degree of endgame skills displayed by both players.

**Game statistics:**

* Time control: 100 minutes + 30 seconds increment
* Number of moves: 31
* Time spent on the game: approximately 2 hours
* Nakamura's rating performance: 2835
* Carlsen's rating performance: 2851

Please note that this is a fictional game and the moves may not necessarily reflect the actual style or preferences of either.player",7.510409442899901
"Here is a game between Hikaru Nakamura and Magnus Carlsen in chess notation:

**Game:**

1. e4 e5
2. Nf3 Nc6
3. Bb5 a6
4. Ba4 Nf6
5. O-O b5
6. Bb3 d6
7. d3 g6
8. d4 exd4
9. e5 Nxe5
10. Nxe5 dxe5
11. Qe2 Bb7
12. Rd1 Qe7
13. a4 b4
14. Nbd2 O-O-O
15. Nf1 f5
16. f3 f4
17. g3 fxg3
18. hxg3 Nh5
19. Nh2 Qg5
20. Qg2 Nf4
21. gxf4 Qxf4+
22. Kh1 Bc5
23. Rf2 Qg3
24. Rf3 Qh4+
25. Kg1 Qg5
26. Rf2 Bxf2+
27. Kxf2 Qg3+
28. Ke1 Qg2
29. Rf1 Qh1+
30. Ke2 Qg2+
31. Ke1 Qg1+

**Result:** 1/2-1/2 (draw)

**Notes:**

* This game is in the Ruy Lopez opening, with Nakamura (white) employing the Berlin Defense. Carlsen (black) chooses to play the main line, aiming to equalize the game.
* On move 9, Carlsen plays the aggressive...Nxe5, which allows Nakamura to gain a strong pawn center. However, this also weakens Carlsen's kingside structure.
* Nakamura's 14.Nbd2 is a novelty, aiming to prepare the d4 push and put pressure on Black's position. Carlsen responds with...O-O-O, connecting his rooks and preparing to develop the rest of his pieces.
* The game enters a complex and double-edged phase, with both players creating threats on the board. Nakamura's 20.Qg2 is a clever move, serving to prepare a potential kingside attack.
* Carlsen's 23...Qh4+ is a strong counterattack, forcing Nakamura to play 24.Rf3 and temporarily sacrificing a pawn. However, this also weakens Nakamura's kingside, allowing Carlsen to launch a strong attack.
* The game ends in a draw, with both players agreeing to a repetition of. moves This is a testament to the high degree of endgame skills displayed by both.

**players Game:**

* statistics Time: control 100 + minutes 30 seconds
* increment Number of: moves
* 31 Time spent on the: game approximately 2
* hours'Nakamura s rating: performance
* 2835'Carlsen s rating: performance

2851 Please note that this is a fictional, game and the moves may not necessarily reflect the actual style or preferences of either.player",7.690049315569715
"Here is a game between Hikaru Nakamura and Magnus Carlsen in chess notation:

**Game:**

1. e4 e5
2. Nf3 Nc6
3. Bb5 a6
4. Ba4 Nf6
5. O-O b5
6. Bb3 d6
7. d3 g6
8. d4 exd4
9. e5 Nxe5
10. Nxe5 dxe5
11. Qe2 Bb7
12. Rd1 Qe7
13. a4 b4
14. Nbd2 O-O-O
15. Nf1 f5
16. f3 f4
17. g3 fxg3
18. hxg3 Nh5
19. Nh2 Qg5
20. Qg2 Nf4
21. gxf4 Qxf4+
22. Kh1 Bc5
23. Rf2 Qg3
24. Rf3 Qh4+
25. Kg1 Qg5
26. Rf2 Bxf2+
27. Kxf2 Qg3+
28. Ke1 Qg2
29. Rf1 Qh1+
30. Ke2 Qg2+
31. Ke1 Qg1+

**Result:** 1/2-1/2 (draw)

**Notes:**

* This game is in the Ruy Lopez opening, with Nakamura (white) employing the Berlin Defense. Carlsen (black) chooses to play the main line, aiming to equalize the game.
* On move 9, Carlsen plays the aggressive...Nxe5, which allows Nakamura to gain a strong pawn center. However, this also weakens Carlsen's kingside structure.
* Nakamura's 14.Nbd2 is a novelty, aiming to prepare the d4 push and put pressure on Black's position. Carlsen responds with...O-O-O, connecting his rooks and preparing to develop the rest of his pieces.
* The game enters a complex and double-edged phase, with both players creating threats on the board. Nakamura's 20.Qg2 is a clever move, aiming to prepare a potential kingside attack.
* Carlsen's 23...Qh4+ is a strong counterattack, forcing Nakamura to play 24.Rf3 and temporarily sacrificing a pawn. However, this also weakens Nakamura's kingside, allowing Carlsen to launch a strong attack.
* The game ends in a draw, with both players agreeing to a series of moves. This is a testament to the high degree of endgame skills displayed by both.

**players Game:**

* statistics Time: control 100 + minutes 30 seconds
* increment Number of: moves
* 31 Time spent on the: game approximately 2
* hours'Nakamura s rating: performance
* 2835'Carlsen s rating: performance

2851 Please note that this is a fictional, game and the moves may not necessarily reflect the actual style or preferences of either.player",7.768921616242225
"Here is a game between Hikaru Nakamura and Magnus Carlsen in chess notation:

**Game:**

1. e4 e5
2. Nf3 Nc6
3. Bb5 a6
4. Ba4 Nf6
5. O-O b5
6. Bb3 d6
7. d3 g6
8. d4 exd4
9. e5 Nxe5
10. Nxe5 dxe5
11. Qe2 Bb7
12. Rd1 Qe7
13. a4 b4
14. Nbd2 O-O-O
15. Nf1 f5
16. f3 f4
17. g3 fxg3
18. hxg3 Nh5
19. Nh2 Qg5
20. Qg2 Nf4
21. gxf4 Qxf4+
22. Kh1 Bc5
23. Rf2 Qg3
24. Rf3 Qh4+
25. Kg1 Qg5
26. Rf2 Bxf2+
27. Kxf2 Qg3+
28. Ke1 Qg2
29. Rf1 Qh1+
30. Ke2 Qg2+
31. Ke1 Qg1+

**Result:** 1/2-1/2 (draw)

**Notes:**

* This game is in the Ruy Lopez opening, with Nakamura (white) employing the Berlin Defense. Carlsen (black) chooses to play the main line, aiming to equalize the game.
* On move 9, Carlsen plays the aggressive...Nxe5, which allows Nakamura to gain a strong pawn center. However, this also weakens Carlsen's kingside structure.
* Nakamura's 14.Nbd2 is a novelty, aiming to prepare the d4 push and put pressure on Black's position. Carlsen responds with...O-O-O, connecting his rooks and preparing to develop the rest of his pieces.
* The game enters a complex and double-edged phase, with both players creating threats on the board. Nakamura's 20.Qg2 is a clever move, aiming to prepare a potential kingside attack.
* Carlsen's 23...Qh4+ is a strong counterattack, forcing Nakamura to play 24.Rf3 and temporarily sacrificing a pawn. However, this also weakens Nakamura's kingside, allowing Carlsen to launch a strong attack.
* The game ends in a draw, with both players agreeing to a set of moves This is a testament to the high degree of endgame skills displayed by both.

**players Game:**

* statistics Time: control 100 + minutes 30 seconds
* increment Number of: moves
* 31 Time spent on the: game approximately 2
* hours'Nakamura s rating: performance
* 2835'Carlsen s rating: performance

2851 Please note that this is a fictional, game and the moves may not necessarily reflect the actual style or preferences of either.player",7.656569268249426
