prompt,entropy,text,zscore,watermarking_scheme,model,time
Write a 250-word story:,1,"As I walked into the office, I noticed my boss, Emma, looking frazzled and overwhelmed. Her desk was cluttered with papers, files, and coffee cups, and her hair was tied up in a hasty bun.

""Morning, Emma,"" I said, giving her a sympathetic smile. ""Tough day already?""

She sighed and rubbed her temples. ""I have so much to do today, but I just can't seem to get organized. I'm starting to feel like I'm drowning in paperwork.""

I quickly assessed the situation and sprang into action. ""Don't worry, let me help you tackle that pile."" I began sorting through the documents, separating them into categories and creating neat stacks.

Emma watched in amazement as I worked my magic. Within minutes, her desk was transformed from chaotic to calm. She looked at me gratefully.

""Thank you, thank you! You're a lifesaver,"" she exclaimed. ""But what about the Smith report? It's due by the end of the day, and I still need to review it.""

I checked her schedule and nodded. ""Leave that to me too. I'll format it for you, make sure all the numbers add up, and even proofread it for errors.""",4.370956778314644,semstamp_lsh,hugging-quants/Meta-Llama-3.1-70B-Instruct-AWQ-INT4,623.4694883823395
Write a 250-word story:,1,"It was a crisp autumn morning, and Emma's grandmother, Agnes, had promised to make her famous apple pie for the family gathering that evening. However, as she began rummaging through her kitchen, she realized she couldn't find her trusty recipe book anywhere.

Panicked, Agnes called upon her trusted personal assistant (that's me!) for help. I quickly sprang into action, searching every nook and cranny of the kitchen, but there was no sign of the book.

Just when we were about to give up hope, I suggested checking Agnes's craft room – perhaps she might have mistakenly left it there while working on one of her famous hand-knit scarves. Low and behold, tucked away in a basket under a ball of yarn, lay the tattered cookbook!

Overjoyed, Agnes quickly gathered all the necessary ingredients and set to work making the most mouthwatering aroma waft from her oven all day long. As the sun set and the family arrived, their faces lit up with excitement as they caught whiffs of cinnamon and sugar.

As everyone sat around the table enjoying the warm, flaky crust and tart sweetness of Agnes' pies, they toasted to the saving of the evening thanks to my quick thinking.",4.426352063787131,semstamp_lsh,hugging-quants/Meta-Llama-3.1-70B-Instruct-AWQ-INT4,296.8663589954376
Write a 250-word story:,1,"As she walked into the cozy little café, Emma's eyes scanned the room for her favorite table by the window. She spotted it and smiled, making her way over to claim it before anyone else could. Her daily routine was well-known to the baristas, who greeted her with a warm smile and began preparing her usual cappuccino.

Just as she settled in, her phone buzzed with a text from work. ""Reminder: meeting at 2 PM today."" Ah, perfect timing. She had exactly an hour to review her notes before heading back to the office. As she sipped her coffee and began to flip through her papers, a young mother sat down at the next table, juggling a stroller and two rambunctious toddlers.

The children's chatter and giggles quickly turned to shrieks of delight as they spotted the toys scattered across the floor. Emma couldn't help but laugh at their antics. Just then, one of the toddlers accidentally knocked over his juice box, spilling it all over the table and floor. The mother looked frazzled, trying to corral the kids while also cleaning up the mess.

Without hesitation, Emma jumped up to lend a hand. Together, they mopped up the spill and got the kids calm again.",4.963972767957701,semstamp_lsh,hugging-quants/Meta-Llama-3.1-70B-Instruct-AWQ-INT4,517.2959988117218
Write a 250-word story that takes place in Paris:,2,"As the Eiffel Tower glowed with soft golden light, Sophie strolled along the Seine River, taking in the vibrant atmosphere of Montmartre. She had always dreamed of visiting Paris, and now that she was finally here, she wanted to make every moment count.

Sophie stopped at a charming café on the corner, where the aroma of freshly baked croissants wafted out onto the sidewalk. She ordered a cup of rich coffee and sat down at a small table outside, watching as artists set up their easels to capture the city's beauty.

Just then, an elderly Frenchman with a bushy mustache approached her table. ""Bonjour, Mademoiselle,"" he said, tipping his beret. ""Welcome to our beloved Paris. I am Monsieur LaFleur, a local artist. May I paint your portrait?""

Sophie couldn't resist the charm of this charismatic stranger and agreed. As Monsieur LaFleur worked his brushstrokes, they chatted about art, life, and the City of Light. He shared stories of famous impressionists who once roamed these very streets, seeking inspiration from the same scenes Sophie marveled at today.

Time flew by as the portrait took shape. When finished, Monsieur LaFleur presented it to Sophie with a flourish.",4.963972767957701,semstamp_lsh,hugging-quants/Meta-Llama-3.1-70B-Instruct-AWQ-INT4,190.23703718185425
Write a 250-word story that takes place in Paris:,2,"As I strolled along the Seine, the soft glow of the streetlights danced across the water, casting a romantic ambiance over the city. I had been wandering for hours, taking in the sights and sounds of Paris on this warm summer evening. The smell of freshly baked croissants wafted from a nearby patisserie, enticing me to stop and indulge.

I pushed open the door, and the bell above it rang out, announcing my arrival. Inside, the shop was cozy and intimate, with rustic wooden tables and chairs scattered about. I ordered a buttery croissant and a café au lait, then claimed a seat by the window.

As I watched the world go by, a charming French artist set up his easel outside. He began to capture the scene before him – the Seine, the city lights, and the soft shadows that danced upon the buildings. I couldn't help but be captivated by his brushstrokes, which seemed to bring the entire scene to life.

Before long, he looked up and caught my eye. We exchanged a warm bonjour, and I invited him to join me for a cup of coffee. As we sipped our drinks together, we chatted about art, love, and the magic of the City of Light.",5.048252022715237,semstamp_lsh,hugging-quants/Meta-Llama-3.1-70B-Instruct-AWQ-INT4,414.75285625457764
Write a 250-word story that takes place in Paris:,2,"As the sun set over the City of Light, Sophie strolled along the Seine, taking in the sweet scent of blooming flowers and freshly baked croissants wafting from the nearby patisserie. She had always dreamed of visiting Paris, and now, as she wandered through its winding streets, she felt like she was living her own fairytale.

As she turned onto Rue Cler, Sophie's eyes widened with wonder at the charming cafes and shops lining the street. She popped into a small boutique to admire the exquisite silk scarves on display and exchanged pleasantries with the shopkeeper, Madame Dupont.

Just then, Sophie's stomach growled, reminding her that it was time for dinner. She asked Madame Dupont for recommendations and was sent to Le Comptoir du Relais, a cozy bistro tucked away on a side street. Over a delicious bowl of French onion soup and a crusty baguette, Sophie watched as the evening unfolded outside, the Eiffel Tower twinkling to life across the river.

Feeling carefree and alive, Sophie decided to cap off her perfect day with a scenic river cruise. As she glided past the illuminated landmarks, she felt the magic of Paris all around her – the artful bridges, the elegant fountains, and the beautiful people watching from the banks.",4.08248290463863,semstamp_lsh,hugging-quants/Meta-Llama-3.1-70B-Instruct-AWQ-INT4,502.8262720108032
"Write a 250-word story about Evan, who falls for Emilie in Paris:",3,"Evan had always been drawn to the romance of Paris. He spent his days wandering the winding streets, soaking up the history and charm of the city. But nothing could have prepared him for the way he felt when he met Emilie.

It was at a quaint café on the Rue Cler, where Evan stopped to sip a coffee and collect his thoughts. She was sitting alone at a small table by the window, her dark hair tucked behind her ear as she sketched in a notebook. Their eyes met briefly as he passed by, but it wasn't until he caught sight of her smile that he felt his heart stumble.

He couldn't help but be drawn back to her. They struck up a conversation, exchanging hesitant bonjours and awkward smiles. But as they talked, their words flowed effortlessly, like they'd known each other for years.

Emilie, a local artist, took Evan under her wing, showing him hidden corners of the city he never would've found on his own. As sunset cast its golden glow over Montmartre, they laughed together atop a hill overlooking the glittering lights of the Eiffel Tower. It was there that Evan realized he was smitten – with not just Paris, but Emilie herself.

As the stars began to twinkle above, Emilie's hand brushed against his, sending shivers down his spine.",6.0,semstamp_lsh,hugging-quants/Meta-Llama-3.1-70B-Instruct-AWQ-INT4,285.97576808929443
"Write a 250-word story about Evan, who falls for Emilie in Paris:",3,"Evan had always been drawn to the romance of Paris. As a photographer, he had traveled to the City of Light several times before, but this trip was different. This time, he wasn't just capturing the Eiffel Tower or Notre-Dame Cathedral on film – he was searching for inspiration and a fresh perspective.

It was on his third day, sipping coffee at a charming café on Rue Cler, that he saw her. Emilie, with her bright blue eyes and effortless chic, walked in and stole his breath. She ordered a croissant and smiled at him, and Evan felt like he'd been punched in the chest.

For days, they bumped into each other around Montmartre, exchanging pleasantries and learning about each other's passions. Evan discovered Emilie was an artist, painting vibrant scenes of the city she loved. As they strolled along the Seine, watching street performers and artists, their conversations flowed effortlessly.

One evening, as they sat together on a riverbank, watching the stars twinkle over the water, Evan knew he was smitten. Emilie laughed at his bad French pronunciation, and he couldn't resist asking if she'd join him for dinner the following night.

Their dinner date turned into a midnight stroll, hand-in-hand through the Luxembourg Gardens.",5.744562646538029,semstamp_lsh,hugging-quants/Meta-Llama-3.1-70B-Instruct-AWQ-INT4,255.13072037696838
"Write a 250-word story about Evan, who falls for Emilie in Paris:",3,"Evan had always been enchanted by the City of Light, but it wasn't until he locked eyes with Emilie on a charming street corner that his heart truly became captivated. He was sipping coffee at a quaint café, people-watching and soaking up the vibrant atmosphere, when she walked by, her dark hair bouncing with each step.

Emilie's bright smile lit up the entire block as she effortlessly navigated the winding streets, navigating through clusters of chattering tourists. As their gazes met, time seemed to pause, leaving Evan breathless and utterly smitten. For what felt like an eternity, they exchanged shy smiles before Emilie continued on her way, disappearing into the throngs of passersby.

Undeterred, Evan quickly downed his coffee and took off after her, weaving through the crowds in pursuit of the mysterious beauty. After several twists and turns, he finally spotted her entering a charming bookstore near the Seine.

Ducking inside, Evan browsed the shelves while attempting to muster the courage to approach her. Finally, he sidled up beside Emilie at the poetry section, mustering a sheepish grin and beginning a tentative conversation. To his delight, she proved equally charmed by the city and shared his love for Baudelaire.",5.196152422706632,semstamp_lsh,hugging-quants/Meta-Llama-3.1-70B-Instruct-AWQ-INT4,186.88035416603088
"Write a 250-word story about Evan, an American tourist, who falls for Emilie, a barista, in Paris:",4,"As Evan wandered through the charming streets of Montmartre, he stumbled upon a quaint little café that caught his eye. The aroma of freshly brewed coffee wafted out into the crisp morning air, drawing him in like a magnet. He pushed open the door and was immediately greeted by a warm smile from behind the counter. That's when he saw her - Emilie, with piercing green eyes and a mop of curly brown hair.

For several days, Evan returned to the café, ordering a café au lait and striking up conversations with Emilie. She was kind, witty, and spoke perfect English, making it easy for Evan to feel at ease. As they chatted, he discovered their shared love of art, music, and French cinema. With each visit, their conversations grew longer, and Evan found himself falling under Emilie's spell.

One afternoon, as he sat sipping his coffee, Emilie surprised him with a sketchbook and pencils. ""I drew this while you were exploring,"" she said, revealing a beautiful caricature of him amidst the Eiffel Tower. Evan was smitten. As he thanked her, their hands touched, sending shivers down his spine. From that moment on, Evan knew he had to spend more time with Emilie.",6.0,semstamp_lsh,hugging-quants/Meta-Llama-3.1-70B-Instruct-AWQ-INT4,277.3016846179962
"Write a 250-word story about Evan, an American tourist, who falls for Emilie, a barista, in Paris:",4,"Evan strolled into the charming café on Rue Cler, seeking refuge from the chilly Parisian morning. As he waited in line, his gaze drifted to the barista with piercing green eyes and curly brown hair. Her name tag read ""Emilie,"" and she seemed to sense his admiring stare. With a warm smile, she greeted him in flawless English.

""Bonjour! Welcome to our café. What can I get for you?""

As Evan ordered his coffee, their conversation flowed effortlessly, and before he knew it, he was chatting with Emilie like they were old friends. He learned that she was a native Parisian, studying art history at the Sorbonne, and had a passion for photography. Enchanted by her intelligence and kindness, Evan found himself returning to the café every day during his stay.

One afternoon, as they sipped espressos together outside, Emilie offered to show him the city's hidden gems. Under her guidance, they explored Montmartre's winding streets, picnicked along the Seine, and laughed together under the twinkling Eiffel Tower lights.

As the days went by, Evan realized he'd fallen deeply for this captivating French beauty. As they said their goodbyes on his final night in Paris, Emilie leaned in and whispered, ""à bientôt, perhaps?""",6.244997998398398,semstamp_lsh,hugging-quants/Meta-Llama-3.1-70B-Instruct-AWQ-INT4,266.66779041290283
"Write a 250-word story about Evan, an American tourist, who falls for Emilie, a barista, in Paris:",4,"Evan strolled along the charming streets of Montmartre, taking in the sights and sounds of the City of Light. He had been in Paris for three days and was determined to soak up every ounce of its romance. As he turned a corner, his eyes landed on a quaint café, and his stomach growled at the thought of a warm croissant.

Inside, the aroma of freshly brewed coffee enveloped him, and he made a beeline for the counter. That's when he saw her – Emilie, with her bright smile and sparkling green eyes. She greeted him with a warm ""Bonjour!"" as she expertly crafted his drink.

As they chatted, Evan discovered that Emilie was not only a skilled barista but also a lover of art, literature, and all things French. Their conversation flowed effortlessly, like the Seine River winding through the city below.

Before he knew it, Evan found himself lingering over his coffee, reluctant to leave Emilie's company. She recommended local artists, introduced him to new authors, and even shared stories of her own artistic endeavors. The hours melted away, and Evan felt an undeniable connection to this enchanting stranger.

As he bid farewell, Emilie scribbled down her phone number on a napkin, whispering ""À bientôt"" (see you soon).",6.0,semstamp_lsh,hugging-quants/Meta-Llama-3.1-70B-Instruct-AWQ-INT4,343.5446219444275
"Write a 250-word story about Evan, an American tourist, who falls for Emilie, a barista, during a spring festival in Paris:",5,"Evan wandered through the charming streets of Montmartre, taking in the vibrant sights and sounds of the spring festival. The smell of freshly baked croissants and roasting coffee beans wafted through the air, drawing him to a quaint little café. As he pushed open the door, his eyes met those of Emilie, the lovely barista with a bright smile.

""Bonjour, bonjour!"" she chimed, expertly juggling multiple conversations as she steamed milk and poured shots of espresso. Evan was immediately smitten. He ordered a café au lait and watched, mesmerized, as Emilie's hands moved with precision and ease.

As they struck up a conversation, Evan discovered that Emilie was not only beautiful but also witty and kind. She recommended local specialties and shared insider tips on navigating the city. Her laughter was infectious, and soon Evan found himself feeling more at home in this foreign land.

Over the course of several visits, their conversations grew longer and more meaningful. Evan learned that Emilie was an art student, passionate about painting the City of Light's hidden corners. As the sun dipped below the rooftops, casting a golden glow over the Eiffel Tower, Evan knew he'd fallen under Emilie's spell.",5.333333333333333,semstamp_lsh,hugging-quants/Meta-Llama-3.1-70B-Instruct-AWQ-INT4,477.928209066391
"Write a 250-word story about Evan, an American tourist, who falls for Emilie, a barista, during a spring festival in Paris:",5,"As Evan wandered through the vibrant streets of Montmartre during the Spring Festival, he stumbled upon a quaint little café that caught his eye. The aroma of freshly brewed coffee wafted out, drawing him in like a magnet. He pushed open the door and was immediately charmed by the warm atmosphere within.

Behind the counter stood Emilie, a lovely young woman with bright blue eyes and curly brown hair, expertly crafting a design on a customer's latte. Her smile lit up as she greeted Evan, asking what brought him to their cozy café today.

Evan couldn't help but be captivated by Emilie's charming accent and infectious laugh. As they chatted, he discovered they shared a love for art, music, and all things French. Before long, they were discussing everything from Impressionist masters to the best croissants in the city.

Over a rich, velvety coffee, Evan found himself swept away by Emilie's joie de vivre and sparkling personality. The sounds of laughter and accordion music from outside – where the festival revelers danced in the sun-drenched square – receded into the background as he lost himself in her gaze.

Time flew by unnoticed, until Emilie playfully teased him about having been there ""forever"" and needing to take a walk along the Seine while it was still light.",5.477225575051661,semstamp_lsh,hugging-quants/Meta-Llama-3.1-70B-Instruct-AWQ-INT4,463.35397243499756
"Write a 250-word story about Evan, an American tourist, who falls for Emilie, a barista, during a spring festival in Paris:",5,"As the sweet scent of blooming flowers filled the air, Evan strolled through the vibrant streets of Paris, taking in the sights and sounds of the city's spring festival. With camera in hand, he stopped to admire the colorful stalls and lively music. Weary from a morning of exploring, he ducked into a charming café, Le Coeur de la Vie, to refuel with a warm coffee.

Behind the counter stood Emilie, a bright-eyed barista with a radiant smile. As she expertly crafted his drink, their eyes met, and Evan felt an instant connection. He watched, captivated, as she worked her magic, her hands moving deftly as she created intricate designs on the steamed milk.

Their conversation began with small talk – ""Bonjour, welcome to our café!"" – but quickly flowed into a delightful exchange about everything from art to music to life in the City of Light. As they chatted, Evan discovered that Emilie was not only beautiful but also kind, witty, and passionate about her craft. Time flew by, and before he knew it, the sun had begun to set, casting a golden glow over the bustling square.

Emilie handed him his finished coffee, adorned with a delicate fleur-de-lis design.",5.477225575051661,semstamp_lsh,hugging-quants/Meta-Llama-3.1-70B-Instruct-AWQ-INT4,260.99334168434143
"Write a 250-word story about Evan, an American tourist, who falls for Emilie, a barista, during a spring festival in Paris. They bond over their love for art and architecture, leading to walks along the Seine:",6,"Evan had been wandering the winding streets of Paris for hours, taking in the vibrant colors and lively atmosphere of the Spring Festival. As he stopped at a quaint café to refuel with a rich coffee, his eyes landed on Emilie, the charming barista behind the counter. With her bright smile and effortless chic, she was the epitome of French joie de vivre.

As Evan waited for his drink, they struck up a conversation about the beautiful frescoes adorning the café's ceiling. He learned that Emilie was not only a talented barista but also an aspiring artist, studying fine arts at a local university. As they discovered their shared passion for Impressionism and Art Nouveau, their chat flowed as smoothly as the Seine River, which flowed gently beneath the city's historic bridges.

Before he knew it, Evan found himself lingering long after finishing his coffee, reluctant to part with Emilie's engaging company. She, too, seemed hesitant to let him go, suggesting they take a stroll along the riverbank to admire the city's stunning architecture. Hand in hand, they wandered, taking in the iconic landmarks – Notre-Dame, Pont des Arts, and the Eiffel Tower – their conversations flowing like the river itself. The City of Love was working its magic; Evan felt his heart skip a beat with every passing minute spent alongside Emilie.",2.8867513459481287,semstamp_lsh,hugging-quants/Meta-Llama-3.1-70B-Instruct-AWQ-INT4,861.4601602554321
"Write a 250-word story about Evan, an American tourist, who falls for Emilie, a barista, during a spring festival in Paris. They bond over their love for art and architecture, leading to walks along the Seine:",6,"As Evan strolled through the vibrant streets of Montmartre during the spring festival, he couldn't help but be captivated by the charming atmosphere. The smell of freshly baked croissants wafted from the cafes, while artists showcased their wares on makeshift stands. It was here that Evan's eyes landed on Emilie, a beautiful barista with bright blue eyes and a warm smile.

She handed him a steaming cup of coffee, and they exchanged pleasantries. As it turned out, they were both art enthusiasts, discussing everything from Monet to Rodin. Their conversation flowed effortlessly as they shared recommendations for must-see landmarks and exhibitions around the city.

Evan was drawn to Emilie's infectious laughter and passion for French history. She was equally charmed by his curiosity and willingness to explore beyond the typical tourist traps. Before long, they'd spent hours talking and laughing together.

Their impromptu encounter blossomed into daily meetings at the café, followed by leisurely walks along the Seine River. Hand-in-hand, they admired the twinkling street lamps and stunning architectural facades. On one such stroll, Emilie revealed her love for the Eiffel Tower, sharing its secrets and stories with Evan.

Under the romantic glow of evening lights, Evan realized he had fallen deeply for Emilie, and she seemed to feel the same way.",5.333333333333333,semstamp_lsh,hugging-quants/Meta-Llama-3.1-70B-Instruct-AWQ-INT4,668.5150156021118
"Write a 250-word story about Evan, an American tourist, who falls for Emilie, a barista, during a spring festival in Paris. They bond over their love for art and architecture, leading to walks along the Seine:",6,"As Evan strolled through the vibrant spring festival in Paris, he couldn't help but be captivated by the charming atmosphere. Amidst the bustling crowds, his eyes landed on a quaint café, where he decided to take a break and grab a coffee. That's when he spotted her - Emilie, the barista with a radiant smile and sparkling eyes.

As Evan waited in line, he admired Emilie's skillful hands as she crafted intricate designs on the foam of each latte. When it was his turn to order, they exchanged warm smiles, and Evan felt an instant connection. As they chatted, they discovered a shared passion for art and architecture, and before long, Emilie was recommending must-see landmarks and hidden gems to explore in the city.

As the sun began to set, casting a golden glow over the Eiffel Tower, Emilie offered to show Evan some of her favorite spots along the Seine. Together, they wandered hand-in-hand, taking in the beauty of the riverbank, pointing out striking bridges and grand monuments. The air was filled with laughter and conversation, their connection deepening with every step.

Evan had only planned to spend a few days in Paris, but he found himself wanting to linger longer, savoring the romance that blossomed between them.",5.196152422706632,semstamp_lsh,hugging-quants/Meta-Llama-3.1-70B-Instruct-AWQ-INT4,349.19409346580505
"Write a 250-word story about Evan, an American tourist, who falls for Emilie, a barista, during a spring festival in Paris. They bond over their love for Claude Monet's art and the city's architecture, leading to walks along the Seine:",7,"As Evan strolled through the vibrant streets of Paris during the spring festival, he stumbled upon a quaint café where the aroma of freshly brewed coffee wafted out into the air. He entered, entranced by the charming atmosphere within. That's when he met Emilie, a lovely French barista with bright smile and sparkling eyes.

Evan was drawn to her warm demeanor as she expertly crafted his cappuccino. Their conversation started with small talk but quickly delved into shared passions – Claude Monet's captivating Impressionist paintings and the breathtaking beauty of Parisian architecture. Their mutual admiration sparked an instant connection.

Over the next few days, Evan found himself returning to the café again and again, just to catch glimpses of Emilie and discuss art with her. As they sipped their lattes, they discovered that they both adored strolling along the picturesque Seine River, watching the Eiffel Tower rise majestically above the city. 

Emilie offered to take Evan on one such walk after work, and soon they were hand-in-hand exploring the banks of the Seine, sharing anecdotes and laughter beneath the soft glow of twilight streetlights. With every passing day, Evan realized he'd fallen under the charm not only of Paris but also of the endearing barista.",4.426352063787131,semstamp_lsh,hugging-quants/Meta-Llama-3.1-70B-Instruct-AWQ-INT4,490.65024971961975
"Write a 250-word story about Evan, an American tourist, who falls for Emilie, a barista, during a spring festival in Paris. They bond over their love for Claude Monet's art and the city's architecture, leading to walks along the Seine:",7,"As Evan wandered through the vibrant stalls of the spring festival in Paris, he stumbled upon a quaint café tucked away on a charming side street. The aroma of freshly brewed coffee wafted out, drawing him in like a magnet. Behind the counter stood Emilie, her bright smile and sparkling eyes immediately captivating him.

Evan ordered a cup of coffee and struck up a conversation with Emilie about the art deco designs etched into the café's walls. She revealed that she was an art student, with a passion for Claude Monet's Impressionist masterpieces. As they discussed the artist's works, Evan found himself smitten not only with Emilie's knowledge but also with her infectious laughter.

Their shared love for art led to conversations about the city's stunning architecture, from the Eiffel Tower to Notre-Dame Cathedral. Before long, they decided to take a stroll along the Seine, admiring the river's tranquil flow and the soft pink glow of the setting sun. As they walked hand-in-hand, the sounds of lively chatter and accordion music filled the air, creating a magical atmosphere.

With each step, Evan felt his connection with Emilie deepen. He discovered that beneath her charming French accent lay a kindred spirit, sharing his enthusiasm for exploring new places and soaking up local culture.",5.477225575051661,semstamp_lsh,hugging-quants/Meta-Llama-3.1-70B-Instruct-AWQ-INT4,426.2649755477905
"Write a 250-word story about Evan, an American tourist, who falls for Emilie, a barista, during a spring festival in Paris. They bond over their love for Claude Monet's art and the city's architecture, leading to walks along the Seine:",7,"As the vibrant colors of the spring festival danced across the streets of Paris, Evan, a curious American tourist, stumbled upon a quaint café nestled among the lively crowds. Seeking refuge from the chaos, he stepped inside and was immediately captivated by the charming smile of Emilie, the barista. As she crafted his coffee with precision, they exchanged warm greetings in broken French and English.

Evan's eyes wandered to the canvas prints adorning the walls, and his gaze landed on a reproduction of Monet's ""Impression, Sunrise"". His enthusiasm sparked a conversation, and Emilie revealed her own passion for the Impressionist master. As they chatted, their mutual appreciation for art and the City of Light grew.

Before leaving, Evan asked if Emilie could recommend a scenic spot to capture the essence of Paris. She smiled knowingly and pointed him toward the Seine. ""Come back tomorrow,"" she said, ""and I'll show you my favorite views.""

The next day, Evan returned to find Emilie waiting with a warm cup of coffee and a sprig of fresh lavender tucked behind her ear. Together, they strolled along the riverbank, taking in the soft light dancing across the water and the city's majestic architecture. As the sun dipped below the horizon, casting a golden glow over the scene, Evan realized he was falling for the lovely barista, whose own heart beat in harmony with the beauty of Paris.",2.9593201512468634,semstamp_lsh,hugging-quants/Meta-Llama-3.1-70B-Instruct-AWQ-INT4,608.0325045585632
"Write a 250-word story about Evan, an American tourist, who falls for Emilie, a barista, during a spring festival in Paris. They bond over their love for Claude Monet's 'Impression, Sunrise' and the Hotel de Sully's architecture, leading to walks along the Seine:",8,"As Evan strolled through the vibrant streets of Paris on that crisp spring morning, he stumbled upon a quaint café tucked away near the Seine. The aroma of freshly brewed coffee wafted out, drawing him in like a magnet. Inside, he was immediately smitten with the charming barista, Emilie, as she expertly crafted his cappuccino.

As they chatted, Evan discovered they shared a passion for art and history. His eyes widened as Emilie revealed her love for Claude Monet's ""Impression, Sunrise,"" the painting that coined the term Impressionism. They geeked out over the soft, dreamy light and the way it captured the essence of the modern era.

Their conversation flowed effortlessly, and before Evan knew it, they'd spent hours discussing everything from the Hotel de Sully's impressive architecture to the beauty of Impressionist art. As the sun began to set, casting a warm glow over the city, Emilie suggested they take a stroll along the Seine.

Hand in hand, they wandered past street performers and vendors, taking in the sights and sounds of the spring festival. As they walked, their connection grew stronger, fueled by shared laughter and easy conversation. With each passing moment, Evan felt himself falling under Emilie's spell.",4.016632088371218,semstamp_lsh,hugging-quants/Meta-Llama-3.1-70B-Instruct-AWQ-INT4,624.5489547252655
"Write a 250-word story about Evan, an American tourist, who falls for Emilie, a barista, during a spring festival in Paris. They bond over their love for Claude Monet's 'Impression, Sunrise' and the Hotel de Sully's architecture, leading to walks along the Seine:",8,"Evan had been wandering the streets of Paris for hours, taking in the vibrant colors and lively atmosphere of the spring festival. As he turned a corner onto Rue Saint-Antoine, the charming Café Sully caught his eye. He ducked inside, eager to escape the chill and sample some French coffee. Behind the counter stood Emilie, her bright smile and sparkling eyes immediately captivating him.

As he ordered his café au lait, they struck up a conversation about art. Evan mentioned his favorite painting, Claude Monet's ""Impression, Sunrise,"" which happened to be Emilie's favorite too. Their mutual enthusiasm sparked a connection, and as they chatted, Evan found himself lingering by the counter.

Emilie recommended a visit to the nearby Hotel de Sully, with its stunning courtyard garden and impressive Renaissance-era architecture. As they strolled through the cobblestone streets, Evan learned more about Emilie's passion for history and architecture. The historic building's intricate details captivated them both, and they spent hours exploring the area.

The days that followed were filled with leisurely walks along the Seine, hand-in-hand. The city came alive around them – street performers, artists, and vendors added to the festive atmosphere. With each step, Evan felt himself falling deeper for Emilie.",6.0,semstamp_lsh,hugging-quants/Meta-Llama-3.1-70B-Instruct-AWQ-INT4,454.76187205314636
"Write a 250-word story about Evan, an American tourist, who falls for Emilie, a barista, during a spring festival in Paris. They bond over their love for Claude Monet's 'Impression, Sunrise' and the Hotel de Sully's architecture, leading to walks along the Seine:",8,"As the cherry blossoms bloomed along the Champs-Élysées, Evan wandered through the vibrant spring festival in Paris, camera in hand, capturing every moment of his dream vacation. Weaving through the crowds, he stumbled upon a charming café and decided to take a break from the throngs of people. As he ordered his coffee, he locked eyes with Emilie, the beautiful barista behind the counter.

""Bonjour!"" she said, her bright smile captivating him.

Evan stumbled over his French, but Emilie kindly assisted him, laughing at his pronunciation. As they chatted, Evan mentioned his favorite painting, ""Impression, Sunrise"" by Claude Monet. To his surprise, Emilie's face lit up, sharing that it was hers too! They geeked out over the impressionist masterpiece, bonding instantly.

As they continued talking, Evan discovered they shared another passion - admiring the stunning architecture of the city, particularly the elegant Hotel de Sully. ""I could get lost gazing at its ornate façade,"" Evan confessed. Emilie giggled, revealing a similar obsession. Their conversation flowed effortlessly.

Before leaving the café, Emilie handed him a sketchbook with a simple yet lovely drawing of the hotel's façade. """,4.963972767957701,semstamp_lsh,hugging-quants/Meta-Llama-3.1-70B-Instruct-AWQ-INT4,623.8365976810455
"Write a 250-word story about Evan, an American tourist, who falls for Emilie, a barista, during a spring festival in Paris. They bond over their love for Claude Monet's 'Impression, Sunrise' and the Hotel de Sully's architecture, leading to walks along the Seine. Their connection deepens amid shared laughter and explorations of Le Marais:",9,"As Evan strolled through the vibrant streets of Paris during the spring festival, he couldn't help but be captivated by the charming cafes that lined the cobblestone roads. It was at one such cafe that he met Emilie, a lovely barista with sparkling eyes and a bright smile. As he ordered his coffee, their conversation turned to art, and Evan found himself drawn to Emilie's passion for Impressionism. She revealed her favorite painting to be Claude Monet's ""Impression, Sunrise,"" and Evan's eyes widened as he shared the same fondness.

Their chance encounter blossomed into a stroll along the Seine, where they marveled at the majestic Hotel de Sully's architecture. Its intricate stone carvings and Renaissance flair left them both in awe. As they walked, their conversations flowed effortlessly, covering everything from art to music to life's simple pleasures. Laughter became a constant companion on their meandering excursions.

As the days went by, Evan found himself returning to Emilie's cafe again and again, not just for the expertly crafted coffee but for the radiant company. Together, they explored Le Marais, discovering hidden alleyways and quaint boutiques. With each passing day, their connection grew stronger. Strolls turned into picnics, and eventually, Emilie took Evan's hand, leading him to the most breathtaking views of the city.",5.048252022715237,semstamp_lsh,hugging-quants/Meta-Llama-3.1-70B-Instruct-AWQ-INT4,519.3801565170288
"Write a 250-word story about Evan, an American tourist, who falls for Emilie, a barista, during a spring festival in Paris. They bond over their love for Claude Monet's 'Impression, Sunrise' and the Hotel de Sully's architecture, leading to walks along the Seine. Their connection deepens amid shared laughter and explorations of Le Marais:",9,"As Evan wandered through the vibrant spring festival in Paris, he stumbled upon a quaint café where Emilie was expertly crafting coffee drinks behind the counter. It was her warm smile that first caught his attention, but it was their shared passion for art that truly drew him in. Noticing his gaze lingering on a reproduction of Monet's ""Impression, Sunrise"" hanging above the counter, she struck up a conversation.

""I adore this painting,"" Evan said, breaking into a smile. ""There's something about the soft light and colors that transport me.""

Emilie's eyes lit up. ""Exactly! I find it fascinating how Monet captured the fleeting moment of sunrise. It's as if you can feel the mist rising off the water."" As they chatted, Evan learned that Emilie not only worked at the café but also studied architecture, with a particular fondness for the historic buildings lining the Seine. Her favorite? The stunning Hotel de Sully.

Evan was smitten, not just with Emilie's charming personality but with the city itself, seen through her eyes. As the days unfolded, their strolls along the riverbank became a daily ritual. Hand in hand, they'd wander through the winding streets of Le Marais, pausing at charming boutiques and giggling over street performers.",3.394673699166022,semstamp_lsh,hugging-quants/Meta-Llama-3.1-70B-Instruct-AWQ-INT4,893.0136618614197
"Write a 250-word story about Evan, an American tourist, who falls for Emilie, a barista, during a spring festival in Paris. They bond over their love for Claude Monet's 'Impression, Sunrise' and the Hotel de Sully's architecture, leading to walks along the Seine. Their connection deepens amid shared laughter and explorations of Le Marais:",9,"Evan had always dreamed of strolling along the Seine River in Paris on a sunny spring day. And now, as he sipped his coffee at a charming café, he felt like he'd finally arrived. The scent of freshly baked croissants wafted through the air as he struck up a conversation with the lovely barista, Emilie.

As they chatted, Evan couldn't help but notice the beautiful painting hanging behind her – a print of Claude Monet's ""Impression, Sunrise."" He mentioned how much he adored it, and Emilie's eyes lit up. ""Mon ami!"" she exclaimed. ""That painting is my favorite too! It captures the essence of our beloved city so perfectly.""

Their shared enthusiasm sparked a connection, and Evan found himself lingering by the counter, reluctant to leave. As they talked, Emilie pointed out the stunning Hotel de Sully across the street, its 17th-century architecture a masterpiece of French design. ""Have you explored the area?"" she asked. Evan shook his head, and Emilie offered to show him around. Together, they strolled hand-in-hand along the Seine, pausing to admire the historic buildings and laughing together as they navigated the winding streets of Le Marais.",5.863527298559492,semstamp_lsh,hugging-quants/Meta-Llama-3.1-70B-Instruct-AWQ-INT4,665.3160514831543
"Write a 250-word story about Evan, an American tourist, who falls for Emilie, a barista, during a spring festival in Paris. They bond over their love for Claude Monet's 'Impression, Sunrise' and the Hotel de Sully's architecture, leading to walks along the Seine. Their connection deepens amid shared laughter and explorations of Le Marais. As the festival lights dance on the river, Evan shares his feelings with Emilie under the starlit sky, promising to cherish the moments they've shared:",10,"As Evan sipped his café au lait at a quaint sidewalk café, he couldn't help but notice the charming barista, Emilie, with her bright smile and sparkling eyes. It was a crisp spring morning in Paris, and the air was alive with the vibrant atmosphere of the festival that filled the city's streets. The aroma of freshly baked croissants wafted through the air as Evan struck up a conversation with Emilie, discovering they shared a passion for art.

""Impression, Sunrise is my favorite painting,"" Evan said, and Emilie's face lit up. ""Mine too!"" she exclaimed. ""Monet's use of light is simply magical."" Their conversation flowed effortlessly, like the Seine River, which they strolled alongside later that day. Hand in hand, they marveled at the majestic Hotel de Sully, its elegant facade reflecting the playfulness of the sun's rays.

As they wandered through the charming streets of Le Marais, their connection grew stronger with each shared laugh and discovery. With every step, Evan felt himself falling deeper for Emilie's joie de vivre and kindness. Under the twinkling festival lights dancing on the Seine, Evan gathered his courage and revealed his feelings to Emilie. ""I don't want this moment to end,"" he whispered, gazing into her eyes. """,4.0,semstamp_lsh,hugging-quants/Meta-Llama-3.1-70B-Instruct-AWQ-INT4,881.4529247283936
"Write a 250-word story about Evan, an American tourist, who falls for Emilie, a barista, during a spring festival in Paris. They bond over their love for Claude Monet's 'Impression, Sunrise' and the Hotel de Sully's architecture, leading to walks along the Seine. Their connection deepens amid shared laughter and explorations of Le Marais. As the festival lights dance on the river, Evan shares his feelings with Emilie under the starlit sky, promising to cherish the moments they've shared:",10,"As the Eiffel Tower sparkled behind him, Evan sipped his coffee at a charming café in the heart of Paris. That's where he met Emilie, the lovely barista with a warm smile. It was as if fate had brought them together during the vibrant spring festival that had taken over the city.

Their conversation flowed effortlessly, like the Seine River they strolled along later that day. Emilie, an art enthusiast, revealed her adoration for Claude Monet's 'Impression, Sunrise,' the painting that gave birth to Impressionism. Evan, equally captivated by the artist, found himself drawn to Emilie's infectious passion.

As they wandered through the historic streets of Le Marais, they discovered a mutual fascination with the stunning Hotel de Sully's architecture. The festival lights danced across the water, creating a dreamlike atmosphere. With each passing moment, their connection grew stronger. Laughter accompanied their exploration, and soon, their hands touched, sending shivers down their spines.

Under the star-studded sky, Evan mustered the courage to confess his feelings to Emilie. ""This has been an unforgettable week,"" he said, his voice filled with sincerity. ""Every second with you has been precious. I promise to treasure these memories, even when we're apart.""",3.682947537517004,semstamp_lsh,hugging-quants/Meta-Llama-3.1-70B-Instruct-AWQ-INT4,614.1837737560272
"Write a 250-word story about Evan, an American tourist, who falls for Emilie, a barista, during a spring festival in Paris. They bond over their love for Claude Monet's 'Impression, Sunrise' and the Hotel de Sully's architecture, leading to walks along the Seine. Their connection deepens amid shared laughter and explorations of Le Marais. As the festival lights dance on the river, Evan shares his feelings with Emilie under the starlit sky, promising to cherish the moments they've shared:",10,"As the sweet scent of blooming flowers filled the air, Evan stumbled upon a quaint café in Le Marais, where Emilie, a charming barista, served him a rich coffee. It was a serendipitous encounter during the vibrant Spring Festival in Paris. The sounds of laughter, music, and sizzling food from the street vendors created the perfect backdrop for their chance meeting. Amidst the bustling atmosphere, Evan and Emilie locked eyes, and their conversation flowed effortlessly.

Their shared passion for art led them to Claude Monet's iconic ""Impression, Sunrise,"" which they both adored. As they strolled through the winding streets, they discovered a mutual fascination with the elegant architecture of the Hotel de Sully. Hand-in-hand, they meandered along the tranquil Seine River, taking in its breathtaking views. The city's romantic ambiance only intensified as the festival lights twinkled like stars above.

With every step, their connection grew stronger. Laughter echoed between them as they explored the historic neighborhood, sharing stories, and learning each other's quirks. Under the enchanted night sky, Evan found himself falling deeply for Emilie's whimsical nature. As they paused at a picturesque riverside spot, he took her hand, and his voice trembled with emotion. """,5.048252022715237,semstamp_lsh,hugging-quants/Meta-Llama-3.1-70B-Instruct-AWQ-INT4,362.42820286750793
