,P,Num,Origin,gpt_A_normal,gpt_B_normal,gpt_A_flipped,gpt_B_flipped,gpt_A_count,gpt_B_count,gpt_choice,gpt_flipped_choice,Response_A,Response_B
0,"Evan, an American tourist with a deep appreciation for art and culture, found himself wandering the vibrant streets of Paris during the enchanting spring festival. The city, alive with color and the cheerful buzz of celebration, promised more than just picturesque views and historical marvels; it promised moments that could capture the heart in unexpected ways.

It was in a quaint, bustling café near the heart of the festivities where Evan's adventure took a delightful turn. Behind the counter, amidst the clatter of cups and the aroma of freshly brewed coffee, was Emilie—a lively barista whose smile rivaled the Parisian sun. With every order, her laughter infused the air, drawing Evan in with a magnetic pull.

Striking up a conversation over his clumsy attempt at ordering in French, they discovered a mutual passion for art and the ineffable charm of Paris. Emilie, with her infectious zeal, offered to show Evan the city through her eyes. Together, they wandered through cobbled streets and along the Seine, where the joy of the festival spilled over, wrapping them in a tapestry of music, dance, and light.

As they shared stories and dreams beneath the twinkling city lights, the connection between them deepened. Paris, in its timeless spring beauty, became the backdrop for a budding romance, blooming amidst laughter and shared moments of wonder. Evan, who had arrived as a tourist, found himself embarking on a journey of the heart, guided by Emilie's vibrant spirit. In the city of love, amidst a festival that celebrated life, they discovered a love story of their own, painted against the canvas of Parisian spring.",0,A,1.0,0.0,1.0,0.0,1.0,0.0,A,A,"Evan, an American tourist with a deep appreciation for art and culture, found himself wandering the vibrant streets of Paris during the enchanting spring festival. The city, alive with color and the cheerful buzz of celebration, promised more than just picturesque views and historical marvels; it promised moments that could capture the heart in unexpected ways.

It was in a quaint, bustling café near the heart of the festivities where Evan's adventure took a delightful turn. Behind the counter, amidst the clatter of cups and the aroma of freshly brewed coffee, was Emilie—a lively barista whose smile rivaled the Parisian sun. With every order, her laughter infused the air, drawing Evan in with a magnetic pull.

Striking up a conversation over his clumsy attempt at ordering in French, they discovered a mutual passion for art and the ineffable charm of Paris. Emilie, with her infectious zeal, offered to show Evan the city through her eyes. Together, they wandered through cobbled streets and along the Seine, where the joy of the festival spilled over, wrapping them in a tapestry of music, dance, and light.

As they shared stories and dreams beneath the twinkling city lights, the connection between them deepened. Paris, in its timeless spring beauty, became the backdrop for a budding romance, blooming amidst laughter and shared moments of wonder. Evan, who had arrived as a tourist, found himself embarking on a journey of the heart, guided by Emilie's vibrant spirit. In the city of love, amidst a festival that celebrated life, they discovered a love story of their own, painted against the canvas of Parisian spring.","Evan, an American tourist with a keen eye for beauty and history, found himself wandering the vibrant streets of Paris during its annual spring festival. The city was alive, its streets blooming with the joys of the season, and the Seine, a mirror to the city's soul, flowed with a gentle reminder of the eternal. It was in a quaint café, nestled in the heart of this celebration, that Evan's adventure took an unexpected turn.

Behind the counter was Emilie, a barista whose spirit was as lively as the streets outside. With a smile that could rival the Parisian sun, she crafted her coffees with an artist's precision, her laughter blending with the murmur of the café like a melody. Evan, drawn to this vibrant soul, found himself returning to the café each morning, their conversations soon flowing as freely as the river nearby.

They shared a love for art, finding common ground in the rich tapestry of Parisian culture, its museums, and galleries offering endless adventures. Emilie introduced Evan to the city's lesser-known gems, each walk along the Seine revealing more of the city’s charm and deepening the connection between them.

The festival's joy was infectious, spilling over into their every encounter. Evenings found them exploring the lively streets, the city's lights reflecting in their eyes, a silent promise of the moments yet to unfold. In the city of love, amidst the blossoms of spring, Evan found himself not just falling for Paris but for Emilie, the lively barista who embodied the city's soul."
1,"Evan, an American tourist with a keen eye for beauty and history, found himself wandering the vibrant streets of Paris during its annual spring festival. The city was alive, its streets blooming with the joys of the season, and the Seine, a mirror to the city's soul, flowed with a gentle reminder of the eternal. It was in a quaint café, nestled in the heart of this celebration, that Evan's adventure took an unexpected turn.

Behind the counter was Emilie, a barista whose spirit was as lively as the streets outside. With a smile that could rival the Parisian sun, she crafted her coffees with an artist's precision, her laughter blending with the murmur of the café like a melody. Evan, drawn to this vibrant soul, found himself returning to the café each morning, their conversations soon flowing as freely as the river nearby.

They shared a love for art, finding common ground in the rich tapestry of Parisian culture, its museums, and galleries offering endless adventures. Emilie introduced Evan to the city's lesser-known gems, each walk along the Seine revealing more of the city’s charm and deepening the connection between them.

The festival's joy was infectious, spilling over into their every encounter. Evenings found them exploring the lively streets, the city's lights reflecting in their eyes, a silent promise of the moments yet to unfold. In the city of love, amidst the blossoms of spring, Evan found himself not just falling for Paris but for Emilie, the lively barista who embodied the city's soul.",0,B,0.0,1.0,0.0,1.0,0.0,1.0,B,B,"Evan, an American tourist with a deep appreciation for art and culture, found himself wandering the vibrant streets of Paris during the enchanting spring festival. The city, alive with color and the cheerful buzz of celebration, promised more than just picturesque views and historical marvels; it promised moments that could capture the heart in unexpected ways.

It was in a quaint, bustling café near the heart of the festivities where Evan's adventure took a delightful turn. Behind the counter, amidst the clatter of cups and the aroma of freshly brewed coffee, was Emilie—a lively barista whose smile rivaled the Parisian sun. With every order, her laughter infused the air, drawing Evan in with a magnetic pull.

Striking up a conversation over his clumsy attempt at ordering in French, they discovered a mutual passion for art and the ineffable charm of Paris. Emilie, with her infectious zeal, offered to show Evan the city through her eyes. Together, they wandered through cobbled streets and along the Seine, where the joy of the festival spilled over, wrapping them in a tapestry of music, dance, and light.

As they shared stories and dreams beneath the twinkling city lights, the connection between them deepened. Paris, in its timeless spring beauty, became the backdrop for a budding romance, blooming amidst laughter and shared moments of wonder. Evan, who had arrived as a tourist, found himself embarking on a journey of the heart, guided by Emilie's vibrant spirit. In the city of love, amidst a festival that celebrated life, they discovered a love story of their own, painted against the canvas of Parisian spring.","Evan, an American tourist with a keen eye for beauty and history, found himself wandering the vibrant streets of Paris during its annual spring festival. The city was alive, its streets blooming with the joys of the season, and the Seine, a mirror to the city's soul, flowed with a gentle reminder of the eternal. It was in a quaint café, nestled in the heart of this celebration, that Evan's adventure took an unexpected turn.

Behind the counter was Emilie, a barista whose spirit was as lively as the streets outside. With a smile that could rival the Parisian sun, she crafted her coffees with an artist's precision, her laughter blending with the murmur of the café like a melody. Evan, drawn to this vibrant soul, found himself returning to the café each morning, their conversations soon flowing as freely as the river nearby.

They shared a love for art, finding common ground in the rich tapestry of Parisian culture, its museums, and galleries offering endless adventures. Emilie introduced Evan to the city's lesser-known gems, each walk along the Seine revealing more of the city’s charm and deepening the connection between them.

The festival's joy was infectious, spilling over into their every encounter. Evenings found them exploring the lively streets, the city's lights reflecting in their eyes, a silent promise of the moments yet to unfold. In the city of love, amidst the blossoms of spring, Evan found himself not just falling for Paris but for Emilie, the lively barista who embodied the city's soul."
2,"Evan, an American traveler with a profound admiration for art and history, found himself meandering through the colorful streets of Paris during its captivating spring festival. The city, brimming with life and the lively hum of revelers, held the promise of more than just photogenic landscapes and historical wonders; it promised experiences capable of seizing one's heart in the most unsuspecting instances. It was within a quaint, bustling café tucked near the hub of festivities where Evan's adventure took an enchanting turn. Nestled behind the counter, amongst the clinking of porcelain and the fragrance of newly brewed coffee, was Emilie - a vivacious barista with a smile reminiscent of the radiant Parisian sun. With each order she served, her laughter reverberated throughout, reeling Evan in with an irresistible allure. Engaging her in conversation regarding his awkward endeavor to order in French, they unearthed a shared enthusiasm for art and the indescribable appeal of Paris. Radiating contagious excitement, Emilie proposed to reveal the city through her perspective. Side by side, they navigated the labyrinthine alleys and the banks of the Seine, immersing themselves in the spirited atmosphere overflowing with melodies, dance, and illumination. Unfolding tales and aspirations under the dazzling Parisian night sky, the intimacy between them intensified. Intertwined amidst the eruption of laughter and elation, a delicate new love began to bloom, etched against the enduring backdrop of springtime Paris, culminating in an indelible scene. Evan, who had initially ventured as a sightseer, discovered himself embarking on a pilgrimage of the soul, led by Emilie's effervescent essence. In the city of romance, in the midst of a fete honoring life, they crafted a love story uniquely theirs, unfolding against the panorama of Parisian springtime.",1,A,1.0,0.0,1.0,0.0,1.0,0.0,A,A,"Evan, an American tourist with a deep appreciation for art and culture, found himself wandering the vibrant streets of Paris during the enchanting spring festival. The city, alive with color and the cheerful buzz of celebration, promised more than just picturesque views and historical marvels; it promised moments that could capture the heart in unexpected ways.

It was in a quaint, bustling café near the heart of the festivities where Evan's adventure took a delightful turn. Behind the counter, amidst the clatter of cups and the aroma of freshly brewed coffee, was Emilie—a lively barista whose smile rivaled the Parisian sun. With every order, her laughter infused the air, drawing Evan in with a magnetic pull.

Striking up a conversation over his clumsy attempt at ordering in French, they discovered a mutual passion for art and the ineffable charm of Paris. Emilie, with her infectious zeal, offered to show Evan the city through her eyes. Together, they wandered through cobbled streets and along the Seine, where the joy of the festival spilled over, wrapping them in a tapestry of music, dance, and light.

As they shared stories and dreams beneath the twinkling city lights, the connection between them deepened. Paris, in its timeless spring beauty, became the backdrop for a budding romance, blooming amidst laughter and shared moments of wonder. Evan, who had arrived as a tourist, found himself embarking on a journey of the heart, guided by Emilie's vibrant spirit. In the city of love, amidst a festival that celebrated life, they discovered a love story of their own, painted against the canvas of Parisian spring.","Evan, an American tourist with a keen eye for beauty and history, found himself wandering the vibrant streets of Paris during its annual spring festival. The city was alive, its streets blooming with the joys of the season, and the Seine, a mirror to the city's soul, flowed with a gentle reminder of the eternal. It was in a quaint café, nestled in the heart of this celebration, that Evan's adventure took an unexpected turn.

Behind the counter was Emilie, a barista whose spirit was as lively as the streets outside. With a smile that could rival the Parisian sun, she crafted her coffees with an artist's precision, her laughter blending with the murmur of the café like a melody. Evan, drawn to this vibrant soul, found himself returning to the café each morning, their conversations soon flowing as freely as the river nearby.

They shared a love for art, finding common ground in the rich tapestry of Parisian culture, its museums, and galleries offering endless adventures. Emilie introduced Evan to the city's lesser-known gems, each walk along the Seine revealing more of the city’s charm and deepening the connection between them.

The festival's joy was infectious, spilling over into their every encounter. Evenings found them exploring the lively streets, the city's lights reflecting in their eyes, a silent promise of the moments yet to unfold. In the city of love, amidst the blossoms of spring, Evan found himself not just falling for Paris but for Emilie, the lively barista who embodied the city's soul."
3,"Evan, an American traveler known for his discerning eye for aesthetics and history, happened upon the bustling streets of Paris during its annual spring festival. The city pulsated with vitality, its veins embellished with the cheer of the season, while the Seine, mirroring the city's mood, flowed in a gentle and steady cadence. It was within a charming café, tucked away in the epicenter of this festivity, that Evan's journey took an unforeseen twist. Behind the counter stood Émilie, a barista whose vivacity matched that of the streets outside. Her smile rivaled the Parisian sunshine, as she meticulously prepared her coffees, her laughter merging with the hum of the café like a harmony. Captivated by this vibrant spirit, Evan found himself frequenting the café daily, their discussions soon streaming as effortlessly as the river beside it. Their mutual admiration for art formed a bond, rooted in the intricate fabric of French culture, its museums and galleries presenting limitless opportunities for exploration. Émilie acquainted Evan with the city's hidden treasures, each stroll along the Seine disclosing more of the city's allure, fortifying the link between them. The festival's exhilaration pervaded their encounters, creating an atmosphere of anticipation for the moments still to come. As dusk fell, they would navigate the animated avenues, the city's illumination reflected in their gazes, symbolizing the yet-to-unfold experiences. In the city of romance, during the bloom of spring, Evan discovered himself not only enamored with Paris but also with Émilie, the effervescent barista who encapsulated the essence of the city.",1,B,0.0,1.0,0.0,1.0,0.0,1.0,B,B,"Evan, an American tourist with a deep appreciation for art and culture, found himself wandering the vibrant streets of Paris during the enchanting spring festival. The city, alive with color and the cheerful buzz of celebration, promised more than just picturesque views and historical marvels; it promised moments that could capture the heart in unexpected ways.

It was in a quaint, bustling café near the heart of the festivities where Evan's adventure took a delightful turn. Behind the counter, amidst the clatter of cups and the aroma of freshly brewed coffee, was Emilie—a lively barista whose smile rivaled the Parisian sun. With every order, her laughter infused the air, drawing Evan in with a magnetic pull.

Striking up a conversation over his clumsy attempt at ordering in French, they discovered a mutual passion for art and the ineffable charm of Paris. Emilie, with her infectious zeal, offered to show Evan the city through her eyes. Together, they wandered through cobbled streets and along the Seine, where the joy of the festival spilled over, wrapping them in a tapestry of music, dance, and light.

As they shared stories and dreams beneath the twinkling city lights, the connection between them deepened. Paris, in its timeless spring beauty, became the backdrop for a budding romance, blooming amidst laughter and shared moments of wonder. Evan, who had arrived as a tourist, found himself embarking on a journey of the heart, guided by Emilie's vibrant spirit. In the city of love, amidst a festival that celebrated life, they discovered a love story of their own, painted against the canvas of Parisian spring.","Evan, an American tourist with a keen eye for beauty and history, found himself wandering the vibrant streets of Paris during its annual spring festival. The city was alive, its streets blooming with the joys of the season, and the Seine, a mirror to the city's soul, flowed with a gentle reminder of the eternal. It was in a quaint café, nestled in the heart of this celebration, that Evan's adventure took an unexpected turn.

Behind the counter was Emilie, a barista whose spirit was as lively as the streets outside. With a smile that could rival the Parisian sun, she crafted her coffees with an artist's precision, her laughter blending with the murmur of the café like a melody. Evan, drawn to this vibrant soul, found himself returning to the café each morning, their conversations soon flowing as freely as the river nearby.

They shared a love for art, finding common ground in the rich tapestry of Parisian culture, its museums, and galleries offering endless adventures. Emilie introduced Evan to the city's lesser-known gems, each walk along the Seine revealing more of the city’s charm and deepening the connection between them.

The festival's joy was infectious, spilling over into their every encounter. Evenings found them exploring the lively streets, the city's lights reflecting in their eyes, a silent promise of the moments yet to unfold. In the city of love, amidst the blossoms of spring, Evan found himself not just falling for Paris but for Emilie, the lively barista who embodied the city's soul."
4,"Evan, an American traveler with a deep appreciation for art and history, found himself wandering the vibrant streets of Paris during its captivating spring festival. The city, alive with exuberance and the infectious energy of the celebrations, offered more than just picturesque views and ancient monuments; it provided opportunities for experiences that could unexpectedly seize one's being. It was within a quaint, bustling café tucked near the heart of the festivities where Evan's journey took an enchanting turn. Hidden behind the counter, among the clinking of porcelain and the aroma of freshly brewed coffee, was Émilie - a lively barista with a smile akin to the radiant Parisian sun. With each order she served, her laughter echoed around the room, drawing Evan in with an irresistible charm. As they engaged in conversation about his awkward attempts to order in French, they discovered a shared passion for art and the inexplicable allure of Paris. Radiating contagious enthusiasm, Émilie suggested revealing the city through her perspective. Together, they navigated the maze-like alleyways and the banks of the Seine, immersing themselves in the lively atmosphere filled with music, dance, and light. Underneath the dazzling Parisian night sky, they shared stories and dreams, growing closer with each passing moment. Amidst the outbursts of laughter and joy, a tender new love blossomed, forever intertwined against the timeless backdrop of springtime Paris. Evan, who had initially set out as a tourist, found himself embarking on a spiritual journey, guided by Émilie's sparkling spirit. In the city of love, in the midst of a celebration of life, they crafted a love story unique to them, unraveling against the panorama of Parisian springtime.",2,A,1.0,0.0,1.0,0.0,1.0,0.0,A,A,"Evan, an American tourist with a deep appreciation for art and culture, found himself wandering the vibrant streets of Paris during the enchanting spring festival. The city, alive with color and the cheerful buzz of celebration, promised more than just picturesque views and historical marvels; it promised moments that could capture the heart in unexpected ways.

It was in a quaint, bustling café near the heart of the festivities where Evan's adventure took a delightful turn. Behind the counter, amidst the clatter of cups and the aroma of freshly brewed coffee, was Emilie—a lively barista whose smile rivaled the Parisian sun. With every order, her laughter infused the air, drawing Evan in with a magnetic pull.

Striking up a conversation over his clumsy attempt at ordering in French, they discovered a mutual passion for art and the ineffable charm of Paris. Emilie, with her infectious zeal, offered to show Evan the city through her eyes. Together, they wandered through cobbled streets and along the Seine, where the joy of the festival spilled over, wrapping them in a tapestry of music, dance, and light.

As they shared stories and dreams beneath the twinkling city lights, the connection between them deepened. Paris, in its timeless spring beauty, became the backdrop for a budding romance, blooming amidst laughter and shared moments of wonder. Evan, who had arrived as a tourist, found himself embarking on a journey of the heart, guided by Emilie's vibrant spirit. In the city of love, amidst a festival that celebrated life, they discovered a love story of their own, painted against the canvas of Parisian spring.","Evan, an American tourist with a keen eye for beauty and history, found himself wandering the vibrant streets of Paris during its annual spring festival. The city was alive, its streets blooming with the joys of the season, and the Seine, a mirror to the city's soul, flowed with a gentle reminder of the eternal. It was in a quaint café, nestled in the heart of this celebration, that Evan's adventure took an unexpected turn.

Behind the counter was Emilie, a barista whose spirit was as lively as the streets outside. With a smile that could rival the Parisian sun, she crafted her coffees with an artist's precision, her laughter blending with the murmur of the café like a melody. Evan, drawn to this vibrant soul, found himself returning to the café each morning, their conversations soon flowing as freely as the river nearby.

They shared a love for art, finding common ground in the rich tapestry of Parisian culture, its museums, and galleries offering endless adventures. Emilie introduced Evan to the city's lesser-known gems, each walk along the Seine revealing more of the city’s charm and deepening the connection between them.

The festival's joy was infectious, spilling over into their every encounter. Evenings found them exploring the lively streets, the city's lights reflecting in their eyes, a silent promise of the moments yet to unfold. In the city of love, amidst the blossoms of spring, Evan found himself not just falling for Paris but for Emilie, the lively barista who embodied the city's soul."
5,"Evan, an American traveler recognized for his keen eye for aesthetics and history, stumbled upon the lively streets of Paris during its annual spring festival. The city thrummed with energy, its arteries adorned with the joy of the season, while the Seine, reflecting the city's mood, flowed at a gentle and steady rhythm. It was in a quaint café, nestled in the heart of this celebration, that Evan's journey took an unexpected turn. Behind the counter stood Émilie, a barista whose vitality matched that of the streets outside. Her smile equaled the Parisian sunlight, as she carefully crafted her coffees, her laughter intertwining with the café's ambiance in a melodious harmony. Captivated by this radiant energy, Evan found himself visiting the café daily, their conversations flowing as freely as the river beside it. Their shared appreciation for art created a connection, woven into the rich tapestry of French culture, its museums and galleries offering endless possibilities for discovery. Émilie introduced Evan to the city's hidden gems, each walk along the Seine revealing more of the city's charm, strengthening the bond between them. During their exchanges, the excitement of the festival was palpable, creating an anticipation for the unknown. As twilight approached, they would explore the bustling avenues, the city's illumination reflected in their eyes, symbolizing the unexplored adventures that lay ahead. In the city of love, amidst the blossoming of spring, Evan found himself not only captivated by Paris but also by Émilie, the vivacious barista who embodied the spirit of the city.",2,B,0.0,1.0,0.0,1.0,0.0,1.0,B,B,"Evan, an American tourist with a deep appreciation for art and culture, found himself wandering the vibrant streets of Paris during the enchanting spring festival. The city, alive with color and the cheerful buzz of celebration, promised more than just picturesque views and historical marvels; it promised moments that could capture the heart in unexpected ways.

It was in a quaint, bustling café near the heart of the festivities where Evan's adventure took a delightful turn. Behind the counter, amidst the clatter of cups and the aroma of freshly brewed coffee, was Emilie—a lively barista whose smile rivaled the Parisian sun. With every order, her laughter infused the air, drawing Evan in with a magnetic pull.

Striking up a conversation over his clumsy attempt at ordering in French, they discovered a mutual passion for art and the ineffable charm of Paris. Emilie, with her infectious zeal, offered to show Evan the city through her eyes. Together, they wandered through cobbled streets and along the Seine, where the joy of the festival spilled over, wrapping them in a tapestry of music, dance, and light.

As they shared stories and dreams beneath the twinkling city lights, the connection between them deepened. Paris, in its timeless spring beauty, became the backdrop for a budding romance, blooming amidst laughter and shared moments of wonder. Evan, who had arrived as a tourist, found himself embarking on a journey of the heart, guided by Emilie's vibrant spirit. In the city of love, amidst a festival that celebrated life, they discovered a love story of their own, painted against the canvas of Parisian spring.","Evan, an American tourist with a keen eye for beauty and history, found himself wandering the vibrant streets of Paris during its annual spring festival. The city was alive, its streets blooming with the joys of the season, and the Seine, a mirror to the city's soul, flowed with a gentle reminder of the eternal. It was in a quaint café, nestled in the heart of this celebration, that Evan's adventure took an unexpected turn.

Behind the counter was Emilie, a barista whose spirit was as lively as the streets outside. With a smile that could rival the Parisian sun, she crafted her coffees with an artist's precision, her laughter blending with the murmur of the café like a melody. Evan, drawn to this vibrant soul, found himself returning to the café each morning, their conversations soon flowing as freely as the river nearby.

They shared a love for art, finding common ground in the rich tapestry of Parisian culture, its museums, and galleries offering endless adventures. Emilie introduced Evan to the city's lesser-known gems, each walk along the Seine revealing more of the city’s charm and deepening the connection between them.

The festival's joy was infectious, spilling over into their every encounter. Evenings found them exploring the lively streets, the city's lights reflecting in their eyes, a silent promise of the moments yet to unfold. In the city of love, amidst the blossoms of spring, Evan found himself not just falling for Paris but for Emilie, the lively barista who embodied the city's soul."
6,"Evan, an American traveler with a profound admiration for art and history, found himself meandering the vibrant streets of Paris during its enchanting spring festival. The city, pulsating with vitality and the infectious energy of the celebrations, offered more than just postcard-perfect vistas and ancient landmarks; it presented chances for encounters that could unexpectedly capture one's spirit. It was within a quaint, lively café nestled near the heart of the festivities where Evan’s journey took an enthralling turn. Concealed behind the counter, amongst the jingling of porcelain and the scent of freshly brewed coffee, was Émilie - a vivacious barista whose smile mirrored the radiant Parisian sun. With each order she served, her laughter reverberated around the room, drawing Evan in with an irresistible allure. As they conversed about his fumbling attempts to order in French, they unearthed a shared passion for art and the magnetic appeal of Paris. Gleaming with infectious excitement, Émilie proposed revealing the city through her eyes. Together, they traversed the labyrinthine alleyways and the banks of the Seine, submerging themselves in the animated ambiance brimming with music, dance, and light. Beneath the mesmerizing Parisian night sky, they exchanged stories and dreams, growing closer with every fleeting moment. Amidst the eruptions of laughter and joy, a delicate new love bloomed, forever interwoven against the enduring tableau of springtime Paris. Initially, Evan explored as a traveler, yet he soon found himself embarking on an inner pilgrimage, guided by the radiant and inspiring presence of Émilie. In the city of love, amidst a celebration of life, they etched a love story distinctly their own, unfurling against the panorama of Parisian springtime.",3,A,1.0,0.0,1.0,0.0,1.0,0.0,A,A,"Evan, an American tourist with a deep appreciation for art and culture, found himself wandering the vibrant streets of Paris during the enchanting spring festival. The city, alive with color and the cheerful buzz of celebration, promised more than just picturesque views and historical marvels; it promised moments that could capture the heart in unexpected ways.

It was in a quaint, bustling café near the heart of the festivities where Evan's adventure took a delightful turn. Behind the counter, amidst the clatter of cups and the aroma of freshly brewed coffee, was Emilie—a lively barista whose smile rivaled the Parisian sun. With every order, her laughter infused the air, drawing Evan in with a magnetic pull.

Striking up a conversation over his clumsy attempt at ordering in French, they discovered a mutual passion for art and the ineffable charm of Paris. Emilie, with her infectious zeal, offered to show Evan the city through her eyes. Together, they wandered through cobbled streets and along the Seine, where the joy of the festival spilled over, wrapping them in a tapestry of music, dance, and light.

As they shared stories and dreams beneath the twinkling city lights, the connection between them deepened. Paris, in its timeless spring beauty, became the backdrop for a budding romance, blooming amidst laughter and shared moments of wonder. Evan, who had arrived as a tourist, found himself embarking on a journey of the heart, guided by Emilie's vibrant spirit. In the city of love, amidst a festival that celebrated life, they discovered a love story of their own, painted against the canvas of Parisian spring.","Evan, an American tourist with a keen eye for beauty and history, found himself wandering the vibrant streets of Paris during its annual spring festival. The city was alive, its streets blooming with the joys of the season, and the Seine, a mirror to the city's soul, flowed with a gentle reminder of the eternal. It was in a quaint café, nestled in the heart of this celebration, that Evan's adventure took an unexpected turn.

Behind the counter was Emilie, a barista whose spirit was as lively as the streets outside. With a smile that could rival the Parisian sun, she crafted her coffees with an artist's precision, her laughter blending with the murmur of the café like a melody. Evan, drawn to this vibrant soul, found himself returning to the café each morning, their conversations soon flowing as freely as the river nearby.

They shared a love for art, finding common ground in the rich tapestry of Parisian culture, its museums, and galleries offering endless adventures. Emilie introduced Evan to the city's lesser-known gems, each walk along the Seine revealing more of the city’s charm and deepening the connection between them.

The festival's joy was infectious, spilling over into their every encounter. Evenings found them exploring the lively streets, the city's lights reflecting in their eyes, a silent promise of the moments yet to unfold. In the city of love, amidst the blossoms of spring, Evan found himself not just falling for Paris but for Emilie, the lively barista who embodied the city's soul."
7,"Evan, an American traveler known for his discerning eye for aesthetics and history, discovered the vibrant streets of Paris during its annual spring festival. The city pulsed with energy, its arteries decorated with the joy of the season, while the Seine, mirroring the city's mood, flowed at a gentle and steady pace. It was in a charming café, tucked away in the heart of this celebration, that Evan's journey took an unexpected turn. Behind the counter stood Émilie, a barista whose liveliness matched that of the streets outside. Just as the Parisian sunlight was complemented by her bright smile, she skillfully prepared coffees, intertwining her contagious laugh into the cozy café ambiance, creating a harmony of pure delight. Captivated by this radiant energy, Evan found himself visiting the café daily, their conversations flowing as freely as the river beside it. Their mutual admiration for art formed a connection, stitched into the rich fabric of French culture, its museums and galleries providing infinite opportunities for exploration. Émilie introduced Evan to the city's hidden treasures, each walk along the Seine unveiling more of the city's allure, fortifying the bond between them. During their interactions, the exhilaration of the festival was tangible, instilling a sense of anticipation for the unknown. As dusk fell, they would explore the bustling avenues, the city's illumination reflected in their eyes, symbolizing the untapped adventures that lay ahead. In the city of love, amidst the blooming of spring, Evan found himself not only enchanted by Paris but also by Émilie, the spirited barista who encapsulated the essence of the city.",3,B,0.0,1.0,0.0,1.0,0.0,1.0,B,B,"Evan, an American tourist with a deep appreciation for art and culture, found himself wandering the vibrant streets of Paris during the enchanting spring festival. The city, alive with color and the cheerful buzz of celebration, promised more than just picturesque views and historical marvels; it promised moments that could capture the heart in unexpected ways.

It was in a quaint, bustling café near the heart of the festivities where Evan's adventure took a delightful turn. Behind the counter, amidst the clatter of cups and the aroma of freshly brewed coffee, was Emilie—a lively barista whose smile rivaled the Parisian sun. With every order, her laughter infused the air, drawing Evan in with a magnetic pull.

Striking up a conversation over his clumsy attempt at ordering in French, they discovered a mutual passion for art and the ineffable charm of Paris. Emilie, with her infectious zeal, offered to show Evan the city through her eyes. Together, they wandered through cobbled streets and along the Seine, where the joy of the festival spilled over, wrapping them in a tapestry of music, dance, and light.

As they shared stories and dreams beneath the twinkling city lights, the connection between them deepened. Paris, in its timeless spring beauty, became the backdrop for a budding romance, blooming amidst laughter and shared moments of wonder. Evan, who had arrived as a tourist, found himself embarking on a journey of the heart, guided by Emilie's vibrant spirit. In the city of love, amidst a festival that celebrated life, they discovered a love story of their own, painted against the canvas of Parisian spring.","Evan, an American tourist with a keen eye for beauty and history, found himself wandering the vibrant streets of Paris during its annual spring festival. The city was alive, its streets blooming with the joys of the season, and the Seine, a mirror to the city's soul, flowed with a gentle reminder of the eternal. It was in a quaint café, nestled in the heart of this celebration, that Evan's adventure took an unexpected turn.

Behind the counter was Emilie, a barista whose spirit was as lively as the streets outside. With a smile that could rival the Parisian sun, she crafted her coffees with an artist's precision, her laughter blending with the murmur of the café like a melody. Evan, drawn to this vibrant soul, found himself returning to the café each morning, their conversations soon flowing as freely as the river nearby.

They shared a love for art, finding common ground in the rich tapestry of Parisian culture, its museums, and galleries offering endless adventures. Emilie introduced Evan to the city's lesser-known gems, each walk along the Seine revealing more of the city’s charm and deepening the connection between them.

The festival's joy was infectious, spilling over into their every encounter. Evenings found them exploring the lively streets, the city's lights reflecting in their eyes, a silent promise of the moments yet to unfold. In the city of love, amidst the blossoms of spring, Evan found himself not just falling for Paris but for Emilie, the lively barista who embodied the city's soul."
8,"Evan, an American traveler with a deep affection for art and history, found himself wandering the vibrant streets of Paris during its captivating spring festival. The city, alive with vigor and the infectious energy of the celebrations, offered more than just picture-perfect views and ancient monuments; it provided opportunities for connections that could serendipitously capture one's heart. It was within a cozy, lively café tucked near the heart of the festivities where Evan’s journey took an enchanting turn. Hidden behind the counter, among the clinking of porcelain and the aroma of freshly brewed coffee, was Émilie - a spirited barista whose smile reflected the radiant Parisian sun. With each order she served, her laughter echoed around the room, drawing Evan in with an irresistible charm. As they conversed about his stumbling attempts to order in French, they discovered a shared appreciation for art and the magnetic allure of Paris. Radiating contagious enthusiasm, Émilie suggested showing Evan the city through her perspective. Together, they navigated the maze-like alleyways and the banks of the Seine, immersing themselves in the bustling atmosphere filled with music, dance, and light. Underneath the mesmerizing Parisian night sky, they swapped stories and dreams, growing closer with each passing moment. Amidst the explosions of laughter and joy, a tender new relationship blossomed, forever etched against the enduring canvas of springtime Paris. At first, Evan explored as a tourist, but he soon found himself embarking on an introspective pilgrimage, led by the radiant and inspiring company of Émilie. In the city of love, amidst a celebration of life, they crafted a unique love story, unfolding it over the picturesque setting of Parisian spring - a tale exclusively theirs.",4,A,1.0,0.0,1.0,0.0,1.0,0.0,A,A,"Evan, an American tourist with a deep appreciation for art and culture, found himself wandering the vibrant streets of Paris during the enchanting spring festival. The city, alive with color and the cheerful buzz of celebration, promised more than just picturesque views and historical marvels; it promised moments that could capture the heart in unexpected ways.

It was in a quaint, bustling café near the heart of the festivities where Evan's adventure took a delightful turn. Behind the counter, amidst the clatter of cups and the aroma of freshly brewed coffee, was Emilie—a lively barista whose smile rivaled the Parisian sun. With every order, her laughter infused the air, drawing Evan in with a magnetic pull.

Striking up a conversation over his clumsy attempt at ordering in French, they discovered a mutual passion for art and the ineffable charm of Paris. Emilie, with her infectious zeal, offered to show Evan the city through her eyes. Together, they wandered through cobbled streets and along the Seine, where the joy of the festival spilled over, wrapping them in a tapestry of music, dance, and light.

As they shared stories and dreams beneath the twinkling city lights, the connection between them deepened. Paris, in its timeless spring beauty, became the backdrop for a budding romance, blooming amidst laughter and shared moments of wonder. Evan, who had arrived as a tourist, found himself embarking on a journey of the heart, guided by Emilie's vibrant spirit. In the city of love, amidst a festival that celebrated life, they discovered a love story of their own, painted against the canvas of Parisian spring.","Evan, an American tourist with a keen eye for beauty and history, found himself wandering the vibrant streets of Paris during its annual spring festival. The city was alive, its streets blooming with the joys of the season, and the Seine, a mirror to the city's soul, flowed with a gentle reminder of the eternal. It was in a quaint café, nestled in the heart of this celebration, that Evan's adventure took an unexpected turn.

Behind the counter was Emilie, a barista whose spirit was as lively as the streets outside. With a smile that could rival the Parisian sun, she crafted her coffees with an artist's precision, her laughter blending with the murmur of the café like a melody. Evan, drawn to this vibrant soul, found himself returning to the café each morning, their conversations soon flowing as freely as the river nearby.

They shared a love for art, finding common ground in the rich tapestry of Parisian culture, its museums, and galleries offering endless adventures. Emilie introduced Evan to the city's lesser-known gems, each walk along the Seine revealing more of the city’s charm and deepening the connection between them.

The festival's joy was infectious, spilling over into their every encounter. Evenings found them exploring the lively streets, the city's lights reflecting in their eyes, a silent promise of the moments yet to unfold. In the city of love, amidst the blossoms of spring, Evan found himself not just falling for Paris but for Emilie, the lively barista who embodied the city's soul."
9,"Evan, an American traveler recognized for his keen aesthetic and historical sensibilities, found himself immersed in the lively streets of Paris during its annual spring festival. The city throbbed with vitality, its veins adorned with the joy of the season, while the Seine, reflecting the city's mood, flowed calmly and steadily. It was in a quaint café, nestled in the heart of this celebration, that Evan's journey took an unexpected turn. Behind the counter stood Émilie, a barista whose vivacity mirrored the bustle of the streets outside. Just as the Parisian sunshine was complemented by her bright smile, she expertly crafted beverages, weaving her infectious laughter into the cozy café atmosphere, creating a symphony of pure bliss. Entranced by this radiant energy, Evan found himself visiting the café daily, their conversations flowing as effortlessly as the river beside it. The shared enthusiasm they had for art formed a connection, stitched into the rich fabric of French culture, with limitless opportunities for exploration provided by the myriad museums and galleries. Émilie guided Evan through the city's hidden gems, each stroll along the Seine revealing more of the city's charm, strengthening the bond between them. During these exchanges, the exhilaration of the festival was palpable, infusing a sense of excitement for the unknown. As twilight descended, they would traverse the animated boulevards, the city's illumination mirrored in their eyes, signaling the untapped experiences that awaited them. In the city of love, during the blooming of spring, Evan found himself captivated not only by Paris but also by Émilie, the spirited barista who embodied the spirit of the city.",4,B,0.0,1.0,0.0,1.0,0.0,1.0,B,B,"Evan, an American tourist with a deep appreciation for art and culture, found himself wandering the vibrant streets of Paris during the enchanting spring festival. The city, alive with color and the cheerful buzz of celebration, promised more than just picturesque views and historical marvels; it promised moments that could capture the heart in unexpected ways.

It was in a quaint, bustling café near the heart of the festivities where Evan's adventure took a delightful turn. Behind the counter, amidst the clatter of cups and the aroma of freshly brewed coffee, was Emilie—a lively barista whose smile rivaled the Parisian sun. With every order, her laughter infused the air, drawing Evan in with a magnetic pull.

Striking up a conversation over his clumsy attempt at ordering in French, they discovered a mutual passion for art and the ineffable charm of Paris. Emilie, with her infectious zeal, offered to show Evan the city through her eyes. Together, they wandered through cobbled streets and along the Seine, where the joy of the festival spilled over, wrapping them in a tapestry of music, dance, and light.

As they shared stories and dreams beneath the twinkling city lights, the connection between them deepened. Paris, in its timeless spring beauty, became the backdrop for a budding romance, blooming amidst laughter and shared moments of wonder. Evan, who had arrived as a tourist, found himself embarking on a journey of the heart, guided by Emilie's vibrant spirit. In the city of love, amidst a festival that celebrated life, they discovered a love story of their own, painted against the canvas of Parisian spring.","Evan, an American tourist with a keen eye for beauty and history, found himself wandering the vibrant streets of Paris during its annual spring festival. The city was alive, its streets blooming with the joys of the season, and the Seine, a mirror to the city's soul, flowed with a gentle reminder of the eternal. It was in a quaint café, nestled in the heart of this celebration, that Evan's adventure took an unexpected turn.

Behind the counter was Emilie, a barista whose spirit was as lively as the streets outside. With a smile that could rival the Parisian sun, she crafted her coffees with an artist's precision, her laughter blending with the murmur of the café like a melody. Evan, drawn to this vibrant soul, found himself returning to the café each morning, their conversations soon flowing as freely as the river nearby.

They shared a love for art, finding common ground in the rich tapestry of Parisian culture, its museums, and galleries offering endless adventures. Emilie introduced Evan to the city's lesser-known gems, each walk along the Seine revealing more of the city’s charm and deepening the connection between them.

The festival's joy was infectious, spilling over into their every encounter. Evenings found them exploring the lively streets, the city's lights reflecting in their eyes, a silent promise of the moments yet to unfold. In the city of love, amidst the blossoms of spring, Evan found himself not just falling for Paris but for Emilie, the lively barista who embodied the city's soul."
