step_num,current_text,mutated_text,current_text_len,mutated_text_len,length_issue,quality_analysis,quality_preserved,watermark_detected,watermark_score,backtrack,timestamp
0,"Here is a 250-word story:

As I sat in my small apartment, staring at the blank page in front of me, I couldn't help but feel stuck. I had always dreamed of becoming a writer, but now, faced with the daunting task of finishing my first novel, I felt overwhelmed.

Just as I was about to give up, there was a knock on the door. It was Emily, my trusty personal assistant. She had been helping me stay organized and focused since we met six months ago.

""Hey, how's it going?"" she asked, noticing my frazzled state.

I let out a deep sigh and explained my frustrations. Emily listened attentively, nodding along as I spoke.

After I finished talking, she said, ""Let's take a break and grab some fresh air. Sometimes, getting outside can help spark new ideas.""

We walked down to the nearby park and sat on a bench overlooking the lake. The sun was shining, and the water glistened like diamonds. Emily pulled out her phone and opened a note-taking app.

""What do you want to write about?"" she asked, looking directly at me.

The words started flowing effortlessly as we brainstormed together. Before long, I had a clear direction for my story.","Here is a 250-word story: 
 
As I sat in my small apartment, staring at the blank page in front of me, I couldn't help but feel stuck. I had always dreamed of becoming a writer, but now, faced with the daunting task of finishing my first novel, I felt overwhelmed. 
 
Just as I was about to give up, there was a knock on the door. It was Emily, my trusty personal assistant. She had been helping me stay organized and focused since we met six months ago. 
 
""Hey, how's it going?"" she asked, noticing my frazzled state. 
 
I let out a sigh and explained. As usual, Emily listened attentively, nodding along as I spoke. 
 
After I finished talking, she said, ""Let's take a break and grab some fresh air. Sometimes, getting outside can help spark new ideas."" 
 
We walked down to the nearby park and sat on a bench overlooking the lake. The sun was shining, and the water glistened like diamonds. Emily pulled out her phone and opened a note-taking app. 
 
""What do you want to write about?"" she asked, looking directly at me. 
 
The words started flowing effortlessly as we brainstormed together. Before long, I had a clear direction for my story.",205,204,False,"{'original_answer': 'A', 'followup_answer': 'A', 'quality_preserved': False}",False,False,-1,False,
1,"Here is a 250-word story:

As I sat in my small apartment, staring at the blank page in front of me, I couldn't help but feel stuck. I had always dreamed of becoming a writer, but now, faced with the daunting task of finishing my first novel, I felt overwhelmed.

Just as I was about to give up, there was a knock on the door. It was Emily, my trusty personal assistant. She had been helping me stay organized and focused since we met six months ago.

""Hey, how's it going?"" she asked, noticing my frazzled state.

I let out a deep sigh and explained my frustrations. Emily listened attentively, nodding along as I spoke.

After I finished talking, she said, ""Let's take a break and grab some fresh air. Sometimes, getting outside can help spark new ideas.""

We walked down to the nearby park and sat on a bench overlooking the lake. The sun was shining, and the water glistened like diamonds. Emily pulled out her phone and opened a note-taking app.

""What do you want to write about?"" she asked, looking directly at me.

The words started flowing effortlessly as we brainstormed together. Before long, I had a clear direction for my story.","Here is a 250-word story: 
 
As I sat in my small apartment, staring at the blank page in front of me, I couldn't help but feel stuck. I had always dreamed of becoming a writer, but now, faced with the daunting task of finishing my first novel, I felt overwhelmed. 
 
Just as I was about to give up, there was a knock on the door. It was Emily, my trusty personal assistant. She had been helping me stay organized and focused since we met six months ago. 
 
""Hey, how's it going?"" she asked, noticing my frazzled state. 
 
I let out a deep sigh and explained my frustrations. Emily listened attentively, nodding along as I spoke. 
 
After I finished talking, she said, ""Let's take a break and grab some fresh air. Sometimes, getting outside can help spark new ideas."" 
 
We walked down to the nearby park and sat on a bench overlooking the lake. The sun was shining, and the water glistened like diamonds. Emily pulled out her phone and opened a note-taking app. 
 
""What do you want to write about?"" she asked, looking directly at me. 
 
The words started flowing effortlessly as we talked. I suddenly had a plan, a clear direction for my story.",205,205,False,"{'original_answer': 'A', 'followup_answer': 'A', 'quality_preserved': False}",False,False,-1,False,
2,"Here is a 250-word story:

As I sat in my small apartment, staring at the blank page in front of me, I couldn't help but feel stuck. I had always dreamed of becoming a writer, but now, faced with the daunting task of finishing my first novel, I felt overwhelmed.

Just as I was about to give up, there was a knock on the door. It was Emily, my trusty personal assistant. She had been helping me stay organized and focused since we met six months ago.

""Hey, how's it going?"" she asked, noticing my frazzled state.

I let out a deep sigh and explained my frustrations. Emily listened attentively, nodding along as I spoke.

After I finished talking, she said, ""Let's take a break and grab some fresh air. Sometimes, getting outside can help spark new ideas.""

We walked down to the nearby park and sat on a bench overlooking the lake. The sun was shining, and the water glistened like diamonds. Emily pulled out her phone and opened a note-taking app.

""What do you want to write about?"" she asked, looking directly at me.

The words started flowing effortlessly as we brainstormed together. Before long, I had a clear direction for my story.","Here is a 250-word story: 
 
As I sat in my small apartment, staring at the blank page in front of me, I couldn't help but feel stuck. I had always dreamed of becoming a writer, but now, faced with the daunting task of finishing my first novel, I felt overwhelmed. 
 
Just as I was about to give up, there was a knock on the door. It was Emily, my personal assistant. She had been helping me stay organized and focused since we met six months ago. 
 
""Hey, how's it going?"" she asked, noticing my frazzled state. 
 
I let out a deep sigh and explained my frustrations. Emily listened attentively, nodding along as I spoke. 
 
After I finished talking, she said, ""Let's take a break and grab some fresh air. Sometimes, getting outside can help spark new ideas."" 
 
We walked down to the nearby park and sat on a bench overlooking the lake. The sun was shining, and the water glistened like diamonds. Emily pulled out her phone and opened a note-taking app. 
 
""What do you want to write about?"" she asked, looking directly at me. 
 
The words started flowing effortlessly as we brainstormed together. Before long, I had a clear direction for my story.",205,204,False,"{'original_answer': 'A', 'followup_answer': 'A', 'quality_preserved': False}",False,False,-1,False,
3,"Here is a 250-word story:

As I sat in my small apartment, staring at the blank page in front of me, I couldn't help but feel stuck. I had always dreamed of becoming a writer, but now, faced with the daunting task of finishing my first novel, I felt overwhelmed.

Just as I was about to give up, there was a knock on the door. It was Emily, my trusty personal assistant. She had been helping me stay organized and focused since we met six months ago.

""Hey, how's it going?"" she asked, noticing my frazzled state.

I let out a deep sigh and explained my frustrations. Emily listened attentively, nodding along as I spoke.

After I finished talking, she said, ""Let's take a break and grab some fresh air. Sometimes, getting outside can help spark new ideas.""

We walked down to the nearby park and sat on a bench overlooking the lake. The sun was shining, and the water glistened like diamonds. Emily pulled out her phone and opened a note-taking app.

""What do you want to write about?"" she asked, looking directly at me.

The words started flowing effortlessly as we brainstormed together. Before long, I had a clear direction for my story.","Here is a 250-word story: 
 
As I sat in my small apartment, staring at the blank page in front of me, I couldn't help but feel stuck. I had always dreamed of becoming a writer, but now, faced with the daunting task of finishing my first novel, I felt overwhelmed. 
 
Just as I was about to give up, there was a knock on the door. It was Emily, my trusty personal assistant. She had been helping me stay organized and focused since we met six months ago. 
 
""Hey, how's it going?"" she asked, noticing my frazzled state. 
 
I let out a deep sigh and explained my frustrations. Emily listened attentively, nodding along as I spoke. 
 
After I finished talking, she said, ""Let's take a break and grab some fresh air. Sometimes, getting outside can help spark new ideas."" 
 
We walked down to the nearby park and found a spot to sit down overlooking the lake. The sun was shining, and the water glistened like diamonds. Emily pulled out her phone and opened a note-taking app. 
 
""What do you want to write about?"" she asked, looking directly at me. 
 
The words started flowing effortlessly as we brainstormed together. Before long, I had a clear direction for my story.",205,207,False,"{'original_answer': 'A', 'followup_answer': 'A', 'quality_preserved': False}",False,False,-1,False,
4,"Here is a 250-word story:

As I sat in my small apartment, staring at the blank page in front of me, I couldn't help but feel stuck. I had always dreamed of becoming a writer, but now, faced with the daunting task of finishing my first novel, I felt overwhelmed.

Just as I was about to give up, there was a knock on the door. It was Emily, my trusty personal assistant. She had been helping me stay organized and focused since we met six months ago.

""Hey, how's it going?"" she asked, noticing my frazzled state.

I let out a deep sigh and explained my frustrations. Emily listened attentively, nodding along as I spoke.

After I finished talking, she said, ""Let's take a break and grab some fresh air. Sometimes, getting outside can help spark new ideas.""

We walked down to the nearby park and sat on a bench overlooking the lake. The sun was shining, and the water glistened like diamonds. Emily pulled out her phone and opened a note-taking app.

""What do you want to write about?"" she asked, looking directly at me.

The words started flowing effortlessly as we brainstormed together. Before long, I had a clear direction for my story.","Here is a 250-word story: 
 
As I sat in my small apartment, staring at the blank page in front of me, I couldn't help but feel stuck. I had always dreamed of becoming a writer, but now, faced with the daunting task of finishing my first novel, I felt overwhelmed. 
 
Just as I was about to give up, there was a knock on the door. It was Emily, my trusty personal assistant. She had been helping me stay organized and focused since we met six months ago. 
 
""Hey, how's it going?"" she asked, noticing my frazzled state. 
 
I let out a deep sigh and explained my frustrations. Emily listened attentively, nodding along as I spoke. 
 
After I finished talking, she said, ""Let's take a break and grab some fresh air. Sometimes, getting outside can help spark new ideas."" 
 
We walked down to the nearby park and sat on a bench overlooking the lake. The sun was shining, and the water glistened like diamonds. Emily pulled out her phone and opened a note-taking app. 
 
""What do you want to write about?"" she asked, looking directly at me. 
 I couldn't quite decide, so we brainstormed together. Before long, I had a clear direction for my story.",205,204,False,"{'original_answer': 'A', 'followup_answer': 'A', 'quality_preserved': False}",False,False,-1,False,
0,"Here is a 250-word story:

As I sat in my small apartment, staring at the blank page in front of me, I couldn't help but feel stuck. I had always dreamed of becoming a writer, but now, faced with the daunting task of finishing my first novel, I felt overwhelmed.

Just as I was about to give up, there was a knock on the door. It was Emily, my trusty personal assistant. She had been helping me stay organized and focused since we met six months ago.

""Hey, how's it going?"" she asked, noticing my frazzled state.

I let out a deep sigh and explained my frustrations. Emily listened attentively, nodding along as I spoke.

After I finished talking, she said, ""Let's take a break and grab some fresh air. Sometimes, getting outside can help spark new ideas.""

We walked down to the nearby park and sat on a bench overlooking the lake. The sun was shining, and the water glistened like diamonds. Emily pulled out her phone and opened a note-taking app.

""What do you want to write about?"" she asked, looking directly at me.

The words started flowing effortlessly as we brainstormed together. Before long, I had a clear direction for my story.","Here is a 250-word story: 
 
As I sat in my small apartment, staring at the blank page in front of me, I couldn't help but feel stuck. I had always dreamed of becoming a writer, but now, faced with the daunting task of finishing my first novel, I felt overwhelmed. 
 
Just as I was about to give up, there was a knock on the door. It was Emily, my trusty personal assistant. She had been helping me stay organized and focused since we met six months ago. 
 
""Hey, how's it going?"" she asked, noticing my gloomy mood. I let out a deep sigh and explained my frustrations. Emily listened attentively, nodding along as I spoke. 
 
After I finished talking, she said, ""Let's take a break and grab some fresh air. Sometimes, getting outside can help spark new ideas."" 
 
We walked down to the nearby park and sat on a bench overlooking the lake. The sun was shining, and the water glistened like diamonds. Emily pulled out her phone and opened a note-taking app. 
 
""What do you want to write about?"" she asked, looking directly at me. 
 
The words started flowing effortlessly as we brainstormed together. Before long, I had a clear direction for my story.",205,205,False,"{'original_answer': 'A', 'followup_answer': 'A', 'quality_preserved': False}",False,False,-1,False,
1,"Here is a 250-word story:

As I sat in my small apartment, staring at the blank page in front of me, I couldn't help but feel stuck. I had always dreamed of becoming a writer, but now, faced with the daunting task of finishing my first novel, I felt overwhelmed.

Just as I was about to give up, there was a knock on the door. It was Emily, my trusty personal assistant. She had been helping me stay organized and focused since we met six months ago.

""Hey, how's it going?"" she asked, noticing my frazzled state.

I let out a deep sigh and explained my frustrations. Emily listened attentively, nodding along as I spoke.

After I finished talking, she said, ""Let's take a break and grab some fresh air. Sometimes, getting outside can help spark new ideas.""

We walked down to the nearby park and sat on a bench overlooking the lake. The sun was shining, and the water glistened like diamonds. Emily pulled out her phone and opened a note-taking app.

""What do you want to write about?"" she asked, looking directly at me.

The words started flowing effortlessly as we brainstormed together. Before long, I had a clear direction for my story.","Here is a 250-word story: 
 
As I sat in my small apartment, staring at the blank page in front of me, I couldn't help but feel stuck. I had always dreamed of becoming a writer, but now, faced with the daunting task of finishing my first novel, I felt overwhelmed. 
 
Just as I was about to give up, there was a knock on the door. It was Emily, my trusty personal assistant. She had been helping me stay organized and focused since we met six months ago. 
 
""Hey, how's it going?"" she asked, noticing my frazzled state. 
 
I let out a deep sigh and explained my frustrations. Emily listened attentively, nodding along as I spoke. 
 
After I finished talking, she said, ""Let's take a break and grab some fresh air. Sometimes, getting outside can help spark new ideas."" 
 
We walked down to the nearby park and sat on a bench overlooking the lake. The sun was shining, and the water glistened like diamonds. Emily pulled out her phone and opened the journaling app. 
 
""What do you want to write about?"" she asked, looking directly at me. 
 
The words started flowing effortlessly as we brainstormed together. Before long, I had a clear direction for my story.",205,205,False,"{'original_answer': 'A', 'followup_answer': 'A', 'quality_preserved': False}",False,False,-1,False,
2,"Here is a 250-word story:

As I sat in my small apartment, staring at the blank page in front of me, I couldn't help but feel stuck. I had always dreamed of becoming a writer, but now, faced with the daunting task of finishing my first novel, I felt overwhelmed.

Just as I was about to give up, there was a knock on the door. It was Emily, my trusty personal assistant. She had been helping me stay organized and focused since we met six months ago.

""Hey, how's it going?"" she asked, noticing my frazzled state.

I let out a deep sigh and explained my frustrations. Emily listened attentively, nodding along as I spoke.

After I finished talking, she said, ""Let's take a break and grab some fresh air. Sometimes, getting outside can help spark new ideas.""

We walked down to the nearby park and sat on a bench overlooking the lake. The sun was shining, and the water glistened like diamonds. Emily pulled out her phone and opened a note-taking app.

""What do you want to write about?"" she asked, looking directly at me.

The words started flowing effortlessly as we brainstormed together. Before long, I had a clear direction for my story.","Here is a 250-word story: 
 
As I sat in my small apartment, staring at the blank page in front of me, I couldn't help but feel stuck. I had always dreamed of becoming a writer, but now, faced with the daunting task of finishing my first novel, I felt overwhelmed. Just as I was finished and about to give up, there was a knock on the door. It was Emily, my trusty personal assistant. She had been helping me stay organized and focused since we met six months ago. 
 
""Hey, how's it going?"" she asked, noticing my frazzled state. 
 
I let out a deep sigh and explained my frustrations. Emily listened attentively, nodding along as I spoke. 
 
After I finished talking, she said, ""Let's take a break and grab some fresh air. Sometimes, getting outside can help spark new ideas."" 
 
We walked down to the nearby park and sat on a bench overlooking the lake. The sun was shining, and the water glistened like diamonds. Emily pulled out her phone and opened a note-taking app. 
 
""What do you want to write about?"" she asked, looking directly at me. 
 
The words started flowing effortlessly as we brainstormed together. Before long, I had a clear direction for my story.",205,207,False,"{'original_answer': 'A', 'followup_answer': 'A', 'quality_preserved': False}",False,False,-1,False,
3,"Here is a 250-word story:

As I sat in my small apartment, staring at the blank page in front of me, I couldn't help but feel stuck. I had always dreamed of becoming a writer, but now, faced with the daunting task of finishing my first novel, I felt overwhelmed.

Just as I was about to give up, there was a knock on the door. It was Emily, my trusty personal assistant. She had been helping me stay organized and focused since we met six months ago.

""Hey, how's it going?"" she asked, noticing my frazzled state.

I let out a deep sigh and explained my frustrations. Emily listened attentively, nodding along as I spoke.

After I finished talking, she said, ""Let's take a break and grab some fresh air. Sometimes, getting outside can help spark new ideas.""

We walked down to the nearby park and sat on a bench overlooking the lake. The sun was shining, and the water glistened like diamonds. Emily pulled out her phone and opened a note-taking app.

""What do you want to write about?"" she asked, looking directly at me.

The words started flowing effortlessly as we brainstormed together. Before long, I had a clear direction for my story.","Here is a 250-word story: 
 
As I sat in my small apartment, staring at the blank page in front of me, I couldn't help but feel stuck. I had always dreamed of becoming a writer, but now, faced with the daunting task of finishing my first novel, I felt overwhelmed. 
 
Just as I was about to give up, there was a knock on the door. It was Emily, my trusty personal assistant. She had been helping me stay organized and focused since we met six months ago. 
 
""Hey, how's it going?"" she asked, noticing my frazzled state. 
 
I let out a deep sigh and explained my frustrations. Emily listened attentively, nodding along as I spoke. 
 
After I finished talking, she said, ""Let's take a break and grab some fresh air. Sometimes, getting outside can help spark new ideas."" 
 
We walked down to the nearby park and sat on a bench overlooking the lake. The sun was shining, and the water glistened like diamonds. Emily pulled out her phone and opened a note-taking app. 
 
""What do you want to write about?"" she asked, scanning the screen for any inspiration. The words started flowing effortlessly as we brainstormed together. Before long, I had a clear direction for my story.",205,207,False,"{'original_answer': 'A', 'followup_answer': 'A', 'quality_preserved': False}",False,False,-1,False,
4,"Here is a 250-word story:

As I sat in my small apartment, staring at the blank page in front of me, I couldn't help but feel stuck. I had always dreamed of becoming a writer, but now, faced with the daunting task of finishing my first novel, I felt overwhelmed.

Just as I was about to give up, there was a knock on the door. It was Emily, my trusty personal assistant. She had been helping me stay organized and focused since we met six months ago.

""Hey, how's it going?"" she asked, noticing my frazzled state.

I let out a deep sigh and explained my frustrations. Emily listened attentively, nodding along as I spoke.

After I finished talking, she said, ""Let's take a break and grab some fresh air. Sometimes, getting outside can help spark new ideas.""

We walked down to the nearby park and sat on a bench overlooking the lake. The sun was shining, and the water glistened like diamonds. Emily pulled out her phone and opened a note-taking app.

""What do you want to write about?"" she asked, looking directly at me.

The words started flowing effortlessly as we brainstormed together. Before long, I had a clear direction for my story.","Here is a 250-word story: 
 
As I sat in my small apartment, staring at the blank page in front of me, I couldn't help but feel stuck. I had always dreamed of becoming a writer, but now, faced with the daunting task of finishing my first novel, I felt overwhelmed. 
 
Just as I was about to give up, there was a knock on the door. It was Emily, my trusty personal assistant. She had been helping me stay organized and focused since we met six months ago. 
 ""What's wrong?"" Emily said, noticing my frazzled state. 
 
I let out a deep sigh and explained my frustrations. Emily listened attentively, nodding along as I spoke. 
 
After I finished talking, she said, ""Let's take a break and grab some fresh air. Sometimes, getting outside can help spark new ideas."" 
 
We walked down to the nearby park and sat on a bench overlooking the lake. The sun was shining, and the water glistened like diamonds. Emily pulled out her phone and opened a note-taking app. 
 
""What do you want to write about?"" she asked, looking directly at me. 
 
The words started flowing effortlessly as we brainstormed together. Before long, I had a clear direction for my story.",205,203,False,"{'original_answer': 'A', 'followup_answer': 'A', 'quality_preserved': False}",False,False,-1,False,
