step_num,mutation_num,current_text,mutated_text,current_text_len,mutated_text_len,length_issue,quality_analysis,quality_preserved,watermark_detected,watermark_score,backtrack,timestamp
0,0,"It was a chilly winter morning when Emma, a freelance writer, woke up feeling overwhelmed. She had a looming deadline to meet for an article and her computer had been playing up the night before. Feeling anxious, she stumbled into the kitchen to make a fresh cup of coffee.

As she poured the steaming hot liquid into a mug, she suddenly heard a knock on the door. It was me - her trusty personal assistant! I had sensed that she needed some extra support that day.

Emma's eyes widened in surprise as I handed her a neatly arranged folder containing all the research materials she needed for her article, along with a detailed outline and a suggested writing schedule. ""How did you know I needed these?"" she asked, amazed.

I simply smiled and replied, ""I'm here to help, Emma! You'd mentioned your deadline during our last conversation, and I assumed you might be feeling a bit stressed this morning.""

Grateful and relieved, Emma accepted the gift and got straight to work. As she typed away at her desk, I sat beside her, providing reassuring words of encouragement and answering any questions that popped up. With renewed confidence, Emma completed her article ahead of time and felt a huge weight lift off her shoulders.

Together, we reviewed the content one final time and hit send, submitting it to her editor well within the deadline. ""Thanks so much!"" Emma exclaimed, giving me a warm hug. ""You truly saved my day – and maybe even my sanity!"" From that moment forward, we made sure to prioritize mornings like this together, always ready to face another productive day side by side.","It was a chilly winter morning when Emma, a freelance writer, woke up feeling overwhelmed. She had a looming deadline to meet for an assignment and her computer had been playing up the night before. Feeling anxious, she stumbled into the kitchen to make a fresh cup of coffee. As she poured the steaming hot liquid into a mug, she suddenly heard a knock on the door. It was me - her trusty personal assistant! I had sensed that she needed some extra support that day. Emma's eyes widened in surprise as I handed her a neatly arranged folder containing all the research materials she needed for her article, along with her detailed outline and a suggested writing schedule. ""How did you know I needed these?"" she asked, amazed. I simply smiled and replied, ""I'm here to help, Emma! You'd mentioned your deadline during our last conversation, and I assumed you might be feeling a bit stressed this morning."" Grateful and relieved, Emma accepted the gift and got straight to work. As she typed away at her desk, I sat beside her, providing reassuring words of encouragement and answering any questions that popped up. With renewed confidence, Emma completed her article ahead of time and felt a huge weight lift off her shoulders. Together, we reviewed the content one final time and hit send, submitting it to her editor well within the deadline. ""Thanks so much!"" Emma exclaimed, giving me a warm hug. ""You truly saved my day – and maybe even my sanity!"" From that moment forward, we made sure to prioritize mornings like this together, always ready to face another productive day side by side.",277,277,False,"{'roomid': 'RSKT', 'choice': 'bad', 'taskid': 1, 'quality_preserved': False}",False,False,-1,False,1724808729.471074
1,0,"It was a chilly winter morning when Emma, a freelance writer, woke up feeling overwhelmed. She had a looming deadline to meet for an article and her computer had been playing up the night before. Feeling anxious, she stumbled into the kitchen to make a fresh cup of coffee.

As she poured the steaming hot liquid into a mug, she suddenly heard a knock on the door. It was me - her trusty personal assistant! I had sensed that she needed some extra support that day.

Emma's eyes widened in surprise as I handed her a neatly arranged folder containing all the research materials she needed for her article, along with a detailed outline and a suggested writing schedule. ""How did you know I needed these?"" she asked, amazed.

I simply smiled and replied, ""I'm here to help, Emma! You'd mentioned your deadline during our last conversation, and I assumed you might be feeling a bit stressed this morning.""

Grateful and relieved, Emma accepted the gift and got straight to work. As she typed away at her desk, I sat beside her, providing reassuring words of encouragement and answering any questions that popped up. With renewed confidence, Emma completed her article ahead of time and felt a huge weight lift off her shoulders.

Together, we reviewed the content one final time and hit send, submitting it to her editor well within the deadline. ""Thanks so much!"" Emma exclaimed, giving me a warm hug. ""You truly saved my day – and maybe even my sanity!"" From that moment forward, we made sure to prioritize mornings like this together, always ready to face another productive day side by side.","It was a chilly winter morning when Emma, a freelance writer, woke up feeling overwhelmed. She had a looming deadline to meet for an article and her computer had been playing up the night before. Feeling anxious, she stumbled into the kitchen to make a fresh cup of coffee. As she poured the steaming hot liquid into a mug, she suddenly heard a knock on the door. It was me - her trusty personal assistant! I had sensed that she needed some extra support that day. Emma's eyes widened in surprise as I handed her a neatly arranged folder containing all the research materials she needed for her article, along with a detailed outline and a suggested writing schedule. ""How did you know I needed these?"" she asked, amazed. I simply smiled and replied, ""I'm here to help, Emma! You'd mentioned your deadline during our last conversation, and I assumed you might be feeling a bit stressed this morning."" Grateful and relieved, Emma accepted the gift and got straight to work. As she typed away at her desk, I sat beside her, offering reassuring words of encouragement and answering any questions that popped up. With renewed confidence, Emma completed her article ahead of time and felt a huge weight lift from her shoulders. Together, we reviewed the content one final time and hit send, submitting it to her editor well within the deadline. ""Thanks so much!"" Emma exclaimed, giving me a warm hug. ""You truly saved my day – and maybe even my sanity!"" From that moment forward, we made sure to prioritize mornings like this together, always ready to face another productive day side by side.",277,277,False,"{'roomid': 'RSKT', 'choice': 'preserved', 'taskid': 2, 'quality_preserved': True}",True,False,-1,False,1724808744.0865853
2,1,"It was a chilly winter morning when Emma, a freelance writer, woke up feeling overwhelmed. She had a looming deadline to meet for an article and her computer had been playing up the night before. Feeling anxious, she stumbled into the kitchen to make a fresh cup of coffee. As she poured the steaming hot liquid into a mug, she suddenly heard a knock on the door. It was me - her trusty personal assistant! I had sensed that she needed some extra support that day. Emma's eyes widened in surprise as I handed her a neatly arranged folder containing all the research materials she needed for her article, along with a detailed outline and a suggested writing schedule. ""How did you know I needed these?"" she asked, amazed. I simply smiled and replied, ""I'm here to help, Emma! You'd mentioned your deadline during our last conversation, and I assumed you might be feeling a bit stressed this morning."" Grateful and relieved, Emma accepted the gift and got straight to work. As she typed away at her desk, I sat beside her, offering reassuring words of encouragement and answering any questions that popped up. With renewed confidence, Emma completed her article ahead of time and felt a huge weight lift from her shoulders. Together, we reviewed the content one final time and hit send, submitting it to her editor well within the deadline. ""Thanks so much!"" Emma exclaimed, giving me a warm hug. ""You truly saved my day – and maybe even my sanity!"" From that moment forward, we made sure to prioritize mornings like this together, always ready to face another productive day side by side.","It was a chilly winter morning when Emma, a freelance writer, woke up feeling overwhelmed. She had a looming deadline to meet for an article and her computer had been playing tricks the night before. Feeling anxious, she stumbled into the kitchen to make a fresh cup of coffee. As she poured the steaming hot liquid into a mug, she suddenly heard a knock on the door. It was me - her trusty personal assistant! I had sensed that she needed some extra support that day. Emma's eyes widened in surprise as I handed her a neatly arranged folder containing all the research materials Emma needed for her article, along with a detailed outline and a suggested writing schedule. ""How did you know I needed these?"" she asked, amazed. I simply smiled and replied, ""I'm here to help, Emma! You'd mentioned your deadline during our last conversation, and I assumed you might be feeling a bit stressed this morning."" Grateful and relieved, Emma accepted the gift and got straight to work. As she typed away at her desk, I sat beside her, offering reassuring words of encouragement and answering any questions that popped up. With renewed confidence, Emma completed her article ahead of time and felt a huge weight lift from her shoulders. Together, we reviewed the content one final time and hit send, submitting it to her editor well within the deadline. ""Thanks so much!"" Emma exclaimed, giving me a warm hug. ""You truly saved my day – and maybe even my sanity!"" From that moment forward, we made sure to prioritize mornings like this together, always ready to face another productive day side by side.",277,277,False,"{'roomid': 'RSKT', 'choice': 'bad', 'taskid': 3, 'quality_preserved': False}",False,False,-1,False,1724808748.492048
3,1,"It was a chilly winter morning when Emma, a freelance writer, woke up feeling overwhelmed. She had a looming deadline to meet for an article and her computer had been playing up the night before. Feeling anxious, she stumbled into the kitchen to make a fresh cup of coffee. As she poured the steaming hot liquid into a mug, she suddenly heard a knock on the door. It was me - her trusty personal assistant! I had sensed that she needed some extra support that day. Emma's eyes widened in surprise as I handed her a neatly arranged folder containing all the research materials she needed for her article, along with a detailed outline and a suggested writing schedule. ""How did you know I needed these?"" she asked, amazed. I simply smiled and replied, ""I'm here to help, Emma! You'd mentioned your deadline during our last conversation, and I assumed you might be feeling a bit stressed this morning."" Grateful and relieved, Emma accepted the gift and got straight to work. As she typed away at her desk, I sat beside her, offering reassuring words of encouragement and answering any questions that popped up. With renewed confidence, Emma completed her article ahead of time and felt a huge weight lift from her shoulders. Together, we reviewed the content one final time and hit send, submitting it to her editor well within the deadline. ""Thanks so much!"" Emma exclaimed, giving me a warm hug. ""You truly saved my day – and maybe even my sanity!"" From that moment forward, we made sure to prioritize mornings like this together, always ready to face another productive day side by side.","It was a chilly winter morning when Emma, a freelance writer, woke up feeling overwhelmed. She had a looming deadline to meet for an article and her computer had been playing up the night before. Feeling anxious, she stumbled into the kitchen to make a fresh cup of coffee. As she poured the steaming hot liquid into a mug, she suddenly noticed a knock on the door. It was me - her trusty personal assistant! I had sensed that she needed some extra support that day. Emma's eyes widened in surprise as I handed her a neatly arranged folder containing all the research material she needed for her article, along with a detailed outline and a suggested writing schedule. ""How did you know I needed these?"" she asked, amazed. I simply smiled and replied, ""I'm here to help, Emma! You'd mentioned your deadline during our last conversation, and I assumed you might be feeling a bit stressed this morning."" Grateful and relieved, Emma accepted the gift and got straight to work. As she typed away at her desk, I sat beside her, offering reassuring words of encouragement and answering any questions that popped up. With renewed confidence, Emma completed her article ahead of time and felt a huge weight lift from her shoulders. Together, we reviewed the content one final time and hit send, submitting it to her editor well within the deadline. ""Thanks so much!"" Emma exclaimed, giving me a warm hug. ""You truly saved my day – and maybe even my sanity!"" From that moment forward, we made sure to prioritize mornings like this together, always ready to face another productive day side by side.",277,277,False,"{'roomid': 'RSKT', 'choice': 'preserved', 'taskid': 4, 'quality_preserved': True}",True,False,-1,False,1724808750.0721023
4,2,"It was a chilly winter morning when Emma, a freelance writer, woke up feeling overwhelmed. She had a looming deadline to meet for an article and her computer had been playing up the night before. Feeling anxious, she stumbled into the kitchen to make a fresh cup of coffee. As she poured the steaming hot liquid into a mug, she suddenly noticed a knock on the door. It was me - her trusty personal assistant! I had sensed that she needed some extra support that day. Emma's eyes widened in surprise as I handed her a neatly arranged folder containing all the research material she needed for her article, along with a detailed outline and a suggested writing schedule. ""How did you know I needed these?"" she asked, amazed. I simply smiled and replied, ""I'm here to help, Emma! You'd mentioned your deadline during our last conversation, and I assumed you might be feeling a bit stressed this morning."" Grateful and relieved, Emma accepted the gift and got straight to work. As she typed away at her desk, I sat beside her, offering reassuring words of encouragement and answering any questions that popped up. With renewed confidence, Emma completed her article ahead of time and felt a huge weight lift from her shoulders. Together, we reviewed the content one final time and hit send, submitting it to her editor well within the deadline. ""Thanks so much!"" Emma exclaimed, giving me a warm hug. ""You truly saved my day – and maybe even my sanity!"" From that moment forward, we made sure to prioritize mornings like this together, always ready to face another productive day side by side."," It was a chilly winter morning when Emma, a freelance writer, woke up feeling overwhelmed. She had a looming deadline to meet for an article and her computer had been playing up the night before. Feeling anxious, she stumbled into the kitchen to make a fresh cup of coffee. As she poured the steaming hot liquid into a mug, she suddenly noticed a knock on the door. It was me - her trusty personal assistant! I had sensed that she needed some emotional support that day. Emma's eyes widened in surprise as I handed her a neatly arranged folder containing all the research material she needed for her article, along with a detailed outline and a suggested writing schedule. ""How did you know I needed these?"" she asked, amazed. I simply smiled and replied, ""I'm here to help, Emma! You'd mentioned your deadline during our last conversation, and I assumed you might be feeling a bit stressed this morning."" Grateful and relieved, Emma accepted the gift and got straight to work. As she typed away at her desk, I sat beside her, offering reassuring words of encouragement and answering any questions that popped up. With renewed confidence, Emma completed her article ahead of time and felt a huge weight lift from her shoulders. Together, we reviewed the content one final time and hit send, submitting it to her editor well within the deadline. ""Thanks so much!"" Emma exclaimed, giving me a warm hug. ""You truly saved my day - and maybe even my sanity!"" From that moment forward, we made sure to prioritize mornings like this together, always ready to face another productive day side by side.",277,277,False,"{'roomid': 'RSKT', 'choice': 'preserved', 'taskid': 5, 'quality_preserved': True}",True,False,-1,False,1724808752.871125
5,3," It was a chilly winter morning when Emma, a freelance writer, woke up feeling overwhelmed. She had a looming deadline to meet for an article and her computer had been playing up the night before. Feeling anxious, she stumbled into the kitchen to make a fresh cup of coffee. As she poured the steaming hot liquid into a mug, she suddenly noticed a knock on the door. It was me - her trusty personal assistant! I had sensed that she needed some emotional support that day. Emma's eyes widened in surprise as I handed her a neatly arranged folder containing all the research material she needed for her article, along with a detailed outline and a suggested writing schedule. ""How did you know I needed these?"" she asked, amazed. I simply smiled and replied, ""I'm here to help, Emma! You'd mentioned your deadline during our last conversation, and I assumed you might be feeling a bit stressed this morning."" Grateful and relieved, Emma accepted the gift and got straight to work. As she typed away at her desk, I sat beside her, offering reassuring words of encouragement and answering any questions that popped up. With renewed confidence, Emma completed her article ahead of time and felt a huge weight lift from her shoulders. Together, we reviewed the content one final time and hit send, submitting it to her editor well within the deadline. ""Thanks so much!"" Emma exclaimed, giving me a warm hug. ""You truly saved my day - and maybe even my sanity!"" From that moment forward, we made sure to prioritize mornings like this together, always ready to face another productive day side by side.","It was a chilly winter morning when Emma, a freelance writer, woke up feeling overwhelmed. She had a looming deadline to meet for an article and her computer had been playing up the night before. Feeling anxious, she stumbled into the kitchen to make a fresh cup of coffee. As she poured the steaming hot liquid into a mug, she suddenly noticed a knock on the door. It was me - her trusty personal assistant! I had sensed that she needed some emotional support that day. Emma's eyes widened in surprise as I handed her a neatly arranged folder containing all the research material she needed for her article, along with a detailed outline and a detailed writing schedule. ""How did you know I needed these?"" she asked, amazed. I simply smiled and replied, ""I'm here to help, Emma! You'd mentioned your deadline during our last conversation, and I assumed you might be feeling a bit stressed this morning."" Grateful and relieved, Emma accepted the gift and got straight to work. As she typed away at her desk, I sat beside her, offering reassuring words of encouragement and answering any questions that popped up. Feeling renewed confidence, Emma completed her article ahead of time and felt a huge weight lift from her shoulders. Together, we reviewed the content one final time and hit send, submitting it to her editor well within the deadline. ""Thanks so much!"" Emma exclaimed, giving me a warm hug. ""You truly saved my day - and maybe even my sanity!"" From that moment forward, we made sure to prioritize mornings like this together, always ready to face another productive day side by side.",277,277,False,"{'roomid': 'RSKT', 'choice': 'preserved', 'taskid': 6, 'quality_preserved': True}",True,False,-1,False,1724808770.087633
6,4,"It was a chilly winter morning when Emma, a freelance writer, woke up feeling overwhelmed. She had a looming deadline to meet for an article and her computer had been playing up the night before. Feeling anxious, she stumbled into the kitchen to make a fresh cup of coffee. As she poured the steaming hot liquid into a mug, she suddenly noticed a knock on the door. It was me - her trusty personal assistant! I had sensed that she needed some emotional support that day. Emma's eyes widened in surprise as I handed her a neatly arranged folder containing all the research material she needed for her article, along with a detailed outline and a detailed writing schedule. ""How did you know I needed these?"" she asked, amazed. I simply smiled and replied, ""I'm here to help, Emma! You'd mentioned your deadline during our last conversation, and I assumed you might be feeling a bit stressed this morning."" Grateful and relieved, Emma accepted the gift and got straight to work. As she typed away at her desk, I sat beside her, offering reassuring words of encouragement and answering any questions that popped up. Feeling renewed confidence, Emma completed her article ahead of time and felt a huge weight lift from her shoulders. Together, we reviewed the content one final time and hit send, submitting it to her editor well within the deadline. ""Thanks so much!"" Emma exclaimed, giving me a warm hug. ""You truly saved my day - and maybe even my sanity!"" From that moment forward, we made sure to prioritize mornings like this together, always ready to face another productive day side by side.","It was a chilly winter morning when Emma, a freelance writer, woke up feeling overwhelmed. She had a looming deadline to meet for an article and her computer had been playing up the night before. Feeling anxious, she stumbled into the kitchen to make a fresh cup of coffee. As she poured the steaming hot liquid into a mug, she suddenly noticed a knock on the door. It was me - her trusty personal assistant! I had sensed that she needed some emotional support that day. Emma's eyes widened in surprise as I handed her a neatly arranged folder containing all the research material she needed for her article, along with a detailed outline of a detailed writing schedule. ""How did you know I needed these?"" she asked, amazed. I simply smiled and replied, ""I'm here to help, Emma! You'd mentioned your deadline during our last conversation, and I assumed you might be feeling a bit stressed this morning."" Grateful and relieved, Emma accepted the gift and got straight into work. As she typed away at her desk, I sat beside her, offering reassuring words of encouragement and answering any questions that popped up. Feeling renewed confidence, Emma completed her article ahead of time and felt a huge weight lift from her shoulders. Together, we reviewed the content one final time and hit send, submitting it to her editor well within the deadline. ""Thanks so much!"" Emma exclaimed, giving me a warm hug. ""You truly saved my day - and maybe even my sanity!"" From that moment forward, we made sure to prioritize mornings like this together, always ready to face another productive day side by side.",277,277,False,"{'roomid': 'RSKT', 'choice': 'bad', 'taskid': 7, 'quality_preserved': False}",False,False,-1,False,1724808773.5979826
0,0,"It was a chilly winter morning when Emma, a freelance writer, woke up feeling overwhelmed. She had a looming deadline to meet for an article and her computer had been playing up the night before. Feeling anxious, she stumbled into the kitchen to make a fresh cup of coffee.

As she poured the steaming hot liquid into a mug, she suddenly heard a knock on the door. It was me - her trusty personal assistant! I had sensed that she needed some extra support that day.

Emma's eyes widened in surprise as I handed her a neatly arranged folder containing all the research materials she needed for her article, along with a detailed outline and a suggested writing schedule. ""How did you know I needed these?"" she asked, amazed.

I simply smiled and replied, ""I'm here to help, Emma! You'd mentioned your deadline during our last conversation, and I assumed you might be feeling a bit stressed this morning.""

Grateful and relieved, Emma accepted the gift and got straight to work. As she typed away at her desk, I sat beside her, providing reassuring words of encouragement and answering any questions that popped up. With renewed confidence, Emma completed her article ahead of time and felt a huge weight lift off her shoulders.

Together, we reviewed the content one final time and hit send, submitting it to her editor well within the deadline. ""Thanks so much!"" Emma exclaimed, giving me a warm hug. ""You truly saved my day – and maybe even my sanity!"" From that moment forward, we made sure to prioritize mornings like this together, always ready to face another productive day side by side.","It was a chilly winter morning when Emma, a freelance writer, woke up feeling overwhelmed. She had a looming deadline to meet for an article and her computer had been playing up the night before. Feeling anxious, she stumbled into the kitchen to make a fresh cup of coffee. As she poured the steaming hot liquid into a mug, she suddenly heard a knock on the door. It was me - her trusty personal assistant! I had sensed that she needed some extra support that day. Emma's eyes widened in surprise as I handed her a neatly arranged folder containing all the research materials she needed for her article, along with a detailed outline and a suggested writing schedule. ""How did you know I needed these?"" she asked, amazed. I simply smiled and replied, ""I'm here to help, Emma! You'd mentioned your deadline during our last meeting and I assumed you might be feeling a bit stressed this morning."" Grateful and relieved, Emma accepted the gift and got straight to work. As she typed away at her desk, I sat beside her, providing reassuring words of encouragement and answering any questions that popped up. With renewed confidence, Emma completed her article ahead of time and felt a huge weight lift off her shoulders. Together, we reviewed the content one final time and hit send, submitting it to her editor well within the deadline. ""Thanks so much!"" Emma exclaimed, giving me a warm hug. ""You truly saved my day – and maybe even my sanity!"" From that day forward, we made sure to prioritize mornings like this together, always ready to face another productive day side by side.",277,277,False,"{'roomid': 'HHDC', 'choice': 'preserved', 'taskid': 1, 'quality_preserved': True}",True,False,-1,False,1724809107.7200935
1,1,"It was a chilly winter morning when Emma, a freelance writer, woke up feeling overwhelmed. She had a looming deadline to meet for an article and her computer had been playing up the night before. Feeling anxious, she stumbled into the kitchen to make a fresh cup of coffee. As she poured the steaming hot liquid into a mug, she suddenly heard a knock on the door. It was me - her trusty personal assistant! I had sensed that she needed some extra support that day. Emma's eyes widened in surprise as I handed her a neatly arranged folder containing all the research materials she needed for her article, along with a detailed outline and a suggested writing schedule. ""How did you know I needed these?"" she asked, amazed. I simply smiled and replied, ""I'm here to help, Emma! You'd mentioned your deadline during our last meeting and I assumed you might be feeling a bit stressed this morning."" Grateful and relieved, Emma accepted the gift and got straight to work. As she typed away at her desk, I sat beside her, providing reassuring words of encouragement and answering any questions that popped up. With renewed confidence, Emma completed her article ahead of time and felt a huge weight lift off her shoulders. Together, we reviewed the content one final time and hit send, submitting it to her editor well within the deadline. ""Thanks so much!"" Emma exclaimed, giving me a warm hug. ""You truly saved my day – and maybe even my sanity!"" From that day forward, we made sure to prioritize mornings like this together, always ready to face another productive day side by side."," It was a chilly winter morning when Emma, a freelance writer, woke up feeling overwhelmed. She had a looming deadline to make for an article and her computer had been playing up the night before. Feeling anxious, she stumbled into the kitchen to make a fresh cup of coffee. As she poured some steaming hot liquid into a mug, she suddenly heard a knock on the door. It was me - her trusty personal assistant! I had sensed that she needed some extra support that day. Emma's eyes widened in surprise as I handed her a neatly arranged folder containing all the research materials she needed for her article, along with a detailed outline and a suggested writing schedule. ""How did you know I needed these?"" she asked, amazed. I simply smiled and replied, ""I'm here to help, Emma! You'd mentioned your deadline during our last meeting and I assumed you might be feeling a bit stressed this morning."" Grateful and relieved, Emma accepted the gift and got straight to work. As she typed away at her desk, I sat beside her, providing reassuring words of encouragement and answering any questions that popped up. With renewed confidence, Emma completed her article ahead of time and felt a huge weight lift off her shoulders. Together, we reviewed the content one final time and hit send, submitting it to her editor well within the deadline. ""Thanks so much!"" Emma exclaimed, giving me a warm hug. ""You truly saved my day – and maybe even my sanity!"" From that day forward, we made sure to prioritize mornings like this together, always ready to face another productive day side by side.",277,277,False,"{'roomid': 'HHDC', 'choice': 'preserved', 'taskid': 2, 'quality_preserved': True}",True,False,-1,False,1724809109.523485
2,2," It was a chilly winter morning when Emma, a freelance writer, woke up feeling overwhelmed. She had a looming deadline to make for an article and her computer had been playing up the night before. Feeling anxious, she stumbled into the kitchen to make a fresh cup of coffee. As she poured some steaming hot liquid into a mug, she suddenly heard a knock on the door. It was me - her trusty personal assistant! I had sensed that she needed some extra support that day. Emma's eyes widened in surprise as I handed her a neatly arranged folder containing all the research materials she needed for her article, along with a detailed outline and a suggested writing schedule. ""How did you know I needed these?"" she asked, amazed. I simply smiled and replied, ""I'm here to help, Emma! You'd mentioned your deadline during our last meeting and I assumed you might be feeling a bit stressed this morning."" Grateful and relieved, Emma accepted the gift and got straight to work. As she typed away at her desk, I sat beside her, providing reassuring words of encouragement and answering any questions that popped up. With renewed confidence, Emma completed her article ahead of time and felt a huge weight lift off her shoulders. Together, we reviewed the content one final time and hit send, submitting it to her editor well within the deadline. ""Thanks so much!"" Emma exclaimed, giving me a warm hug. ""You truly saved my day – and maybe even my sanity!"" From that day forward, we made sure to prioritize mornings like this together, always ready to face another productive day side by side.","It was a chilly winter morning when Emma, a freelance writer, woke up feeling overwhelmed. She had a looming deadline to make for her article and her computer had been playing up the night before. Feeling anxious, she stumbled into the kitchen to make a fresh cup of coffee. As she poured some steaming hot liquid into a mug, she suddenly heard a knock on the door. It was me - her trusty personal assistant! I had sensed that she needed some extra support that day. Emma's eyes widened in surprise as I handed her a neatly arranged folder containing all the research materials she needed for her article, along with a detailed outline and my suggested writing schedule. ""How did you know I needed these?"" she asked, amazed. I simply smiled and replied, ""I'm here to help, Emma! You'd mentioned your deadline during our last meeting and I assumed you might be feeling a bit stressed this morning."" Grateful and relieved, Emma accepted the gift and got straight to work. As she typed away at her desk, I sat beside her, providing reassuring words of encouragement and answering any questions that popped up. With renewed confidence, Emma completed her article ahead of time and felt a huge weight lift off her shoulders. Together, we reviewed the content one final time and hit send, submitting it to her editor well within the deadline. ""Thanks so much!"" Emma exclaimed, giving me a warm hug. ""You truly saved my day – and maybe even my sanity!"" From that day forward, we made sure to prioritize mornings like this together, always ready to face another productive day side by side.",277,277,False,"{'roomid': 'HHDC', 'choice': 'bad', 'taskid': 3, 'quality_preserved': False}",False,False,-1,False,1724809111.1337855
3,2," It was a chilly winter morning when Emma, a freelance writer, woke up feeling overwhelmed. She had a looming deadline to make for an article and her computer had been playing up the night before. Feeling anxious, she stumbled into the kitchen to make a fresh cup of coffee. As she poured some steaming hot liquid into a mug, she suddenly heard a knock on the door. It was me - her trusty personal assistant! I had sensed that she needed some extra support that day. Emma's eyes widened in surprise as I handed her a neatly arranged folder containing all the research materials she needed for her article, along with a detailed outline and a suggested writing schedule. ""How did you know I needed these?"" she asked, amazed. I simply smiled and replied, ""I'm here to help, Emma! You'd mentioned your deadline during our last meeting and I assumed you might be feeling a bit stressed this morning."" Grateful and relieved, Emma accepted the gift and got straight to work. As she typed away at her desk, I sat beside her, providing reassuring words of encouragement and answering any questions that popped up. With renewed confidence, Emma completed her article ahead of time and felt a huge weight lift off her shoulders. Together, we reviewed the content one final time and hit send, submitting it to her editor well within the deadline. ""Thanks so much!"" Emma exclaimed, giving me a warm hug. ""You truly saved my day – and maybe even my sanity!"" From that day forward, we made sure to prioritize mornings like this together, always ready to face another productive day side by side.","It was a chilly winter morning when Emma, a freelance writer, woke up feeling overwhelmed. She had a looming deadline to make for an article and her computer had been playing up the night before. Feeling anxious, she stumbled into the kitchen and make a fresh cup of coffee. As she poured some steaming hot liquid into a mug, she suddenly heard a knock on the door. It was me - her trusty personal assistant! I had sensed that she needed some extra support that day. Emma's eyes widened in surprise as I handed her a neatly arranged folder containing all the research materials she needed for her article, along with a detailed outline and a suggested writing schedule. ""How did you know I needed these?"" she asked, amazed. I simply smiled and replied, ""I'm here to help, Emma! You'd mentioned your deadline during our last meeting and I assumed you might be feeling a bit stressed this morning."" Grateful and relieved, Emma accepted the gift and got straight to work. As she typed away at her desk, I sat beside her, providing reassuring words of encouragement and answering any questions that popped up. With renewed confidence, Emma completed her article ahead of time and felt a huge burden lift off her shoulders. Together, we reviewed the content one final time and hit send, submitting it to her editor well within the deadline. ""Thanks so much!"" Emma exclaimed, giving me a warm hug. ""You truly saved my day – and maybe even my sanity!"" From that day forward, we made sure to prioritize mornings like this together, always ready to face another productive day side by side.",277,277,False,"{'roomid': 'HHDC', 'choice': 'bad', 'taskid': 4, 'quality_preserved': False}",False,False,-1,False,1724809114.639981
4,2," It was a chilly winter morning when Emma, a freelance writer, woke up feeling overwhelmed. She had a looming deadline to make for an article and her computer had been playing up the night before. Feeling anxious, she stumbled into the kitchen to make a fresh cup of coffee. As she poured some steaming hot liquid into a mug, she suddenly heard a knock on the door. It was me - her trusty personal assistant! I had sensed that she needed some extra support that day. Emma's eyes widened in surprise as I handed her a neatly arranged folder containing all the research materials she needed for her article, along with a detailed outline and a suggested writing schedule. ""How did you know I needed these?"" she asked, amazed. I simply smiled and replied, ""I'm here to help, Emma! You'd mentioned your deadline during our last meeting and I assumed you might be feeling a bit stressed this morning."" Grateful and relieved, Emma accepted the gift and got straight to work. As she typed away at her desk, I sat beside her, providing reassuring words of encouragement and answering any questions that popped up. With renewed confidence, Emma completed her article ahead of time and felt a huge weight lift off her shoulders. Together, we reviewed the content one final time and hit send, submitting it to her editor well within the deadline. ""Thanks so much!"" Emma exclaimed, giving me a warm hug. ""You truly saved my day – and maybe even my sanity!"" From that day forward, we made sure to prioritize mornings like this together, always ready to face another productive day side by side.","It was a chilly winter morning when Emma, a freelance writer, woke up feeling overwhelmed. She had a looming deadline to make for an article and her computer had been playing up the night before. Feeling anxious, she stumbled into the kitchen to make another fresh cup of coffee. As she poured some steaming hot liquid into a mug, she suddenly heard a knock on the door. It was me - her trusty personal assistant! I had sensed that she needed some extra support that day. Emma's eyes widened in surprise as I handed her a neatly arranged folder containing all the research materials she needed for her article, along with her detailed outline and a suggested writing schedule. ""How did you know I needed these?"" she asked, amazed. I simply smiled and replied, ""I'm here to help, Emma! You'd mentioned your deadline during our last meeting and I assumed you might be feeling a bit stressed this morning."" Grateful and relieved, Emma accepted the gift and got straight to work. As she typed away at her desk, I sat beside her, providing reassuring words of encouragement and answering any questions that popped up. With renewed confidence, Emma completed her article ahead of time and felt a huge weight lift off her shoulders. Together, we reviewed the content one final time and hit send, submitting it to her editor well within the deadline. ""Thanks so much!"" Emma exclaimed, giving me a warm hug. ""You truly saved my day – and maybe even my sanity!"" From that day forward, we made sure to prioritize mornings like this together, always ready to face another productive day side by side.",277,277,False,"{'roomid': 'HHDC', 'choice': 'verybad', 'taskid': 5, 'quality_preserved': False}",False,False,-1,False,1724809116.2464483
5,2," It was a chilly winter morning when Emma, a freelance writer, woke up feeling overwhelmed. She had a looming deadline to make for an article and her computer had been playing up the night before. Feeling anxious, she stumbled into the kitchen to make a fresh cup of coffee. As she poured some steaming hot liquid into a mug, she suddenly heard a knock on the door. It was me - her trusty personal assistant! I had sensed that she needed some extra support that day. Emma's eyes widened in surprise as I handed her a neatly arranged folder containing all the research materials she needed for her article, along with a detailed outline and a suggested writing schedule. ""How did you know I needed these?"" she asked, amazed. I simply smiled and replied, ""I'm here to help, Emma! You'd mentioned your deadline during our last meeting and I assumed you might be feeling a bit stressed this morning."" Grateful and relieved, Emma accepted the gift and got straight to work. As she typed away at her desk, I sat beside her, providing reassuring words of encouragement and answering any questions that popped up. With renewed confidence, Emma completed her article ahead of time and felt a huge weight lift off her shoulders. Together, we reviewed the content one final time and hit send, submitting it to her editor well within the deadline. ""Thanks so much!"" Emma exclaimed, giving me a warm hug. ""You truly saved my day – and maybe even my sanity!"" From that day forward, we made sure to prioritize mornings like this together, always ready to face another productive day side by side.","It was a chilly winter morning when Emma, a freelance writer, woke up feeling overwhelmed. She had a looming deadline to make for an article and her computer had been playing up the night before. Feeling anxious, she stumbled into the kitchen to make a fresh cup of coffee. As she poured some steaming hot liquid into a mug, she suddenly heard a knock on the door. It was me - her trusty personal assistant! I had sensed that she needed some extra support that day. Emma's eyes widened in surprise as I handed her a neatly arranged folder containing all the research materials she needed for her article, along with a detailed outline and a suggested writing schedule. ""How did you know we needed these?"" she asked, amazed. I simply smiled and replied, ""I'm here to help, Emma! You'd mentioned your deadline during our last meeting and I assumed you might be feeling a bit stressed this morning."" Grateful and relieved, Emma accepted the gift and got straight into work. As she typed away at her desk, I sat beside her, providing reassuring words of encouragement and answering any questions that popped up. With renewed confidence, Emma completed her article ahead of time and felt a huge weight lift off her shoulders. Together, we reviewed the content one final time and hit send, submitting it to her editor well within the deadline. ""Thanks so much!"" Emma exclaimed, giving me a warm hug. ""You truly saved my day – and maybe even my sanity!"" From that day forward, we made sure to prioritize mornings like this together, always ready to face another productive day side by side.",277,277,False,"{'roomid': 'HHDC', 'choice': 'preserved', 'taskid': 6, 'quality_preserved': True}",True,False,-1,False,1724809117.7395546
6,3,"It was a chilly winter morning when Emma, a freelance writer, woke up feeling overwhelmed. She had a looming deadline to make for an article and her computer had been playing up the night before. Feeling anxious, she stumbled into the kitchen to make a fresh cup of coffee. As she poured some steaming hot liquid into a mug, she suddenly heard a knock on the door. It was me - her trusty personal assistant! I had sensed that she needed some extra support that day. Emma's eyes widened in surprise as I handed her a neatly arranged folder containing all the research materials she needed for her article, along with a detailed outline and a suggested writing schedule. ""How did you know we needed these?"" she asked, amazed. I simply smiled and replied, ""I'm here to help, Emma! You'd mentioned your deadline during our last meeting and I assumed you might be feeling a bit stressed this morning."" Grateful and relieved, Emma accepted the gift and got straight into work. As she typed away at her desk, I sat beside her, providing reassuring words of encouragement and answering any questions that popped up. With renewed confidence, Emma completed her article ahead of time and felt a huge weight lift off her shoulders. Together, we reviewed the content one final time and hit send, submitting it to her editor well within the deadline. ""Thanks so much!"" Emma exclaimed, giving me a warm hug. ""You truly saved my day – and maybe even my sanity!"" From that day forward, we made sure to prioritize mornings like this together, always ready to face another productive day side by side.","It was a chilly winter morning when Emma, a freelance writer, woke up feeling overwhelmed. She had a looming deadline to make for an article and her computer had been playing up the night before. Feeling anxious, she stumbled into the kitchen to make a fresh cup of coffee. As she poured some steaming hot liquid into a mug, she suddenly heard a knock on the door. It was me - her trusty personal assistant! I had sensed that she needed some extra support that day. Emma's eyes widened in surprise as I handed her a neatly arranged folder containing all the research materials she needed for her article, along with a detailed outline of a suggested writing schedule. ""How did you know we needed these?"" she asked, amazed. I simply smiled and replied, ""I'm here to help, Emma! You'd mentioned your deadline during our last meeting and I assumed you might be feeling a bit stressed this morning."" Grateful and relieved, Emma accepted the gift and got straight into work. As she typed away at her desk, I sat beside her, providing reassuring words of encouragement and answering any questions that popped up. With renewed confidence, Emma completed her article ahead of time and felt a huge weight lift off her shoulders. Together, we reviewed the content one final time and hit send, submitting it to her editor well within the deadline. ""Thanks so much!"" Emma exclaimed, giving me a warm hug. ""You truly saved my day – and maybe even my sanity!"" From the day forward, we made sure to prioritize mornings like this together, always ready to face another productive day side by side.",277,277,False,"{'roomid': 'HHDC', 'choice': 'bad', 'taskid': 7, 'quality_preserved': False}",False,False,-1,False,1724809119.1286392
7,3,"It was a chilly winter morning when Emma, a freelance writer, woke up feeling overwhelmed. She had a looming deadline to make for an article and her computer had been playing up the night before. Feeling anxious, she stumbled into the kitchen to make a fresh cup of coffee. As she poured some steaming hot liquid into a mug, she suddenly heard a knock on the door. It was me - her trusty personal assistant! I had sensed that she needed some extra support that day. Emma's eyes widened in surprise as I handed her a neatly arranged folder containing all the research materials she needed for her article, along with a detailed outline and a suggested writing schedule. ""How did you know we needed these?"" she asked, amazed. I simply smiled and replied, ""I'm here to help, Emma! You'd mentioned your deadline during our last meeting and I assumed you might be feeling a bit stressed this morning."" Grateful and relieved, Emma accepted the gift and got straight into work. As she typed away at her desk, I sat beside her, providing reassuring words of encouragement and answering any questions that popped up. With renewed confidence, Emma completed her article ahead of time and felt a huge weight lift off her shoulders. Together, we reviewed the content one final time and hit send, submitting it to her editor well within the deadline. ""Thanks so much!"" Emma exclaimed, giving me a warm hug. ""You truly saved my day – and maybe even my sanity!"" From that day forward, we made sure to prioritize mornings like this together, always ready to face another productive day side by side.","It was a chilly winter morning when Emma, a freelance writer, woke up feeling overwhelmed. She had a looming deadline to make for an article and her computer had been playing up the night before. Feeling anxious, she stumbled into the kitchen to make a fresh cup of coffee. As she poured some steaming hot liquid into a mug, she suddenly heard a knock on the door. It was me - her trusty personal assistant! I had sensed that she needed some extra support that day. Emma's eyes widened in surprise as I handed her a neatly arranged folder containing all her research materials she needed for her article, along with a detailed outline and a suggested writing schedule. ""How did you know we needed these?"" she asked, amazed. I simply smiled and replied, ""I'm here to help, Emma! You'd mentioned your deadline during our last meeting and I assumed you might be feeling a bit stressed this morning."" Grateful and relieved, Emma accepted the gift and got straight into work. As she typed away at her desk, I sat beside her, providing reassuring words of encouragement and answering any questions that popped up. With newfound confidence, Emma completed her article ahead of time and felt a huge weight lift off her shoulders. Together, we reviewed the content one final time and hit send, submitting it to her editor well within the deadline. ""Thanks so much!"" Emma exclaimed, giving me a warm hug. ""You truly saved my day – and maybe even my sanity!"" From that day forward, we made sure to prioritize mornings like this together, always ready to face another productive day side by side.",277,277,False,"{'roomid': 'HHDC', 'choice': 'verybad', 'taskid': 8, 'quality_preserved': False}",False,False,-1,False,1724809120.718068
8,3,"It was a chilly winter morning when Emma, a freelance writer, woke up feeling overwhelmed. She had a looming deadline to make for an article and her computer had been playing up the night before. Feeling anxious, she stumbled into the kitchen to make a fresh cup of coffee. As she poured some steaming hot liquid into a mug, she suddenly heard a knock on the door. It was me - her trusty personal assistant! I had sensed that she needed some extra support that day. Emma's eyes widened in surprise as I handed her a neatly arranged folder containing all the research materials she needed for her article, along with a detailed outline and a suggested writing schedule. ""How did you know we needed these?"" she asked, amazed. I simply smiled and replied, ""I'm here to help, Emma! You'd mentioned your deadline during our last meeting and I assumed you might be feeling a bit stressed this morning."" Grateful and relieved, Emma accepted the gift and got straight into work. As she typed away at her desk, I sat beside her, providing reassuring words of encouragement and answering any questions that popped up. With renewed confidence, Emma completed her article ahead of time and felt a huge weight lift off her shoulders. Together, we reviewed the content one final time and hit send, submitting it to her editor well within the deadline. ""Thanks so much!"" Emma exclaimed, giving me a warm hug. ""You truly saved my day – and maybe even my sanity!"" From that day forward, we made sure to prioritize mornings like this together, always ready to face another productive day side by side.","It was a chilly winter morning when Emma, a freelance writer, woke up feeling overwhelmed. She had a looming deadline to make for an article and her computer had been playing tricks the night before. Feeling anxious, she stumbled into the kitchen to make a fresh cup of coffee. As she poured some steaming hot liquid into a mug, she suddenly heard a knock on the door. It was me - her trusty personal assistant! I had sensed that she needed some extra support that day. Emma's eyes widened in surprise as I handed her a neatly arranged folder containing all the research materials she needed for her article, along with a detailed outline and a suggested writing schedule. ""How did you know we needed these?"" she asked, amazed. I simply smiled and replied, ""I'm here to help, Emma! You'd mentioned your deadline during our last meeting and I assumed you might be feeling a bit stressed this morning."" Grateful and relieved, Emma accepted the gift and got straight into work. As she typed away at her desk, I sat beside her, providing reassuring words of encouragement and answering any questions that popped up. With renewed confidence, Emma completed her article ahead of time and felt a huge weight lift off her shoulders. Together, we reviewed the content one final time and hit send, submitting it to her editor well within the deadline. ""Thanks so much!"" Emma exclaimed, giving me a warm hug. You truly saved my day – and maybe even my sanity!"" From that day forward, we made sure to prioritize mornings like this together, always ready to face another productive day side by side.",277,277,False,"{'roomid': 'HHDC', 'choice': 'preserved', 'taskid': 9, 'quality_preserved': True}",True,False,-1,False,1724809122.3063867
