entropy,prompt,text,zscore,watermarking_scheme,model,time
1,Write a 250-word story:,"I stood at attention, waiting patiently as Emily rummaged through his morning routine, trying not just one but three different blouses before finally settling upon that same old reliable black t-shirt she wore every time they had an important meeting.

""Ah, perfect,"" she said to herself in satisfaction and I nodded silently.

With her wardrobe settled, we moved to the next task: getting to work. We navigated crowded city streets and stopped briefly for fresh fruit and a pastry breakfast - a ritual that never changed despite all else that might be going on in her world.

She smiled slightly when a street musician began performing near us, and I noted it down as something worth remembering; perhaps tickets could be secured at another performance of theirs soon.

Her phone buzzed and I discreetly checked it while she continued sipping her tea. The message read ""Good luck!"" - a reminder of her presentation that afternoon. I subtly cleared my throat and reminded her that she needed to leave within twenty minutes so that we wouldn't risk running late.

As we stepped out into the bustling streets once more, Emily turned to me with gratitude, ""Thanks so much. I couldn't do this without you.""

We reached her office and after exchanging brief helpos and well wishes with her co-workers, we headed towards the conference room - ready to crush that meeting and make today yet another productive day.<|eot_id|>",98.99999499320984,adaptive,hugging-quants/Meta-Llama-3.1-70B-Instruct-AWQ-INT4,266.0471832752228
2,Write a 250-word story that takes place in Paris:,"She stilled at his side, gazing down at him as he sat cross legged upon one of many benches that dotted Champ deMarseille's lush green grass.

""What are you thinking?"" she asked, trying not sound too anxious.

He didn't lift his head but continued to stare out over the cityscape, ""I was just thinking... sometimes I wonder what it would be like if we had never left.""

""Left what?""

He finally lifted his gaze, and she could see a mix of longing and melancholy reflected within their blue exuberance. ""Our life, everything we knew... behind,"" he said softly.

She reached down, gently brushing a strand of errant golden brown hair from his forehead. He hadn't spoken of that time - of what had prompted him to leave - and she'd long since stopped pressing him; instead choosing to focus on rebuilding his life here among foreign beauty and new possibility.

As she stood there a light breeze carried across the Seine and swept gently past where she stood; carrying whispers from passersby and faint scent of fresh bread wafting upriver. The sun began to slip toward western horizons casting an ethereal light across buildings both ancient and modern that seemed almost otherworldly against indigo evening sky.<|eot_id|>",100.0,adaptive,hugging-quants/Meta-Llama-3.1-70B-Instruct-AWQ-INT4,245.13939666748047
3,"Write a 250-word story about Evan, who falls for Emilie in Paris:","Evan stroller through Le Jardin des Tuilleries, his eyes scanning over tourists and locals alike as he sipped his café au lait from Café de la Comédien Francaises' takeaway window down by street performers at Place du Palais-Royal. The smell of freshly baked bread filled the air, enticing him towards a small bakery tucked between souvenir shops on Rue Saint-Honoré.

He pushed opened the door to reveal an inviting interior where golden-brown baguetts lined shelves behind glass displays near a chalkboard menu listing French delicacies – pain chocolat and tarte aux fruits being among popular options; Evan's stomach began rumbling upon reading it all! As he waited patiently behind other waiting costumers ordering sandwiches (croissants too!), that’s when she caught sight: behind counter stood beautiful woman arranging macarons artfully within display case - her name-tag read 'Emelie'.

While Evan placed order Emelie greeted him softly spoken French accent while taking cash handling efficiently without making small talk but still flashing bright smile whenever looking him right eye making heart skip beat every time so did hers apparently because cheeks turned pink after locking gazeyoung couple exchanged brief friendly chat until handing over change then wished bon appétit wishing him wonderful day ahead leaving him feeling hopeful perhaps there'll be another encounter soon enough maybe even longer one next time who knows maybe someday soon he thought walking off clutching freshly baked baguette feeling lilted from Emelie's charming touch leaving him wanting more of that gentle voice whispering sweet nothing's echoing deep within ears... maybe someday soon indeed!<|eot_id|>",98.87640476226807,adaptive,hugging-quants/Meta-Llama-3.1-70B-Instruct-AWQ-INT4,387.2964298725128
4,"Write a 250-word story about Evan, an American tourist, who falls for Emilie, a barista, in Paris:","Evan staked his claim at Café de la Rue, ordering his usual café au lait and pastry from Emily, his new morning ritual while vacation-ing through Europe as an American tourist.

Emilies' eyes sparkly every time she served him, her bright blue sparkling against porcelain-like cheeks. She had long, rich-brown hair that curled slightly when tied back. He liked watching her hands dance over the counter. 

One day after finishing his drink Evan said: ""You know I've never told you this but your name's on a sign behind you.""

She turned and smiled. He added that he'd be leaving town and wanted to say thanks for making mornings so special before he left. Her response was simple yet sincere – 'de nada.' 

He left feeling down about his approaching goodbye. The same evening Evan found Emilie walking along Seines riverfront. He joined her, they started walking together, exchanging stories of life and dreams, and by nightfall, Evan knew it was too soon to say goodbyes. So, instead, he extended his trip. Over days, Evan and Emilie grew closer. One morning, while sipping luscous espresso, Evan proposed an invitation to dinner, which Emilie happily accepted. Evan's European escapade had become something beautiful and memorable, all thanks to Emilie's enchanting aura. His last day became an extension of his stay, and now, his plans are filled with possibilities of what's in store between them next. Maybe someday, his morning ritual will turn into something permanent - waking up beside Emilie, who makes his world shine brighter each day.<|eot_id|>",99.2337167263031,adaptive,hugging-quants/Meta-Llama-3.1-70B-Instruct-AWQ-INT4,399.0085999965668
5,"Write a 250-word story about Evan, an American tourist, who falls for Emilie, a barista, during a spring festival in Paris:","Evan wandered through Le Jardin des Tuilleries, camera slugged over his shoulder, as he soaked-up every ounce of joix de vivre at Le printemp's spring festivity, held within one of his favourite places – The Tuileries Garden of central Paris. He stopped mid-stride when the sweet scent wafting from Le petit Cafe wafted toward him enticingly.

As Evan entered the cozy bistro his heart did a somersault when he locked eyes with Emilie - her bright blue gaze sparkled behind wire frames perching on her nose as she smiled while taking another order. Her rich mahogany locks fell loose down her back as she moved effortlessly behind the counter preparing drinks. Evan felt an unexplainable connection as he took-in the effortless beauty radiating around him. As it turned out that day - it was going to be one of his most memorable days yet in the City of Lights and perhaps even a life altering encounter too.

When it finally got time for Evan's turn - Emilie greeted him softly ""Bonjour Monsieur"" as she asked what drink would make his day brighter. Evan found himself stuttered momentarily but eventually gathered composure asking her recommendation which she happily obliged listing several options each sounding better than the other - making Evan all the more confused between Cappuccino or Latte! She laughed playfully teasing him gently ""Well you can never go wrong with our specialty 'French Kiss'"". Evan couldn't help feeling his cheeks flush as they exchanged smiles - that's when it hit him - He knew right there that there would be many 'French Kisses' coming his way - hopefully from Emilie alone!<|eot_id|>",99.59514141082764,adaptive,hugging-quants/Meta-Llama-3.1-70B-Instruct-AWQ-INT4,420.9745614528656
6,"Write a 250-word story about Evan, an American tourist, who falls for Emilie, a barista, during a spring festival in Paris. They bond over their love for art and architecture, leading to walks along the Seine:","Evan, an American tourist, stroller through Le Jardin des Tuilleries, sipping his café au lait and marvel at spring's vibrant awakening of color and life within central park of 1st Arrissdisement, when he stumbled upon a charming outdoor festival celebrating the season, the scent of freshly ground espresso wafting towards him led to a quaint pop-up stand where Emilien, a beautiful young woman, greeted him from behind the espresso machine, ""Bonjour! Welcome to our Spring Festival."" Her bright blue eyes sparkled as she crafted his drink, leaving him feeling captivated, yet, tongue-tied, all that could be said, ""merci.""

As days passed so did his daily stops for morning espresso; soon the two began exchanging smiles, small chats, until finally, one afternoon while walking along Seine riverbank, Emilie revealed her passion for art history. Evan, sharing similar enthusiasm, joined conversation effortlessly, as the cityscape drifted past, Notre-Dame, Louvre, Sainte-Chapelle, each monument sparked lively debates, mutual appreciation growing, a connection blossoming between the couple, as sun dipped below horizon casting a romantic glow on waterways, both knew there was something extraordinary unfolding between them. Their chance meeting had turned into a whirlwind romance, as Evan extended stay, now, only reason left to linger, time stood still, lost in beauty of City Of Light and captivating gaze of Emilie, who had captured his heart, amidst cobblestone, and art-filled wonderland of Montmartre, a perfect blend of serendipity, and joie de vivre, that only City of Love, knows how to deliver.<|eot_id|>",99.2727279663086,adaptive,hugging-quants/Meta-Llama-3.1-70B-Instruct-AWQ-INT4,459.8976192474365
7,"Write a 250-word story about Evan, an American tourist, who falls for Emilie, a barista, during a spring festival in Paris. They bond over their love for Claude Monet's art and the city's architecture, leading to walks along the Seine:","Evan, an American tourist, stumbed upon Café de la Belle Vue while strolin through Le Jardin des Tuilleries, where he was attending Spring's annual art fair, celebrating French culture and beauty of nature.

While ordering his morning cappuccino, his attention wandered over to Emil, a charming young woman behind the counter, her bright blue dress matching sparkling hue in Claude Monet's paintings that decorated coffeehouse walls. As she handed him the drink, she smiled, ""Bonjour, monsieur.""

Their conversation started when she asked what had drawn him into café. He mentioned his admiration for Impressionist art, specifically Monet's works featured within café. Delighted to share similar passion, they began exchanging thoughts on painter's use light, colours capturing essence Paris' cityscape, especially along riverbank promenades such as Le Seine's left bank, famous cobblestone streetways, Notre Dame, Louvre Pyramid at night under shimmering street lights.

Over several visits, Evan found it harder to part with charming, lively spirit of beautiful woman who knew so much about history and architecture of City of Light, but still had time for him even when busy serving customers or chatting friends passing by, stopping briefly between shifts, taking seat beside him, making him feel special, unique among tourists throngs, as sun set on another day, casting long, romantic glow over entire scene.<|eot_id|>",98.60464930534363,adaptive,hugging-quants/Meta-Llama-3.1-70B-Instruct-AWQ-INT4,343.70233130455017
8,"Write a 250-word story about Evan, an American tourist, who falls for Emilie, a barista, during a spring festival in Paris. They bond over their love for Claude Monet's 'Impression, Sunrise' and the Hotel de Sully's architecture, leading to walks along the Seine:","Evan stroller through le Jardin des Tuilleries, sipping his café au lait and marvel at spring's vibrant awakening of color and life within central park of French capital city. The smell of freshly baked bread and rosy petals filled the air as he stumbled on charming outdoor festival celebrating the beauty of nature, music and love. As Evan waited line-up of people ordering espresso, his attention caught Emilie, beautiful young woman behind the portable stand, who radiated warmth and charm as expertly crafted each drink, chatting effortlessly with locals while exchanging smiles that lit up the morning sun. When it came time for Evan to order, Emilie asked him where he hailed from in the States; her curiosity sparked a delightful chat which led them to discover mutual passion Claude's 'Impressions, sunrise' painting - ""the moment when light first touches canvas"" she said, ""as I touch every shot of Espresso"". Evan found him drawn back to stand several days running, until finally asking Emilie out for walk along river banks of river Sienne, where sunlight danced across waters and architecture of Hôtel de Sullly stood majestically, reflecting off glass panes of riverfront cafes, beneath willows swishing gently into breeze carrying soft seraphic music from street performers nearby.

Every step revealed new layers connection between Evan and Emilie: from discussing artistic movements and history of famous landmarks, all while exploring cobblestone streets and hidden passageways of City of Love, as locals affectionately call it. On fifth day, Evan knew that leaving soon wouldn't be easy, but hoped that perhaps someday soon, Emilie might consider joining him on another journey, somewhere across globe, or perhaps right here, amidst beauty & romance of City that had captured both of their hearts<|eot_id|>",99.01961088180542,adaptive,hugging-quants/Meta-Llama-3.1-70B-Instruct-AWQ-INT4,523.6499216556549
9,"Write a 250-word story about Evan, an American tourist, who falls for Emilie, a barista, during a spring festival in Paris. They bond over their love for Claude Monet's 'Impression, Sunrise' and the Hotel de Sully's architecture, leading to walks along the Seine. Their connection deepens amid shared laughter and explorations of Le Marais:","Evan stammered as he ordered his café au lait at Café de Sully, where he had ducked inside from spring showers that were dowsed over Le Square Georges Cain, but it was not just French pronunciation that left him lost for words; behind counter stood an enchanting young woman. ""Bonjour,"" she said, her smile radiant as a ray of sunlight after rain. Her name tag read Emilie and as Evan collected his drink he asked her, ""What's your favorite part of living in Le Marais?"" 

Emilie's bright blue eyes sparkled when she mentioned Impression, Sunrise by Claud Monét - a painting that captured light and color of a misty harbor morning. It so happens Evan too admired that painting and they struck a conversation that span across several visits. On one of those days while sipping his drink on sidewalk tables facing historic Hôtel de Sully building - a stunning example of renaissance architecture - their discussion turned towards beauty hidden within architectural designs.

Their mutual appreciation blossomed as did trees along riverbank promenades. Soon strolls along La Sienne became a ritual. Rain or shine. Their connection grew amid chuckles and discoveries of Le Mari's secrets. There's something special about sharing a new experience, and a new friend - perhaps it's what makes life feel so vibrant. The City of Light had never felt brighter; Evan knew his chance encounter with Emilie had changed the course of this journey - and possibly many more yet to come.<|eot_id|>",99.59349036216736,adaptive,hugging-quants/Meta-Llama-3.1-70B-Instruct-AWQ-INT4,420.8238003253937
10,"Write a 250-word story about Evan, an American tourist, who falls for Emilie, a barista, during a spring festival in Paris. They bond over their love for Claude Monet's 'Impression, Sunrise' and the Hotel de Sully's architecture, leading to walks along the Seine. Their connection deepens amid shared laughter and explorations of Le Marais. As the festival lights dance on the river, Evan shares his feelings with Emilie under the starlit sky, promising to cherish the moments they've shared:","Evan stilled his camera, mesmerizingly caught by Emill's smile as she handed him his café au lait at Le Comédien, where he had ducked from spring showers at Place des Arts-forains.

""You're an art lover?"" Emil said softly while wiping down the counter, nodding toward his Impression, Sunrise t-shirt, ""I adore that painting. It captures light and beauty.""

Evan beamed, sensing a connection. ""Exactly! The play of colors and light... I could stare for hours."" 

They chatted on, exchanging thoughts on art and architecture until Evan mentioned his fascination with Hôtel Suly, nearby. Emil laughed. ""You should see it lit up tonight, after sundown; it transforms!""

The evening found them walking along La Seine, watching street performers. Evan felt drawn to her infectious laugh, her passion for art and history. He showed her his photographs of Le Marais, pointing out architectural gems. She introduced him to local markets, sharing stories behind each artisan. Their steps harmonized, so did their smiles.

As stars appeared, they stopped near Notre Dame. Evan turned, his voice low. ""Emilie, I feel something special here. I promise, even when I am gone, your city will stay within me, and you... you'll remain eternally beautiful in my heart."" Emil smiled, her cheeks flushed. They sealed the moment, hands clasped, hearts beating as one under the starlit sky.<|eot_id|>",99.58333969116211,adaptive,hugging-quants/Meta-Llama-3.1-70B-Instruct-AWQ-INT4,461.3198342323303
