entropy,text,zscore,watermarking_scheme,model,time
1,"As I stepped off the train and onto the bustling platform, I couldn't help but feel a sense of relief wash over me. I had finally made it to Paris, the city of love and light, for my summer vacation. I had been dreaming of strolling along the Seine, indulging in croissants and cheese, and exploring the world-renowned art museums.

As I made my way through the crowded station, I noticed a small café tucked away in a corner. The aroma of freshly brewed coffee wafted out, enticing me to come inside. I took a seat at a small table by the window and ordered a café au lait and a flaky pastry.

As I waited for my drink, I pulled out my map and began to plan out my day. I had a list of must-see attractions, from the Eiffel Tower to the Louvre, but I wanted to start with something a little more off the beaten path.

The barista, a charming French woman with a warm smile, returned with my drink and struck up a conversation. ""Welcome to Paris, mademoiselle! What brings you to our beautiful city?"" I shared my plans with her, and she nodded knowingly. ""You must see the Musée Rodin,"" she said. ""It's a hidden gem, tucked away in a beautiful garden. You'll love it.""

I thanked her and set off in the direction of the museum. As I strolled through the gardens, taking in the serene atmosphere and stunning sculptures, I felt grateful for the chance encounter with the barista. Sometimes, it's the unexpected moments that make a trip truly unforgettable.",4.596275503382495,umd,hugging-quants/Meta-Llama-3.1-70B-Instruct-AWQ-INT4,32.26120400428772
2,"As I strolled along the Seine, the Eiffel Tower rose majestically above the city, its iron latticework glowing golden in the fading light of day. I had always dreamed of visiting Paris, and now, as a personal assistant to a busy entrepreneur, I had the chance to experience the City of Light firsthand.

My boss, Madame Dupont, was a renowned fashion designer, and I had accompanied her to Paris for Fashion Week. After a whirlwind day of meetings and shows, she had given me the evening off to explore. I had spent hours wandering the charming streets of Montmartre, taking in the street performers and artists, and sampling the local cuisine.

As I turned a corner, I stumbled upon a quaint little café, its tables spilling out onto the sidewalk. I settled in at a small table, ordering a café au lait and a croissant. As I sat, watching the world go by, a young artist approached me, sketchbook in hand. ""May I draw you, mademoiselle?"" he asked, his eyes sparkling with creativity. I agreed, and he set to work, capturing the essence of the city and its beauty.

As the stars began to twinkle above, I thanked the artist and continued my stroll, feeling the magic of Paris settling deep within me. I couldn't wait to share my experiences with Madame Dupont, and to see what the rest of our time in this enchanting city had in store.",3.5795716689756794,umd,hugging-quants/Meta-Llama-3.1-70B-Instruct-AWQ-INT4,27.894336938858032
3,"Evan's eyes wandered across the charming streets of Montmartre, taking in the vibrant colors and lively atmosphere of the Parisian neighborhood. As a young artist, he had always been drawn to the city's bohemian spirit, and he felt most at home amidst the winding alleys and charming cafes. That's where he saw her – Emilie, with her bright smile and effortless elegance, sipping a coffee at a quaint sidewalk bistro.

For a few moments, Evan simply watched her, mesmerized by the way the morning light danced in her dark hair. Then, mustering up his courage, he walked over and introduced himself. Emilie, it turned out, was a writer, working on her first novel in the city's inspiring surroundings. As they talked, Evan found himself captivated by her quick wit, her passion for storytelling, and her infectious laughter.

Before he knew it, the morning had slipped away, and the sun was high in the sky. Evan asked Emilie to join him for a walk along the Seine, and to his delight, she agreed. As they strolled hand in hand, taking in the city's majestic beauty, Evan realized he was falling deeply for this charming French woman. The Eiffel Tower rose above them, a symbol of the city's timeless romance, and Evan felt his heart soar. For the first time in his life, he felt like he was exactly where he was meant to be – with Emilie, in the city of love.",4.078843426312125,umd,hugging-quants/Meta-Llama-3.1-70B-Instruct-AWQ-INT4,28.213237285614014
4,"Evan strolled along the charming streets of Montmartre, taking in the sights and sounds of the city. As he turned a corner, the aroma of freshly brewed coffee wafted out of a quaint café, drawing him in. Inside, he was immediately struck by the barista's warm smile. Emilie, with her bright blue eyes and curly brown hair, was a vision of loveliness. As she crafted his café au lait, they exchanged pleasantries, and Evan found himself lingering, reluctant to leave her charming presence.

For the next few days, Evan returned to the café, each time ordering the same drink and engaging in conversation with Emilie. They discovered a shared love of art, music, and French cinema. As their chats grew longer, Evan learned about Emilie's passion for painting and her dreams of exhibiting her work. He found himself captivated by her creativity and joie de vivre.

As the days passed, their conversations turned from casual to meaningful. Emilie introduced Evan to the city's hidden gems, and he showed her the American perspective on art and culture. One evening, as they strolled along the Seine, Evan realized he had fallen for the charming barista. As they paused at a picturesque bridge, Emilie turned to him and smiled, her eyes sparkling with affection. Evan's heart skipped a beat as he took her hand, and they shared a romantic kiss under the City of Light's twinkling stars. Their whirlwind romance had only just begun, but Evan knew he'd found someone special in the charming streets of Paris.",2.511655074836764,umd,hugging-quants/Meta-Llama-3.1-70B-Instruct-AWQ-INT4,29.979891300201416
5,"Evan, a curious and adventurous American tourist, strolled through the vibrant streets of Paris during the spring festival, taking in the sights and sounds of the city. As he turned a corner, the aroma of freshly brewed coffee wafted through the air, drawing him to a charming café. Inside, he was greeted by Emilie, a bright-eyed and charming barista with a warm smile.

As Evan ordered a café au lait, their eyes met, and he felt an instant spark. Emilie, with her effortless elegance and charming accent, captivated him. They exchanged pleasantries, and Evan found himself lingering at the counter, savoring not only his coffee but also the delightful conversation.

As the day unfolded, Evan returned to the café, each time ordering a different drink, just to catch a glimpse of Emilie. She, too, seemed to look forward to his visits, sharing stories about the city's hidden gems and recommending the best croissants. Their conversations flowed easily, like the Seine River, and Evan discovered they shared a passion for art, history, and French cinema.

As the spring festival reached its peak, Evan and Emilie strolled together through the streets, taking in the music, dancing, and laughter. Under the twinkling lights of the Eiffel Tower, they shared their first kiss, the city's magic infusing their blossoming romance. As the night drew to a close, Evan knew he had found something special in Emilie – a love that would transcend borders and time zones. And as they parted ways, he couldn't wait to see what the future held for their whirlwind romance.",3.342779408542265,umd,hugging-quants/Meta-Llama-3.1-70B-Instruct-AWQ-INT4,31.056071043014526
6,"As the spring festival in Paris came alive with vibrant colors and lively music, Evan, an American tourist, wandered through the bustling streets, taking in the sights and sounds. He stumbled upon a quaint café, where the aroma of freshly brewed coffee drew him in. That's where he met Emilie, the charming barista with a bright smile and sparkling eyes.

As Evan ordered a café au lait, Emilie asked about his interests. They quickly discovered a shared passion for art and architecture. She recommended the Musée d'Orsay and the Louvre, while he shared stories of his favorite artists, Monet and Van Gogh. Their conversation flowed effortlessly, like the Seine River that ran through the city.

As the days passed, Evan found himself returning to the café, not just for the excellent coffee, but to see Emilie. They would steal glances at each other, exchanging smiles and laughter. One afternoon, she invited him to take a walk along the Seine, pointing out hidden gems and sharing stories about the city's history. As they strolled, the Eiffel Tower rose above them, its iron latticework glowing golden in the sunlight.

Evan was enchanted by Emilie's joie de vivre and her love for the city. She, too, was captivated by his adventurous spirit and appreciation for the arts. As the spring festival drew to a close, they found themselves lost in conversation, their feet carrying them along the winding riverbanks. With every step, their connection grew stronger, like the city's famous bridges that spanned the Seine, connecting two souls from different worlds.",5.835107955169711,umd,hugging-quants/Meta-Llama-3.1-70B-Instruct-AWQ-INT4,30.86873698234558
7,"Evan's eyes wandered over the vibrant stalls of the spring festival in Paris, taking in the sweet scents of blooming flowers and freshly baked croissants. As he waited in line for a coffee, he noticed a barista with a bright smile and sparkling eyes, expertly crafting a design on a customer's latte. Her name tag read ""Emilie."" Evan's curiosity got the better of him, and he struck up a conversation, asking about her favorite aspect of the festival.

As they chatted, Evan discovered Emilie's passion for Claude Monet's impressionist art and the city's architectural masterpieces. They geeked out over the artist's depictions of the Seine, and Emilie shared her favorite spots to admire the river. As the line dissipated, Emilie offered Evan a free coffee, and he accepted, lingering by the stall.

The following day, Evan found himself back at the coffee stand, this time intentionally seeking out Emilie. She suggested a walk along the Seine, pointing out hidden gems and sharing stories about the city's history. As they strolled, the spring sunlight casting a golden glow over the water, Evan felt an undeniable connection with Emilie. They laughed and discovered shared interests, from the intricate bridges to the majestic Notre-Dame. As the sun dipped below the horizon, Emilie turned to Evan and said, ""Je t'aime cette ville, n'est-ce pas?"" (I love this city, don't you?). Evan's heart skipped a beat as he smiled, knowing he was falling for the charming barista, and the city, all at once.",3.9634695544548983,umd,hugging-quants/Meta-Llama-3.1-70B-Instruct-AWQ-INT4,30.931349277496338
8,"Evan strolled through the vibrant streets of Paris, taking in the sights and sounds of the spring festival. As he waited in line at a charming café, he couldn't help but notice the barista, Emilie, with her bright smile and sparkling eyes. As he ordered his coffee, their conversation flowed easily, and he discovered they shared a passion for art.

Evan's eyes lit up when he saw the print of Claude Monet's ""Impression, Sunrise"" on the café wall. ""I love that painting!"" he exclaimed. Emilie's face lit up in response, ""Moi aussi! It's one of my favorites too. There's something about the way Monet captures the light that's just magical."" Evan was smitten, not just with the art, but with Emilie's infectious enthusiasm.

As they chatted, Evan learned that Emilie was an architecture student, fascinated by the intricate details of the Hotel de Sully. ""I love how the Renaissance-era building seems to blend seamlessly into the modern cityscape,"" she said. Evan shared her admiration, and before he knew it, they were strolling along the Seine, taking in the city's majestic views.

As they walked, their conversation flowed like the river itself. They discovered shared interests and laughed together, the spring sunshine casting a warm glow over their budding connection. With each step, Evan felt himself falling for Emilie's charming smile and quick wit. As the day drew to a close, Evan asked Emilie if she'd like to meet him again the next day, and to his delight, she agreed. Their whirlwind romance had only just begun, with the City of Light as their enchanting backdrop.",2.5879865568825218,umd,hugging-quants/Meta-Llama-3.1-70B-Instruct-AWQ-INT4,32.255467891693115
9,"As the spring festival in Paris unfolded, Evan, an American tourist, wandered through the vibrant streets, taking in the sights and sounds. That's when he stumbled upon a quaint café in Le Marais, where he was captivated by Emilie, the charming barista. Her bright smile and effortless charm drew him in, and he found himself lingering over his coffee, mustering the courage to strike up a conversation.

Their connection was instant, sparked by a shared passion for Claude Monet's 'Impression, Sunrise.' Emilie, an art student, was delighted to discover Evan's fascination with the painting's soft, dreamy light. As they chatted, they strolled outside, admiring the Hotel de Sully's elegant architecture. The ornate façade and tranquil courtyard sparked a lively discussion, and before long, they were lost in conversation, strolling along the Seine.

As the days passed, Evan and Emilie's connection deepened. They laughed together, sharing stories and exploring the winding streets of Le Marais. They discovered hidden gems, from charming boutiques to quaint cafes, and with each new find, their bond grew stronger. As they strolled hand-in-hand, the city's magic infused their romance. With every sunset, their love continued to unfold, much like the vibrant colors of Monet's masterpiece. As the festival drew to a close, Evan and Emilie both knew their chance encounter had blossomed into something extraordinary. As they stood on the Seine's banks, watching the stars twinkle to life, they shared a kiss, the City of Light sparkling around them.",4.271191510934265,umd,hugging-quants/Meta-Llama-3.1-70B-Instruct-AWQ-INT4,30.558379650115967
10,"Evan's eyes met Emilie's as he waited in line at a charming café in the heart of Le Marais. She expertly crafted his coffee, and their conversation flowed as smoothly as the rich aroma of freshly brewed coffee. As they chatted, Evan discovered Emilie's passion for Claude Monet's 'Impression, Sunrise,' a painting that had captivated him since art school. Their shared enthusiasm sparked a connection, and before he knew it, they were strolling along the Seine, taking in the vibrant colors of the spring festival.

As they walked, Emilie pointed out the elegant architecture of the Hotel de Sully, and Evan found himself captivated by her knowledge and beauty. Laughter and conversation flowed easily, and before long, they were inseparable. They explored the winding streets of Le Marais, discovering hidden gems and sharing stories. As the festival lights danced on the river, Evan realized his feelings for Emilie went beyond friendship.

Under the starlit sky, with the Seine glimmering below, Evan took Emilie's hand and confessed his feelings. ""I don't want this night to end,"" he said, his voice filled with emotion. ""I promise to cherish every moment we've shared, from our coffee shop meeting to our strolls along the Seine."" Emilie's eyes sparkled, and she smiled, her heart full of joy. As the city's magic enveloped them, Evan and Emilie shared a tender kiss, the spring festival lights twinkling in celebration of their newfound love.",4.6423358399928425,umd,hugging-quants/Meta-Llama-3.1-70B-Instruct-AWQ-INT4,29.567672729492188
